{"nodes": [{"id": "val_00023827", "group": 1.0, "part": 1, "shape": "circle"}, {"id": "val_00009576", "group": 1.0, "part": 1, "shape": "circle"}, {"id": "val_00015730", "group": 1.0, "part": 1, "shape": "circle"}, {"id": "Pekinese", "group": 4.0, "part": 1, "shape": "circle"}, {"id": "val_00020926", "group": 1.0, "part": 0, "shape": "circle"}, {"id": "Japanese_spaniel", "group": 4.0, "part": 0, "shape": "circle"}, {"id": "val_00043776", "group": 1.0, "part": 0, "shape": "circle"}, {"id": "val_00001389", "group": 1.0, "part": 0, "shape": "circle"}], "links": [{"source": "Japanese_spaniel", "target": "val_00001389"}, {"source": "Japanese_spaniel", "target": "val_00009576"}, {"source": "Japanese_spaniel", "target": "val_00015730"}, {"source": "Japanese_spaniel", "target": "val_00043776"}, {"source": "val_00001389", "target": "Pekinese"}, {"source": "val_00009576", "target": "Pekinese"}, {"source": "val_00015730", "target": "Pekinese"}, {"source": "val_00020926", "target": "Japanese_spaniel"}, {"source": "val_00020926", "target": "Pekinese"}, {"source": "val_00023827", "target": "Japanese_spaniel"}, {"source": "val_00023827", "target": "Pekinese"}, {"source": "val_00043776", "target": "Pekinese"}]}