{"nodes": [{"id": "crayfish", "group": 4.0, "part": 0, "shape": "circle"}, {"id": "val_00016531", "group": 1.0, "part": 0, "shape": "circle"}, {"id": "val_00023840", "group": 1.0, "part": 0, "shape": "circle"}, {"id": "val_00035169", "group": 1.0, "part": 0, "shape": "circle"}, {"id": "king_crab", "group": 4.0, "part": 0, "shape": "circle"}, {"id": "rotisserie", "group": 4.0, "part": 0, "shape": "circle"}, {"id": "pizza", "group": 4.0, "part": 0, "shape": "circle"}, {"id": "American_lobster", "group": 4.0, "part": 0, "shape": "circle"}, {"id": "Dungeness_crab", "group": 4.0, "part": 0, "shape": "circle"}, {"id": "val_00015691", "group": 1.0, "part": 0, "shape": "circle"}, {"id": "jigsaw_puzzle", "group": 4.0, "part": 0, "shape": "circle"}, {"id": "val_00037259", "group": 1.0, "part": 6, "shape": "circle"}, {"id": "bee", "group": 4.0, "part": 6, "shape": "circle"}, {"id": "val_00019842", "group": 1.0, "part": 6, "shape": "circle"}, {"id": "mousetrap", "group": 4.0, "part": 6, "shape": "circle"}, {"id": "val_00032916", "group": 1.0, "part": 6, "shape": "circle"}, {"id": "tarantula", "group": 4.0, "part": 6, "shape": "circle"}, {"id": "porcupine", "group": 4.0, "part": 6, "shape": "circle"}, {"id": "tailed_frog", "group": 4.0, "part": 6, "shape": "circle"}, {"id": "garden_spider", "group": 4.0, "part": 6, "shape": "circle"}, {"id": "spider_web", "group": 4.0, "part": 6, "shape": "circle"}, {"id": "tree_frog", "group": 4.0, "part": 6, "shape": "circle"}, {"id": "wolf_spider", "group": 4.0, "part": 6, "shape": "circle"}, {"id": "val_00002717", "group": 1.0, "part": 6, "shape": "circle"}, {"id": "green_lizard", "group": 4.0, "part": 1, "shape": "circle"}, {"id": "barn_spider", "group": 4.0, "part": 1, "shape": "circle"}, {"id": "cricket", "group": 4.0, "part": 1, "shape": "circle"}, {"id": "val_00012127", "group": 1.0, "part": 1, "shape": "circle"}, {"id": "worm_fence", "group": 4.0, "part": 1, "shape": "circle"}, {"id": "long-horned_beetle", "group": 4.0, "part": 1, "shape": "circle"}, {"id": "val_00046740", "group": 1.0, "part": 1, "shape": "circle"}, {"id": "harvestman", "group": 4.0, "part": 1, "shape": "circle"}, {"id": "American_chameleon", "group": 4.0, "part": 1, "shape": "circle"}, {"id": "val_00016227", "group": 1.0, "part": 1, "shape": "circle"}, {"id": "val_00029029", "group": 1.0, "part": 1, "shape": "circle"}, {"id": "val_00012674", "group": 1.0, "part": 4, "shape": "circle"}, {"id": "val_00030649", "group": 1.0, "part": 4, "shape": "circle"}, {"id": "leafhopper", "group": 4.0, "part": 4, "shape": "circle"}, {"id": "leaf_beetle", "group": 4.0, "part": 4, "shape": "circle"}, {"id": "snail", "group": 4.0, "part": 4, "shape": "circle"}, {"id": "mantis", "group": 4.0, "part": 4, "shape": "circle"}, {"id": "val_00017456", "group": 1.0, "part": 4, "shape": "circle"}, {"id": "rhinoceros_beetle", "group": 4.0, "part": 4, "shape": "circle"}, {"id": "black_widow", "group": 4.0, "part": 4, "shape": "circle"}, {"id": "earthstar", "group": 4.0, "part": 4, "shape": "circle"}, {"id": "ant", "group": 4.0, "part": 4, "shape": "circle"}, {"id": "val_00011688", "group": 1.0, "part": 2, "shape": "circle"}, {"id": "bullfrog", "group": 4.0, "part": 2, "shape": "circle"}, {"id": "common_newt", "group": 4.0, "part": 2, "shape": "circle"}, {"id": "val_00030918", "group": 1.0, "part": 2, "shape": "circle"}, {"id": "spotted_salamander", "group": 4.0, "part": 2, "shape": "circle"}, {"id": "ground_beetle", "group": 4.0, "part": 2, "shape": "circle"}, {"id": "scorpion", "group": 4.0, "part": 2, "shape": "circle"}, {"id": "eft", "group": 4.0, "part": 2, "shape": "circle"}, {"id": "val_00021776", "group": 1.0, "part": 2, "shape": "circle"}, {"id": "slug", "group": 4.0, "part": 2, "shape": "circle"}, {"id": "alligator_lizard", "group": 4.0, "part": 2, "shape": "circle"}, {"id": "val_00038449", "group": 1.0, "part": 2, "shape": "circle"}, {"id": "axolotl", "group": 4.0, "part": 2, "shape": "circle"}, {"id": "cockroach", "group": 4.0, "part": 5, "shape": "circle"}, {"id": "centipede", "group": 4.0, "part": 5, "shape": "circle"}, {"id": "val_00029812", "group": 1.0, "part": 5, "shape": "circle"}, {"id": "val_00043266", "group": 1.0, "part": 5, "shape": "circle"}, {"id": "weevil", "group": 4.0, "part": 5, "shape": "circle"}, {"id": "grasshopper", "group": 4.0, "part": 5, "shape": "circle"}, {"id": "val_00034370", "group": 1.0, "part": 5, "shape": "circle"}, {"id": "peacock", "group": 4.0, "part": 7, "shape": "circle"}, {"id": "lacewing", "group": 4.0, "part": 7, "shape": "circle"}, {"id": "fly", "group": 4.0, "part": 7, "shape": "circle"}, {"id": "eel", "group": 4.0, "part": 7, "shape": "circle"}, {"id": "val_00038818", "group": 1.0, "part": 7, "shape": "circle"}, {"id": "damselfly", "group": 4.0, "part": 7, "shape": "circle"}, {"id": "dugong", "group": 4.0, "part": 7, "shape": "circle"}, {"id": "val_00016665", "group": 1.0, "part": 7, "shape": "circle"}, {"id": "rock_crab", "group": 4.0, "part": 3, "shape": "circle"}, {"id": "val_00010904", "group": 1.0, "part": 3, "shape": "circle"}, {"id": "mud_turtle", "group": 4.0, "part": 3, "shape": "circle"}, {"id": "val_00002190", "group": 1.0, "part": 3, "shape": "circle"}, {"id": "val_00042251", "group": 1.0, "part": 3, "shape": "circle"}, {"id": "tick", "group": 4.0, "part": 3, "shape": "circle"}, {"id": "Rottweiler", "group": 4.0, "part": 3, "shape": "circle"}, {"id": "fiddler_crab", "group": 4.0, "part": 3, "shape": "circle"}, {"id": "hermit_crab", "group": 4.0, "part": 3, "shape": "circle"}, {"id": "val_00002923", "group": 1.0, "part": 3, "shape": "circle"}, {"id": "sea_cucumber", "group": 4.0, "part": 3, "shape": "circle"}, {"id": "puffer", "group": 4.0, "part": 3, "shape": "circle"}], "links": [{"source": "Dungeness_crab", "target": "val_00002923"}, {"source": "Dungeness_crab", "target": "val_00015691"}, {"source": "Rottweiler", "target": "val_00002923"}, {"source": "ant", "target": "val_00029029"}, {"source": "ant", "target": "val_00038449"}, {"source": "barn_spider", "target": "val_00002717"}, {"source": "barn_spider", "target": "val_00016227"}, {"source": "barn_spider", "target": "val_00029029"}, {"source": "bee", "target": "val_00019842"}, {"source": "centipede", "target": "val_00034370"}, {"source": "cockroach", "target": "val_00017456"}, {"source": "cockroach", "target": "val_00029812"}, {"source": "cockroach", "target": "val_00034370"}, {"source": "cockroach", "target": "val_00043266"}, {"source": "common_newt", "target": "val_00030918"}, {"source": "crayfish", "target": "val_00023840"}, {"source": "crayfish", "target": "val_00029812"}, {"source": "crayfish", "target": "val_00035169"}, {"source": "crayfish", "target": "val_00042251"}, {"source": "cricket", "target": "val_00029029"}, {"source": "cricket", "target": "val_00046740"}, {"source": "dugong", "target": "val_00016665"}, {"source": "eel", "target": "val_00016665"}, {"source": "eft", "target": "val_00038449"}, {"source": "fly", "target": "val_00038818"}, {"source": "garden_spider", "target": "val_00002717"}, {"source": "green_lizard", "target": "val_00012127"}, {"source": "green_lizard", "target": "val_00046740"}, {"source": "ground_beetle", "target": "val_00021776"}, {"source": "harvestman", "target": "val_00016227"}, {"source": "hermit_crab", "target": "val_00002923"}, {"source": "king_crab", "target": "val_00015691"}, {"source": "lacewing", "target": "val_00016665"}, {"source": "lacewing", "target": "val_00038818"}, {"source": "leafhopper", "target": "val_00043266"}, {"source": "long-horned_beetle", "target": "val_00029029"}, {"source": "long-horned_beetle", "target": "val_00038818"}, {"source": "peacock", "target": "val_00016665"}, {"source": "pizza", "target": "val_00015691"}, {"source": "porcupine", "target": "val_00002717"}, {"source": "rock_crab", "target": "val_00002190"}, {"source": "rock_crab", "target": "val_00002923"}, {"source": "rock_crab", "target": "val_00010904"}, {"source": "rock_crab", "target": "val_00021776"}, {"source": "rock_crab", "target": "val_00035169"}, {"source": "rock_crab", "target": "val_00042251"}, {"source": "scorpion", "target": "val_00021776"}, {"source": "scorpion", "target": "val_00034370"}, {"source": "slug", "target": "val_00038449"}, {"source": "spider_web", "target": "val_00002717"}, {"source": "spotted_salamander", "target": "val_00021776"}, {"source": "tick", "target": "val_00034370"}, {"source": "val_00002190", "target": "hermit_crab"}, {"source": "val_00002190", "target": "puffer"}, {"source": "val_00002190", "target": "sea_cucumber"}, {"source": "val_00010904", "target": "fiddler_crab"}, {"source": "val_00010904", "target": "hermit_crab"}, {"source": "val_00010904", "target": "mud_turtle"}, {"source": "val_00011688", "target": "alligator_lizard"}, {"source": "val_00011688", "target": "bullfrog"}, {"source": "val_00011688", "target": "common_newt"}, {"source": "val_00011688", "target": "slug"}, {"source": "val_00011688", "target": "tree_frog"}, {"source": "val_00012127", "target": "American_chameleon"}, {"source": "val_00012127", "target": "worm_fence"}, {"source": "val_00012674", "target": "ant"}, {"source": "val_00012674", "target": "earthstar"}, {"source": "val_00012674", "target": "hermit_crab"}, {"source": "val_00012674", "target": "snail"}, {"source": "val_00016531", "target": "Dungeness_crab"}, {"source": "val_00016531", "target": "jigsaw_puzzle"}, {"source": "val_00016531", "target": "king_crab"}, {"source": "val_00017456", "target": "ant"}, {"source": "val_00017456", "target": "black_widow"}, {"source": "val_00017456", "target": "rhinoceros_beetle"}, {"source": "val_00019842", "target": "fly"}, {"source": "val_00019842", "target": "mousetrap"}, {"source": "val_00019842", "target": "spider_web"}, {"source": "val_00023840", "target": "Dungeness_crab"}, {"source": "val_00023840", "target": "jigsaw_puzzle"}, {"source": "val_00023840", "target": "king_crab"}, {"source": "val_00023840", "target": "rotisserie"}, {"source": "val_00030649", "target": "ant"}, {"source": "val_00030649", "target": "leaf_beetle"}, {"source": "val_00030649", "target": "leafhopper"}, {"source": "val_00030649", "target": "mantis"}, {"source": "val_00030649", "target": "spider_web"}, {"source": "val_00030918", "target": "alligator_lizard"}, {"source": "val_00030918", "target": "axolotl"}, {"source": "val_00030918", "target": "spotted_salamander"}, {"source": "val_00032916", "target": "garden_spider"}, {"source": "val_00032916", "target": "spider_web"}, {"source": "val_00032916", "target": "tailed_frog"}, {"source": "val_00032916", "target": "tree_frog"}, {"source": "val_00032916", "target": "wolf_spider"}, {"source": "val_00035169", "target": "American_lobster"}, {"source": "val_00035169", "target": "Dungeness_crab"}, {"source": "val_00035169", "target": "king_crab"}, {"source": "val_00037259", "target": "fiddler_crab"}, {"source": "val_00037259", "target": "spider_web"}, {"source": "val_00037259", "target": "tarantula"}, {"source": "val_00037259", "target": "wolf_spider"}, {"source": "val_00038818", "target": "damselfly"}, {"source": "val_00042251", "target": "fiddler_crab"}, {"source": "val_00042251", "target": "hermit_crab"}, {"source": "val_00042251", "target": "tick"}, {"source": "val_00043266", "target": "fly"}, {"source": "val_00043266", "target": "grasshopper"}, {"source": "val_00043266", "target": "weevil"}, {"source": "val_00046740", "target": "American_chameleon"}, {"source": "val_00046740", "target": "grasshopper"}, {"source": "val_00046740", "target": "tree_frog"}, {"source": "weevil", "target": "val_00034370"}, {"source": "wolf_spider", "target": "val_00002717"}, {"source": "wolf_spider", "target": "val_00029029"}]}