{"nodes": [{"id": "val_00004154", "group": 1.0, "part": 0, "shape": "circle"}, {"id": "val_00009284", "group": 1.0, "part": 0, "shape": "circle"}, {"id": "val_00033304", "group": 1.0, "part": 0, "shape": "circle"}, {"id": "rotisserie", "group": 4.0, "part": 0, "shape": "circle"}, {"id": "val_00010756", "group": 1.0, "part": 0, "shape": "circle"}, {"id": "val_00041349", "group": 1.0, "part": 0, "shape": "circle"}], "links": [{"source": "rotisserie", "target": "val_00010756"}, {"source": "rotisserie", "target": "val_00041349"}, {"source": "val_00004154", "target": "rotisserie"}, {"source": "val_00009284", "target": "rotisserie"}, {"source": "val_00033304", "target": "rotisserie"}]}