{"grocery_store": "/img/None", "val_00005729": "/img/ILSVRC2012_val_00005729.JPEG", "val_00036377": "/img/ILSVRC2012_val_00036377.JPEG", "val_00032357": "/img/ILSVRC2012_val_00032357.JPEG", "cleaver": "/img/None", "val_00033326": "/img/ILSVRC2012_val_00033326.JPEG", "val_00037430": "/img/ILSVRC2012_val_00037430.JPEG", "val_00027097": "/img/ILSVRC2012_val_00027097.JPEG", "val_00021162": "/img/ILSVRC2012_val_00021162.JPEG", "butcher_shop": "/img/None", "val_00023166": "/img/ILSVRC2012_val_00023166.JPEG", "val_00009369": "/img/ILSVRC2012_val_00009369.JPEG"}