{"fire_screen": "/img/None", "val_00022750": "/img/ILSVRC2012_val_00022750.JPEG", "val_00049415": "/img/ILSVRC2012_val_00049415.JPEG", "val_00041691": "/img/ILSVRC2012_val_00041691.JPEG", "val_00039255": "/img/ILSVRC2012_val_00039255.JPEG", "val_00035963": "/img/ILSVRC2012_val_00035963.JPEG", "space_heater": "/img/None", "val_00018235": "/img/ILSVRC2012_val_00018235.JPEG", "val_00046737": "/img/ILSVRC2012_val_00046737.JPEG", "val_00005108": "/img/ILSVRC2012_val_00005108.JPEG", "val_00011132": "/img/ILSVRC2012_val_00011132.JPEG", "radiator": "/img/None", "val_00027845": "/img/ILSVRC2012_val_00027845.JPEG", "val_00040031": "/img/ILSVRC2012_val_00040031.JPEG"}