{"nodes": [{"id": "val_00000423", "group": 1.0, "part": 0, "shape": "circle"}, {"id": "val_00033436", "group": 1.0, "part": 0, "shape": "circle"}, {"id": "val_00019317", "group": 1.0, "part": 0, "shape": "circle"}, {"id": "bell_pepper", "group": 4.0, "part": 0, "shape": "circle"}, {"id": "val_00023223", "group": 1.0, "part": 0, "shape": "circle"}], "links": [{"source": "bell_pepper", "target": "val_00023223"}, {"source": "val_00000423", "target": "bell_pepper"}, {"source": "val_00019317", "target": "bell_pepper"}, {"source": "val_00033436", "target": "bell_pepper"}]}