{"val_00006296": "/img/ILSVRC2012_val_00006296.JPEG", "val_00016956": "/img/ILSVRC2012_val_00016956.JPEG", "val_00019948": "/img/ILSVRC2012_val_00019948.JPEG", "val_00019670": "/img/ILSVRC2012_val_00019670.JPEG", "shoe_shop": "/img/None", "val_00004798": "/img/ILSVRC2012_val_00004798.JPEG", "val_00007876": "/img/ILSVRC2012_val_00007876.JPEG", "buckle": "/img/None", "val_00007920": "/img/ILSVRC2012_val_00007920.JPEG", "val_00024814": "/img/ILSVRC2012_val_00024814.JPEG", "val_00014900": "/img/ILSVRC2012_val_00014900.JPEG", "clog": "/img/None", "val_00028994": "/img/ILSVRC2012_val_00028994.JPEG", "val_00005793": "/img/ILSVRC2012_val_00005793.JPEG", "val_00015640": "/img/ILSVRC2012_val_00015640.JPEG", "val_00047526": "/img/ILSVRC2012_val_00047526.JPEG", "val_00001500": "/img/ILSVRC2012_val_00001500.JPEG"}