{"nodes": [{"id": "mortar", "group": 4.0, "part": 0, "shape": "circle"}, {"id": "val_00010774", "group": 1.0, "part": 0, "shape": "circle"}, {"id": "toilet_seat", "group": 4.0, "part": 0, "shape": "circle"}, {"id": "val_00011939", "group": 1.0, "part": 1, "shape": "circle"}, {"id": "plunger", "group": 4.0, "part": 1, "shape": "circle"}, {"id": "dumbbell", "group": 4.0, "part": 1, "shape": "circle"}, {"id": "punching_bag", "group": 4.0, "part": 1, "shape": "circle"}, {"id": "val_00005233", "group": 1.0, "part": 1, "shape": "circle"}], "links": [{"source": "dumbbell", "target": "val_00005233"}, {"source": "mortar", "target": "val_00010774"}, {"source": "plunger", "target": "val_00005233"}, {"source": "plunger", "target": "val_00010774"}, {"source": "val_00010774", "target": "toilet_seat"}, {"source": "val_00011939", "target": "dumbbell"}, {"source": "val_00011939", "target": "plunger"}, {"source": "val_00011939", "target": "punching_bag"}]}