{"nodes": [{"id": "val_00031615", "group": 1.0, "part": 0, "shape": "circle"}, {"id": "val_00016767", "group": 1.0, "part": 0, "shape": "circle"}, {"id": "val_00011607", "group": 1.0, "part": 0, "shape": "circle"}, {"id": "val_00014027", "group": 1.0, "part": 0, "shape": "circle"}, {"id": "stupa", "group": 4.0, "part": 0, "shape": "circle"}, {"id": "val_00038331", "group": 1.0, "part": 1, "shape": "circle"}, {"id": "val_00017829", "group": 1.0, "part": 1, "shape": "circle"}, {"id": "val_00006640", "group": 1.0, "part": 1, "shape": "circle"}, {"id": "palace", "group": 4.0, "part": 1, "shape": "circle"}, {"id": "val_00023470", "group": 1.0, "part": 1, "shape": "circle"}, {"id": "castle", "group": 4.0, "part": 2, "shape": "circle"}, {"id": "val_00022667", "group": 1.0, "part": 2, "shape": "circle"}, {"id": "val_00014642", "group": 1.0, "part": 2, "shape": "circle"}, {"id": "val_00016832", "group": 1.0, "part": 2, "shape": "circle"}, {"id": "val_00006355", "group": 1.0, "part": 2, "shape": "circle"}, {"id": "val_00041354", "group": 1.0, "part": 2, "shape": "circle"}, {"id": "monastery", "group": 4.0, "part": 2, "shape": "circle"}, {"id": "val_00043029", "group": 1.0, "part": 2, "shape": "circle"}, {"id": "val_00031106", "group": 1.0, "part": 2, "shape": "circle"}, {"id": "val_00005338", "group": 1.0, "part": 2, "shape": "circle"}, {"id": "val_00019214", "group": 1.0, "part": 2, "shape": "circle"}], "links": [{"source": "castle", "target": "val_00005338"}, {"source": "castle", "target": "val_00006355"}, {"source": "castle", "target": "val_00006640"}, {"source": "castle", "target": "val_00014642"}, {"source": "castle", "target": "val_00016832"}, {"source": "castle", "target": "val_00017829"}, {"source": "castle", "target": "val_00019214"}, {"source": "castle", "target": "val_00031106"}, {"source": "castle", "target": "val_00041354"}, {"source": "castle", "target": "val_00043029"}, {"source": "monastery", "target": "val_00005338"}, {"source": "monastery", "target": "val_00019214"}, {"source": "monastery", "target": "val_00031106"}, {"source": "monastery", "target": "val_00043029"}, {"source": "palace", "target": "val_00005338"}, {"source": "palace", "target": "val_00019214"}, {"source": "palace", "target": "val_00023470"}, {"source": "palace", "target": "val_00043029"}, {"source": "val_00006355", "target": "palace"}, {"source": "val_00006640", "target": "monastery"}, {"source": "val_00006640", "target": "palace"}, {"source": "val_00011607", "target": "monastery"}, {"source": "val_00011607", "target": "palace"}, {"source": "val_00011607", "target": "stupa"}, {"source": "val_00014027", "target": "stupa"}, {"source": "val_00014642", "target": "monastery"}, {"source": "val_00014642", "target": "palace"}, {"source": "val_00016767", "target": "monastery"}, {"source": "val_00016767", "target": "palace"}, {"source": "val_00016767", "target": "stupa"}, {"source": "val_00016832", "target": "monastery"}, {"source": "val_00017829", "target": "monastery"}, {"source": "val_00017829", "target": "palace"}, {"source": "val_00022667", "target": "monastery"}, {"source": "val_00022667", "target": "palace"}, {"source": "val_00023470", "target": "monastery"}, {"source": "val_00031615", "target": "monastery"}, {"source": "val_00031615", "target": "palace"}, {"source": "val_00031615", "target": "stupa"}, {"source": "val_00038331", "target": "palace"}, {"source": "val_00041354", "target": "monastery"}, {"source": "val_00041354", "target": "palace"}]}