{"nodes": [{"id": "val_00007270", "group": 1.0, "part": 0, "shape": "circle"}, {"id": "val_00038560", "group": 1.0, "part": 0, "shape": "circle"}, {"id": "val_00032509", "group": 1.0, "part": 0, "shape": "circle"}, {"id": "val_00009689", "group": 1.0, "part": 0, "shape": "circle"}, {"id": "val_00022650", "group": 1.0, "part": 0, "shape": "circle"}, {"id": "printer", "group": 4.0, "part": 0, "shape": "circle"}, {"id": "val_00038222", "group": 1.0, "part": 0, "shape": "circle"}], "links": [{"source": "printer", "target": "val_00038222"}, {"source": "val_00007270", "target": "printer"}, {"source": "val_00009689", "target": "printer"}, {"source": "val_00022650", "target": "printer"}, {"source": "val_00032509", "target": "printer"}, {"source": "val_00038560", "target": "printer"}]}