{"nodes": [{"id": "miniature_schnauzer", "group": 4.0, "part": 0, "shape": "circle"}, {"id": "val_00032381", "group": 1.0, "part": 0, "shape": "circle"}, {"id": "val_00028135", "group": 1.0, "part": 0, "shape": "circle"}, {"id": "val_00028518", "group": 1.0, "part": 0, "shape": "circle"}, {"id": "val_00018881", "group": 1.0, "part": 0, "shape": "circle"}, {"id": "val_00023774", "group": 1.0, "part": 0, "shape": "circle"}, {"id": "val_00025606", "group": 1.0, "part": 1, "shape": "circle"}, {"id": "val_00038992", "group": 1.0, "part": 1, "shape": "circle"}, {"id": "val_00047084", "group": 1.0, "part": 1, "shape": "circle"}, {"id": "val_00014477", "group": 1.0, "part": 1, "shape": "circle"}, {"id": "standard_schnauzer", "group": 4.0, "part": 1, "shape": "circle"}, {"id": "val_00007388", "group": 1.0, "part": 1, "shape": "circle"}], "links": [{"source": "miniature_schnauzer", "target": "val_00007388"}, {"source": "miniature_schnauzer", "target": "val_00014477"}, {"source": "miniature_schnauzer", "target": "val_00018881"}, {"source": "miniature_schnauzer", "target": "val_00023774"}, {"source": "miniature_schnauzer", "target": "val_00025606"}, {"source": "miniature_schnauzer", "target": "val_00028135"}, {"source": "miniature_schnauzer", "target": "val_00028518"}, {"source": "miniature_schnauzer", "target": "val_00032381"}, {"source": "miniature_schnauzer", "target": "val_00038992"}, {"source": "miniature_schnauzer", "target": "val_00047084"}, {"source": "standard_schnauzer", "target": "val_00007388"}, {"source": "standard_schnauzer", "target": "val_00018881"}, {"source": "standard_schnauzer", "target": "val_00023774"}, {"source": "val_00014477", "target": "standard_schnauzer"}, {"source": "val_00025606", "target": "standard_schnauzer"}, {"source": "val_00028135", "target": "standard_schnauzer"}, {"source": "val_00028518", "target": "standard_schnauzer"}, {"source": "val_00032381", "target": "standard_schnauzer"}, {"source": "val_00038992", "target": "standard_schnauzer"}, {"source": "val_00047084", "target": "standard_schnauzer"}]}