{"val_00035906": "/img/ILSVRC2012_val_00035906.JPEG", "val_00044239": "/img/ILSVRC2012_val_00044239.JPEG", "harvester": "/img/None", "tractor": "/img/None", "val_00039830": "/img/ILSVRC2012_val_00039830.JPEG", "val_00046012": "/img/ILSVRC2012_val_00046012.JPEG", "val_00028608": "/img/ILSVRC2012_val_00028608.JPEG", "val_00042081": "/img/ILSVRC2012_val_00042081.JPEG", "val_00014167": "/img/ILSVRC2012_val_00014167.JPEG", "val_00007544": "/img/ILSVRC2012_val_00007544.JPEG", "val_00012970": "/img/ILSVRC2012_val_00012970.JPEG", "val_00048862": "/img/ILSVRC2012_val_00048862.JPEG", "thresher": "/img/None", "val_00035513": "/img/ILSVRC2012_val_00035513.JPEG", "val_00036517": "/img/ILSVRC2012_val_00036517.JPEG"}