{"nodes": [{"id": "val_00008633", "group": 1.0, "part": 0, "shape": "circle"}, {"id": "val_00042642", "group": 1.0, "part": 0, "shape": "circle"}, {"id": "val_00014810", "group": 1.0, "part": 0, "shape": "circle"}, {"id": "Norwich_terrier", "group": 4.0, "part": 0, "shape": "circle"}, {"id": "val_00019327", "group": 1.0, "part": 0, "shape": "circle"}], "links": [{"source": "Norwich_terrier", "target": "val_00019327"}, {"source": "val_00008633", "target": "Norwich_terrier"}, {"source": "val_00014810", "target": "Norwich_terrier"}, {"source": "val_00042642", "target": "Norwich_terrier"}]}