{"nodes": [{"id": "val_00014068", "group": 1.0, "part": 0, "shape": "circle"}, {"id": "hornbill", "group": 4.0, "part": 0, "shape": "circle"}, {"id": "val_00038476", "group": 1.0, "part": 0, "shape": "circle"}, {"id": "val_00037244", "group": 1.0, "part": 0, "shape": "circle"}, {"id": "val_00035274", "group": 1.0, "part": 1, "shape": "circle"}, {"id": "val_00044209", "group": 1.0, "part": 1, "shape": "circle"}, {"id": "val_00043635", "group": 1.0, "part": 1, "shape": "circle"}, {"id": "toucan", "group": 4.0, "part": 1, "shape": "circle"}], "links": [{"source": "hornbill", "target": "val_00037244"}, {"source": "hornbill", "target": "val_00038476"}, {"source": "val_00014068", "target": "hornbill"}, {"source": "val_00014068", "target": "toucan"}, {"source": "val_00035274", "target": "hornbill"}, {"source": "val_00035274", "target": "toucan"}, {"source": "val_00037244", "target": "toucan"}, {"source": "val_00038476", "target": "toucan"}, {"source": "val_00043635", "target": "hornbill"}, {"source": "val_00043635", "target": "toucan"}, {"source": "val_00044209", "target": "hornbill"}, {"source": "val_00044209", "target": "toucan"}]}