{"nodes": [{"id": "val_00046590", "group": 1.0, "part": 0, "shape": "circle"}, {"id": "squirrel_monkey", "group": 4.0, "part": 0, "shape": "circle"}, {"id": "val_00035493", "group": 1.0, "part": 1, "shape": "circle"}, {"id": "howler_monkey", "group": 4.0, "part": 1, "shape": "circle"}, {"id": "gibbon", "group": 4.0, "part": 1, "shape": "circle"}], "links": [{"source": "val_00035493", "target": "gibbon"}, {"source": "val_00035493", "target": "howler_monkey"}, {"source": "val_00035493", "target": "squirrel_monkey"}, {"source": "val_00046590", "target": "howler_monkey"}, {"source": "val_00046590", "target": "squirrel_monkey"}]}