{"nodes": [{"id": "val_00005446", "group": 1.0, "part": 0, "shape": "circle"}, {"id": "val_00013737", "group": 1.0, "part": 0, "shape": "circle"}, {"id": "val_00023615", "group": 1.0, "part": 0, "shape": "circle"}, {"id": "malamute", "group": 4.0, "part": 0, "shape": "circle"}, {"id": "val_00046768", "group": 1.0, "part": 0, "shape": "circle"}, {"id": "val_00030708", "group": 1.0, "part": 1, "shape": "circle"}, {"id": "val_00034263", "group": 1.0, "part": 1, "shape": "circle"}, {"id": "Siberian_husky", "group": 4.0, "part": 1, "shape": "circle"}, {"id": "val_00000178", "group": 1.0, "part": 1, "shape": "circle"}, {"id": "val_00006232", "group": 1.0, "part": 1, "shape": "circle"}], "links": [{"source": "Siberian_husky", "target": "val_00000178"}, {"source": "Siberian_husky", "target": "val_00006232"}, {"source": "malamute", "target": "val_00000178"}, {"source": "malamute", "target": "val_00006232"}, {"source": "malamute", "target": "val_00046768"}, {"source": "val_00005446", "target": "Siberian_husky"}, {"source": "val_00005446", "target": "malamute"}, {"source": "val_00013737", "target": "Siberian_husky"}, {"source": "val_00013737", "target": "malamute"}, {"source": "val_00023615", "target": "Siberian_husky"}, {"source": "val_00023615", "target": "malamute"}, {"source": "val_00030708", "target": "Siberian_husky"}, {"source": "val_00030708", "target": "malamute"}, {"source": "val_00034263", "target": "Siberian_husky"}, {"source": "val_00034263", "target": "malamute"}]}