{"nodes": [{"id": "val_00043182", "group": 1.0, "part": 0, "shape": "circle"}, {"id": "val_00016050", "group": 1.0, "part": 0, "shape": "circle"}, {"id": "val_00022112", "group": 1.0, "part": 0, "shape": "circle"}, {"id": "val_00020362", "group": 1.0, "part": 0, "shape": "circle"}, {"id": "val_00013052", "group": 1.0, "part": 0, "shape": "circle"}, {"id": "sloth_bear", "group": 4.0, "part": 0, "shape": "circle"}], "links": [{"source": "val_00013052", "target": "sloth_bear"}, {"source": "val_00016050", "target": "sloth_bear"}, {"source": "val_00020362", "target": "sloth_bear"}, {"source": "val_00022112", "target": "sloth_bear"}, {"source": "val_00043182", "target": "sloth_bear"}]}