{"nodes": [{"id": "val_00006672", "group": 1.0, "part": 0, "shape": "circle"}, {"id": "val_00020977", "group": 1.0, "part": 0, "shape": "circle"}, {"id": "pop_bottle", "group": 4.0, "part": 0, "shape": "circle"}, {"id": "val_00011437", "group": 1.0, "part": 0, "shape": "circle"}, {"id": "val_00033968", "group": 1.0, "part": 0, "shape": "circle"}], "links": [{"source": "pop_bottle", "target": "val_00011437"}, {"source": "pop_bottle", "target": "val_00033968"}, {"source": "val_00006672", "target": "pop_bottle"}, {"source": "val_00020977", "target": "pop_bottle"}]}