{"nodes": [{"id": "val_00011087", "group": 1.0, "part": 1, "shape": "circle"}, {"id": "val_00002241", "group": 1.0, "part": 1, "shape": "circle"}, {"id": "crayfish", "group": 4.0, "part": 1, "shape": "circle"}, {"id": "spiny_lobster", "group": 4.0, "part": 1, "shape": "circle"}, {"id": "val_00001122", "group": 1.0, "part": 1, "shape": "circle"}, {"id": "val_00027920", "group": 1.0, "part": 1, "shape": "circle"}, {"id": "val_00001956", "group": 1.0, "part": 1, "shape": "circle"}, {"id": "val_00039138", "group": 1.0, "part": 1, "shape": "circle"}, {"id": "rock_crab", "group": 4.0, "part": 1, "shape": "circle"}, {"id": "val_00033021", "group": 1.0, "part": 1, "shape": "circle"}, {"id": "val_00023991", "group": 1.0, "part": 1, "shape": "circle"}, {"id": "val_00029812", "group": 1.0, "part": 1, "shape": "circle"}, {"id": "val_00030396", "group": 1.0, "part": 1, "shape": "circle"}, {"id": "val_00023840", "group": 1.0, "part": 1, "shape": "circle"}, {"id": "val_00033104", "group": 1.0, "part": 1, "shape": "circle"}, {"id": "val_00035169", "group": 1.0, "part": 1, "shape": "circle"}, {"id": "king_crab", "group": 4.0, "part": 1, "shape": "circle"}, {"id": "val_00015789", "group": 1.0, "part": 1, "shape": "circle"}, {"id": "val_00042159", "group": 1.0, "part": 1, "shape": "circle"}, {"id": "val_00029833", "group": 1.0, "part": 1, "shape": "circle"}, {"id": "val_00041892", "group": 1.0, "part": 1, "shape": "circle"}, {"id": "val_00002190", "group": 1.0, "part": 1, "shape": "circle"}, {"id": "val_00009446", "group": 1.0, "part": 1, "shape": "circle"}, {"id": "val_00002743", "group": 1.0, "part": 1, "shape": "circle"}, {"id": "American_lobster", "group": 4.0, "part": 1, "shape": "circle"}, {"id": "val_00028380", "group": 1.0, "part": 1, "shape": "circle"}, {"id": "val_00008182", "group": 1.0, "part": 1, "shape": "circle"}, {"id": "fiddler_crab", "group": 4.0, "part": 1, "shape": "circle"}, {"id": "val_00013999", "group": 1.0, "part": 1, "shape": "circle"}, {"id": "Dungeness_crab", "group": 4.0, "part": 1, "shape": "circle"}, {"id": "val_00013377", "group": 1.0, "part": 1, "shape": "circle"}, {"id": "val_00002727", "group": 1.0, "part": 1, "shape": "circle"}, {"id": "val_00003257", "group": 1.0, "part": 1, "shape": "circle"}, {"id": "anemone_fish", "group": 4.0, "part": 2, "shape": "circle"}, {"id": "val_00004772", "group": 1.0, "part": 2, "shape": "circle"}, {"id": "val_00001747", "group": 1.0, "part": 2, "shape": "circle"}, {"id": "val_00012414", "group": 1.0, "part": 2, "shape": "circle"}, {"id": "val_00047927", "group": 1.0, "part": 2, "shape": "circle"}, {"id": "val_00038928", "group": 1.0, "part": 2, "shape": "circle"}, {"id": "rock_beauty", "group": 4.0, "part": 2, "shape": "circle"}, {"id": "val_00011035", "group": 1.0, "part": 2, "shape": "circle"}, {"id": "val_00000996", "group": 1.0, "part": 2, "shape": "circle"}, {"id": "brain_coral", "group": 4.0, "part": 2, "shape": "circle"}, {"id": "goldfish", "group": 4.0, "part": 2, "shape": "circle"}, {"id": "porcupine", "group": 4.0, "part": 2, "shape": "circle"}, {"id": "val_00018824", "group": 1.0, "part": 2, "shape": "circle"}, {"id": "echidna", "group": 4.0, "part": 2, "shape": "circle"}, {"id": "val_00045604", "group": 1.0, "part": 2, "shape": "circle"}, {"id": "val_00022749", "group": 1.0, "part": 2, "shape": "circle"}, {"id": "val_00046480", "group": 1.0, "part": 2, "shape": "circle"}, {"id": "sea_anemone", "group": 4.0, "part": 2, "shape": "circle"}, {"id": "val_00046724", "group": 1.0, "part": 2, "shape": "circle"}, {"id": "val_00039058", "group": 1.0, "part": 2, "shape": "circle"}, {"id": "val_00020822", "group": 1.0, "part": 2, "shape": "circle"}, {"id": "val_00004986", "group": 1.0, "part": 2, "shape": "circle"}, {"id": "val_00036030", "group": 1.0, "part": 2, "shape": "circle"}, {"id": "val_00000994", "group": 1.0, "part": 2, "shape": "circle"}, {"id": "val_00014515", "group": 1.0, "part": 2, "shape": "circle"}, {"id": "val_00025871", "group": 1.0, "part": 2, "shape": "circle"}, {"id": "sea_urchin", "group": 4.0, "part": 2, "shape": "circle"}, {"id": "val_00015443", "group": 1.0, "part": 2, "shape": "circle"}, {"id": "val_00047972", "group": 1.0, "part": 2, "shape": "circle"}, {"id": "val_00012165", "group": 1.0, "part": 2, "shape": "circle"}, {"id": "val_00007027", "group": 1.0, "part": 2, "shape": "circle"}, {"id": "coral_reef", "group": 4.0, "part": 2, "shape": "circle"}, {"id": "val_00046230", "group": 1.0, "part": 2, "shape": "circle"}, {"id": "val_00023468", "group": 1.0, "part": 2, "shape": "circle"}, {"id": "lionfish", "group": 4.0, "part": 2, "shape": "circle"}, {"id": "val_00020575", "group": 1.0, "part": 2, "shape": "circle"}, {"id": "val_00023448", "group": 1.0, "part": 2, "shape": "circle"}, {"id": "val_00014410", "group": 1.0, "part": 2, "shape": "circle"}, {"id": "val_00010644", "group": 1.0, "part": 2, "shape": "circle"}, {"id": "puffer", "group": 4.0, "part": 2, "shape": "circle"}, {"id": "val_00019791", "group": 1.0, "part": 2, "shape": "circle"}, {"id": "val_00000312", "group": 1.0, "part": 3, "shape": "circle"}, {"id": "hammerhead", "group": 4.0, "part": 3, "shape": "circle"}, {"id": "val_00000063", "group": 1.0, "part": 3, "shape": "circle"}, {"id": "val_00034178", "group": 1.0, "part": 3, "shape": "circle"}, {"id": "val_00042324", "group": 1.0, "part": 3, "shape": "circle"}, {"id": "val_00007569", "group": 1.0, "part": 3, "shape": "circle"}, {"id": "val_00015631", "group": 1.0, "part": 3, "shape": "circle"}, {"id": "great_white_shark", "group": 4.0, "part": 3, "shape": "circle"}, {"id": "val_00036118", "group": 1.0, "part": 3, "shape": "circle"}, {"id": "val_00027160", "group": 1.0, "part": 3, "shape": "circle"}, {"id": "electric_ray", "group": 4.0, "part": 3, "shape": "circle"}, {"id": "val_00017196", "group": 1.0, "part": 3, "shape": "circle"}, {"id": "val_00039158", "group": 1.0, "part": 3, "shape": "circle"}, {"id": "val_00014467", "group": 1.0, "part": 3, "shape": "circle"}, {"id": "val_00007875", "group": 1.0, "part": 3, "shape": "circle"}, {"id": "val_00007800", "group": 1.0, "part": 3, "shape": "circle"}, {"id": "val_00037260", "group": 1.0, "part": 3, "shape": "circle"}, {"id": "hippopotamus", "group": 4.0, "part": 3, "shape": "circle"}, {"id": "val_00000072", "group": 1.0, "part": 3, "shape": "circle"}, {"id": "val_00026001", "group": 1.0, "part": 3, "shape": "circle"}, {"id": "val_00039588", "group": 1.0, "part": 3, "shape": "circle"}, {"id": "val_00032394", "group": 1.0, "part": 3, "shape": "circle"}, {"id": "val_00027514", "group": 1.0, "part": 3, "shape": "circle"}, {"id": "val_00043097", "group": 1.0, "part": 3, "shape": "circle"}, {"id": "val_00030127", "group": 1.0, "part": 3, "shape": "circle"}, {"id": "stingray", "group": 4.0, "part": 3, "shape": "circle"}, {"id": "tiger_shark", "group": 4.0, "part": 3, "shape": "circle"}, {"id": "val_00016259", "group": 1.0, "part": 3, "shape": "circle"}, {"id": "dugong", "group": 4.0, "part": 3, "shape": "circle"}, {"id": "val_00013655", "group": 1.0, "part": 3, "shape": "circle"}, {"id": "val_00019409", "group": 1.0, "part": 3, "shape": "circle"}, {"id": "val_00039445", "group": 1.0, "part": 3, "shape": "circle"}, {"id": "val_00001544", "group": 1.0, "part": 3, "shape": "circle"}, {"id": "val_00000584", "group": 1.0, "part": 6, "shape": "circle"}, {"id": "val_00045556", "group": 1.0, "part": 6, "shape": "circle"}, {"id": "val_00014751", "group": 1.0, "part": 6, "shape": "circle"}, {"id": "val_00039775", "group": 1.0, "part": 6, "shape": "circle"}, {"id": "chambered_nautilus", "group": 4.0, "part": 6, "shape": "circle"}, {"id": "val_00033741", "group": 1.0, "part": 6, "shape": "circle"}, {"id": "val_00018757", "group": 1.0, "part": 6, "shape": "circle"}, {"id": "maze", "group": 4.0, "part": 6, "shape": "circle"}, {"id": "val_00034957", "group": 1.0, "part": 6, "shape": "circle"}, {"id": "val_00032056", "group": 1.0, "part": 6, "shape": "circle"}, {"id": "val_00037882", "group": 1.0, "part": 6, "shape": "circle"}, {"id": "snail", "group": 4.0, "part": 6, "shape": "circle"}, {"id": "val_00012672", "group": 1.0, "part": 6, "shape": "circle"}, {"id": "val_00003604", "group": 1.0, "part": 6, "shape": "circle"}, {"id": "val_00038862", "group": 1.0, "part": 6, "shape": "circle"}, {"id": "val_00038059", "group": 1.0, "part": 6, "shape": "circle"}, {"id": "val_00003568", "group": 1.0, "part": 6, "shape": "circle"}, {"id": "val_00037009", "group": 1.0, "part": 6, "shape": "circle"}, {"id": "conch", "group": 4.0, "part": 6, "shape": "circle"}, {"id": "val_00031729", "group": 1.0, "part": 6, "shape": "circle"}, {"id": "val_00010955", "group": 1.0, "part": 6, "shape": "circle"}, {"id": "coil", "group": 4.0, "part": 6, "shape": "circle"}, {"id": "val_00046103", "group": 1.0, "part": 6, "shape": "circle"}, {"id": "val_00031321", "group": 1.0, "part": 6, "shape": "circle"}, {"id": "hermit_crab", "group": 4.0, "part": 6, "shape": "circle"}, {"id": "val_00037632", "group": 1.0, "part": 6, "shape": "circle"}, {"id": "val_00046252", "group": 1.0, "part": 7, "shape": "circle"}, {"id": "val_00019306", "group": 1.0, "part": 7, "shape": "circle"}, {"id": "val_00025810", "group": 1.0, "part": 7, "shape": "circle"}, {"id": "val_00009111", "group": 1.0, "part": 7, "shape": "circle"}, {"id": "val_00034488", "group": 1.0, "part": 7, "shape": "circle"}, {"id": "val_00012546", "group": 1.0, "part": 7, "shape": "circle"}, {"id": "coho", "group": 4.0, "part": 7, "shape": "circle"}, {"id": "val_00030740", "group": 1.0, "part": 7, "shape": "circle"}, {"id": "reel", "group": 4.0, "part": 7, "shape": "circle"}, {"id": "val_00031973", "group": 1.0, "part": 7, "shape": "circle"}, {"id": "val_00006292", "group": 1.0, "part": 7, "shape": "circle"}, {"id": "val_00030098", "group": 1.0, "part": 7, "shape": "circle"}, {"id": "val_00004574", "group": 1.0, "part": 7, "shape": "circle"}, {"id": "val_00009307", "group": 1.0, "part": 7, "shape": "circle"}, {"id": "val_00035957", "group": 1.0, "part": 7, "shape": "circle"}, {"id": "val_00002721", "group": 1.0, "part": 7, "shape": "circle"}, {"id": "val_00034120", "group": 1.0, "part": 7, "shape": "circle"}, {"id": "val_00021708", "group": 1.0, "part": 7, "shape": "circle"}, {"id": "tench", "group": 4.0, "part": 7, "shape": "circle"}, {"id": "sturgeon", "group": 4.0, "part": 7, "shape": "circle"}, {"id": "gar", "group": 4.0, "part": 7, "shape": "circle"}, {"id": "val_00005190", "group": 1.0, "part": 7, "shape": "circle"}, {"id": "val_00049740", "group": 1.0, "part": 7, "shape": "circle"}, {"id": "eel", "group": 4.0, "part": 7, "shape": "circle"}, {"id": "barracouta", "group": 4.0, "part": 7, "shape": "circle"}, {"id": "val_00038973", "group": 1.0, "part": 7, "shape": "circle"}, {"id": "val_00037329", "group": 1.0, "part": 7, "shape": "circle"}, {"id": "val_00017079", "group": 1.0, "part": 7, "shape": "circle"}, {"id": "val_00015989", "group": 1.0, "part": 7, "shape": "circle"}, {"id": "val_00039793", "group": 1.0, "part": 7, "shape": "circle"}, {"id": "val_00015336", "group": 1.0, "part": 0, "shape": "circle"}, {"id": "val_00048668", "group": 1.0, "part": 0, "shape": "circle"}, {"id": "jellyfish", "group": 4.0, "part": 0, "shape": "circle"}, {"id": "val_00012640", "group": 1.0, "part": 0, "shape": "circle"}, {"id": "val_00036810", "group": 1.0, "part": 0, "shape": "circle"}, {"id": "val_00000836", "group": 1.0, "part": 0, "shape": "circle"}, {"id": "val_00026308", "group": 1.0, "part": 0, "shape": "circle"}, {"id": "val_00012846", "group": 1.0, "part": 0, "shape": "circle"}, {"id": "val_00035202", "group": 1.0, "part": 0, "shape": "circle"}, {"id": "val_00038871", "group": 1.0, "part": 0, "shape": "circle"}, {"id": "val_00019684", "group": 1.0, "part": 0, "shape": "circle"}, {"id": "val_00046167", "group": 1.0, "part": 0, "shape": "circle"}, {"id": "val_00007283", "group": 1.0, "part": 0, "shape": "circle"}, {"id": "val_00035048", "group": 1.0, "part": 0, "shape": "circle"}, {"id": "val_00019425", "group": 1.0, "part": 0, "shape": "circle"}, {"id": "val_00043240", "group": 1.0, "part": 0, "shape": "circle"}, {"id": "nematode", "group": 4.0, "part": 0, "shape": "circle"}, {"id": "snorkel", "group": 4.0, "part": 0, "shape": "circle"}, {"id": "val_00018952", "group": 1.0, "part": 0, "shape": "circle"}, {"id": "val_00006193", "group": 1.0, "part": 0, "shape": "circle"}, {"id": "val_00002428", "group": 1.0, "part": 0, "shape": "circle"}, {"id": "val_00005880", "group": 1.0, "part": 0, "shape": "circle"}, {"id": "val_00042288", "group": 1.0, "part": 0, "shape": "circle"}, {"id": "flatworm", "group": 4.0, "part": 0, "shape": "circle"}, {"id": "slug", "group": 4.0, "part": 0, "shape": "circle"}, {"id": "scuba_diver", "group": 4.0, "part": 0, "shape": "circle"}, {"id": "val_00038708", "group": 1.0, "part": 0, "shape": "circle"}, {"id": "starfish", "group": 4.0, "part": 0, "shape": "circle"}, {"id": "val_00026530", "group": 1.0, "part": 0, "shape": "circle"}, {"id": "sea_slug", "group": 4.0, "part": 0, "shape": "circle"}, {"id": "val_00036635", "group": 1.0, "part": 0, "shape": "circle"}, {"id": "val_00037245", "group": 1.0, "part": 0, "shape": "circle"}, {"id": "val_00040385", "group": 1.0, "part": 0, "shape": "circle"}, {"id": "sea_cucumber", "group": 4.0, "part": 0, "shape": "circle"}, {"id": "val_00001161", "group": 1.0, "part": 0, "shape": "circle"}, {"id": "val_00004632", "group": 1.0, "part": 0, "shape": "circle"}, {"id": "val_00042178", "group": 1.0, "part": 0, "shape": "circle"}, {"id": "hen-of-the-woods", "group": 4.0, "part": 5, "shape": "circle"}, {"id": "val_00004472", "group": 1.0, "part": 5, "shape": "circle"}, {"id": "val_00038482", "group": 1.0, "part": 5, "shape": "circle"}, {"id": "mushroom", "group": 4.0, "part": 5, "shape": "circle"}, {"id": "val_00044680", "group": 1.0, "part": 5, "shape": "circle"}, {"id": "val_00008275", "group": 1.0, "part": 5, "shape": "circle"}, {"id": "val_00006421", "group": 1.0, "part": 5, "shape": "circle"}, {"id": "val_00019196", "group": 1.0, "part": 5, "shape": "circle"}, {"id": "val_00035845", "group": 1.0, "part": 5, "shape": "circle"}, {"id": "coral_fungus", "group": 4.0, "part": 5, "shape": "circle"}, {"id": "val_00005000", "group": 1.0, "part": 5, "shape": "circle"}, {"id": "val_00012961", "group": 1.0, "part": 5, "shape": "circle"}, {"id": "val_00041841", "group": 1.0, "part": 5, "shape": "circle"}, {"id": "val_00010863", "group": 1.0, "part": 5, "shape": "circle"}, {"id": "bolete", "group": 4.0, "part": 5, "shape": "circle"}, {"id": "val_00017416", "group": 1.0, "part": 5, "shape": "circle"}, {"id": "val_00022641", "group": 1.0, "part": 5, "shape": "circle"}, {"id": "val_00047998", "group": 1.0, "part": 5, "shape": "circle"}, {"id": "earthstar", "group": 4.0, "part": 5, "shape": "circle"}, {"id": "val_00016153", "group": 1.0, "part": 5, "shape": "circle"}, {"id": "val_00010608", "group": 1.0, "part": 5, "shape": "circle"}, {"id": "val_00017627", "group": 1.0, "part": 5, "shape": "circle"}, {"id": "val_00048066", "group": 1.0, "part": 5, "shape": "circle"}, {"id": "val_00003336", "group": 1.0, "part": 5, "shape": "circle"}, {"id": "stinkhorn", "group": 4.0, "part": 5, "shape": "circle"}, {"id": "val_00049524", "group": 1.0, "part": 5, "shape": "circle"}, {"id": "val_00014855", "group": 1.0, "part": 5, "shape": "circle"}, {"id": "val_00041345", "group": 1.0, "part": 5, "shape": "circle"}, {"id": "agaric", "group": 4.0, "part": 5, "shape": "circle"}, {"id": "val_00015085", "group": 1.0, "part": 5, "shape": "circle"}, {"id": "val_00032654", "group": 1.0, "part": 5, "shape": "circle"}, {"id": "gyromitra", "group": 4.0, "part": 5, "shape": "circle"}, {"id": "val_00022663", "group": 1.0, "part": 5, "shape": "circle"}, {"id": "val_00043208", "group": 1.0, "part": 5, "shape": "circle"}, {"id": "val_00005844", "group": 1.0, "part": 5, "shape": "circle"}, {"id": "acorn", "group": 4.0, "part": 4, "shape": "circle"}, {"id": "val_00026660", "group": 1.0, "part": 4, "shape": "circle"}, {"id": "val_00044880", "group": 1.0, "part": 4, "shape": "circle"}, {"id": "val_00005780", "group": 1.0, "part": 4, "shape": "circle"}, {"id": "val_00042458", "group": 1.0, "part": 4, "shape": "circle"}, {"id": "buckeye", "group": 4.0, "part": 4, "shape": "circle"}, {"id": "val_00048677", "group": 1.0, "part": 4, "shape": "circle"}, {"id": "val_00032421", "group": 1.0, "part": 4, "shape": "circle"}, {"id": "val_00034646", "group": 1.0, "part": 4, "shape": "circle"}, {"id": "val_00028871", "group": 1.0, "part": 4, "shape": "circle"}], "links": [{"source": "American_lobster", "target": "val_00008182"}, {"source": "Dungeness_crab", "target": "val_00003257"}, {"source": "Dungeness_crab", "target": "val_00013377"}, {"source": "acorn", "target": "val_00005780"}, {"source": "acorn", "target": "val_00012961"}, {"source": "acorn", "target": "val_00026660"}, {"source": "acorn", "target": "val_00028871"}, {"source": "acorn", "target": "val_00034646"}, {"source": "acorn", "target": "val_00041841"}, {"source": "acorn", "target": "val_00042458"}, {"source": "acorn", "target": "val_00044880"}, {"source": "acorn", "target": "val_00048677"}, {"source": "agaric", "target": "val_00022663"}, {"source": "anemone_fish", "target": "val_00000994"}, {"source": "anemone_fish", "target": "val_00000996"}, {"source": "anemone_fish", "target": "val_00011035"}, {"source": "anemone_fish", "target": "val_00014515"}, {"source": "anemone_fish", "target": "val_00020822"}, {"source": "anemone_fish", "target": "val_00022749"}, {"source": "anemone_fish", "target": "val_00023448"}, {"source": "anemone_fish", "target": "val_00025871"}, {"source": "anemone_fish", "target": "val_00036030"}, {"source": "barracouta", "target": "val_00015989"}, {"source": "barracouta", "target": "val_00017079"}, {"source": "barracouta", "target": "val_00037329"}, {"source": "bolete", "target": "val_00010608"}, {"source": "bolete", "target": "val_00016153"}, {"source": "bolete", "target": "val_00017627"}, {"source": "bolete", "target": "val_00022663"}, {"source": "bolete", "target": "val_00032654"}, {"source": "bolete", "target": "val_00048066"}, {"source": "bolete", "target": "val_00049524"}, {"source": "brain_coral", "target": "val_00007027"}, {"source": "brain_coral", "target": "val_00014410"}, {"source": "brain_coral", "target": "val_00020575"}, {"source": "brain_coral", "target": "val_00037260"}, {"source": "brain_coral", "target": "val_00038871"}, {"source": "brain_coral", "target": "val_00046480"}, {"source": "buckeye", "target": "val_00028871"}, {"source": "buckeye", "target": "val_00032421"}, {"source": "buckeye", "target": "val_00034646"}, {"source": "buckeye", "target": "val_00048677"}, {"source": "chambered_nautilus", "target": "val_00003604"}, {"source": "chambered_nautilus", "target": "val_00010955"}, {"source": "chambered_nautilus", "target": "val_00032056"}, {"source": "chambered_nautilus", "target": "val_00037009"}, {"source": "chambered_nautilus", "target": "val_00037632"}, {"source": "chambered_nautilus", "target": "val_00037882"}, {"source": "chambered_nautilus", "target": "val_00038059"}, {"source": "coho", "target": "val_00002721"}, {"source": "coho", "target": "val_00004574"}, {"source": "coho", "target": "val_00005190"}, {"source": "coho", "target": "val_00006292"}, {"source": "coho", "target": "val_00015989"}, {"source": "coho", "target": "val_00030740"}, {"source": "coho", "target": "val_00031973"}, {"source": "coho", "target": "val_00037329"}, {"source": "coho", "target": "val_00038973"}, {"source": "coho", "target": "val_00039793"}, {"source": "coho", "target": "val_00049740"}, {"source": "coil", "target": "val_00046103"}, {"source": "conch", "target": "val_00010955"}, {"source": "conch", "target": "val_00013655"}, {"source": "conch", "target": "val_00031321"}, {"source": "conch", "target": "val_00037632"}, {"source": "conch", "target": "val_00042178"}, {"source": "coral_fungus", "target": "val_00003336"}, {"source": "coral_fungus", "target": "val_00005844"}, {"source": "coral_fungus", "target": "val_00007027"}, {"source": "coral_fungus", "target": "val_00010608"}, {"source": "coral_fungus", "target": "val_00010644"}, {"source": "coral_fungus", "target": "val_00012961"}, {"source": "coral_fungus", "target": "val_00014410"}, {"source": "coral_fungus", "target": "val_00014855"}, {"source": "coral_fungus", "target": "val_00015085"}, {"source": "coral_fungus", "target": "val_00017416"}, {"source": "coral_fungus", "target": "val_00020575"}, {"source": "coral_fungus", "target": "val_00022641"}, {"source": "coral_fungus", "target": "val_00041345"}, {"source": "coral_fungus", "target": "val_00041841"}, {"source": "coral_fungus", "target": "val_00043208"}, {"source": "coral_fungus", "target": "val_00046480"}, {"source": "coral_fungus", "target": "val_00048066"}, {"source": "coral_reef", "target": "val_00010644"}, {"source": "coral_reef", "target": "val_00013655"}, {"source": "coral_reef", "target": "val_00014410"}, {"source": "coral_reef", "target": "val_00019791"}, {"source": "coral_reef", "target": "val_00020575"}, {"source": "coral_reef", "target": "val_00023448"}, {"source": "crayfish", "target": "val_00001956"}, {"source": "crayfish", "target": "val_00002743"}, {"source": "crayfish", "target": "val_00008182"}, {"source": "crayfish", "target": "val_00013999"}, {"source": "crayfish", "target": "val_00015789"}, {"source": "crayfish", "target": "val_00023840"}, {"source": "crayfish", "target": "val_00027920"}, {"source": "crayfish", "target": "val_00029812"}, {"source": "crayfish", "target": "val_00033104"}, {"source": "crayfish", "target": "val_00035169"}, {"source": "crayfish", "target": "val_00041892"}, {"source": "dugong", "target": "val_00001544"}, {"source": "earthstar", "target": "val_00005844"}, {"source": "earthstar", "target": "val_00010608"}, {"source": "earthstar", "target": "val_00022663"}, {"source": "earthstar", "target": "val_00028871"}, {"source": "earthstar", "target": "val_00041345"}, {"source": "earthstar", "target": "val_00043208"}, {"source": "echidna", "target": "val_00012165"}, {"source": "echidna", "target": "val_00039058"}, {"source": "echidna", "target": "val_00047972"}, {"source": "eel", "target": "val_00017079"}, {"source": "eel", "target": "val_00039793"}, {"source": "electric_ray", "target": "val_00000072"}, {"source": "electric_ray", "target": "val_00013655"}, {"source": "electric_ray", "target": "val_00014467"}, {"source": "electric_ray", "target": "val_00014515"}, {"source": "electric_ray", "target": "val_00015443"}, {"source": "electric_ray", "target": "val_00017196"}, {"source": "electric_ray", "target": "val_00018952"}, {"source": "electric_ray", "target": "val_00019409"}, {"source": "electric_ray", "target": "val_00019791"}, {"source": "electric_ray", "target": "val_00023468"}, {"source": "electric_ray", "target": "val_00025871"}, {"source": "electric_ray", "target": "val_00026001"}, {"source": "electric_ray", "target": "val_00026530"}, {"source": "electric_ray", "target": "val_00027514"}, {"source": "electric_ray", "target": "val_00030127"}, {"source": "electric_ray", "target": "val_00032394"}, {"source": "electric_ray", "target": "val_00037260"}, {"source": "electric_ray", "target": "val_00039158"}, {"source": "fiddler_crab", "target": "val_00003257"}, {"source": "fiddler_crab", "target": "val_00013377"}, {"source": "fiddler_crab", "target": "val_00013999"}, {"source": "flatworm", "target": "val_00004632"}, {"source": "flatworm", "target": "val_00037245"}, {"source": "flatworm", "target": "val_00038708"}, {"source": "flatworm", "target": "val_00040385"}, {"source": "gar", "target": "val_00015989"}, {"source": "gar", "target": "val_00017079"}, {"source": "gar", "target": "val_00037329"}, {"source": "gar", "target": "val_00038973"}, {"source": "gar", "target": "val_00039793"}, {"source": "goldfish", "target": "val_00000994"}, {"source": "goldfish", "target": "val_00014515"}, {"source": "goldfish", "target": "val_00019791"}, {"source": "goldfish", "target": "val_00020822"}, {"source": "great_white_shark", "target": "val_00007875"}, {"source": "great_white_shark", "target": "val_00014467"}, {"source": "great_white_shark", "target": "val_00016259"}, {"source": "great_white_shark", "target": "val_00019409"}, {"source": "great_white_shark", "target": "val_00026001"}, {"source": "great_white_shark", "target": "val_00027160"}, {"source": "great_white_shark", "target": "val_00027514"}, {"source": "great_white_shark", "target": "val_00030127"}, {"source": "great_white_shark", "target": "val_00039445"}, {"source": "great_white_shark", "target": "val_00039588"}, {"source": "gyromitra", "target": "val_00043208"}, {"source": "hammerhead", "target": "val_00001544"}, {"source": "hammerhead", "target": "val_00007875"}, {"source": "hammerhead", "target": "val_00012546"}, {"source": "hammerhead", "target": "val_00014467"}, {"source": "hammerhead", "target": "val_00015631"}, {"source": "hammerhead", "target": "val_00016259"}, {"source": "hammerhead", "target": "val_00019409"}, {"source": "hammerhead", "target": "val_00026001"}, {"source": "hammerhead", "target": "val_00027160"}, {"source": "hammerhead", "target": "val_00030127"}, {"source": "hammerhead", "target": "val_00032394"}, {"source": "hammerhead", "target": "val_00034178"}, {"source": "hammerhead", "target": "val_00039588"}, {"source": "hammerhead", "target": "val_00042324"}, {"source": "hen-of-the-woods", "target": "val_00003336"}, {"source": "hen-of-the-woods", "target": "val_00004472"}, {"source": "hen-of-the-woods", "target": "val_00005844"}, {"source": "hen-of-the-woods", "target": "val_00006421"}, {"source": "hen-of-the-woods", "target": "val_00008275"}, {"source": "hen-of-the-woods", "target": "val_00010863"}, {"source": "hen-of-the-woods", "target": "val_00014855"}, {"source": "hen-of-the-woods", "target": "val_00015085"}, {"source": "hen-of-the-woods", "target": "val_00019196"}, {"source": "hen-of-the-woods", "target": "val_00022641"}, {"source": "hen-of-the-woods", "target": "val_00032654"}, {"source": "hen-of-the-woods", "target": "val_00035845"}, {"source": "hen-of-the-woods", "target": "val_00038482"}, {"source": "hen-of-the-woods", "target": "val_00041345"}, {"source": "hen-of-the-woods", "target": "val_00043208"}, {"source": "hen-of-the-woods", "target": "val_00047998"}, {"source": "hen-of-the-woods", "target": "val_00049524"}, {"source": "hermit_crab", "target": "val_00003257"}, {"source": "hermit_crab", "target": "val_00037632"}, {"source": "hippopotamus", "target": "val_00000072"}, {"source": "hippopotamus", "target": "val_00001544"}, {"source": "hippopotamus", "target": "val_00043097"}, {"source": "jellyfish", "target": "val_00000836"}, {"source": "jellyfish", "target": "val_00007283"}, {"source": "jellyfish", "target": "val_00015443"}, {"source": "jellyfish", "target": "val_00018952"}, {"source": "jellyfish", "target": "val_00026308"}, {"source": "jellyfish", "target": "val_00026530"}, {"source": "jellyfish", "target": "val_00032056"}, {"source": "jellyfish", "target": "val_00036118"}, {"source": "jellyfish", "target": "val_00036635"}, {"source": "jellyfish", "target": "val_00037882"}, {"source": "king_crab", "target": "val_00001161"}, {"source": "king_crab", "target": "val_00002190"}, {"source": "king_crab", "target": "val_00003257"}, {"source": "king_crab", "target": "val_00008182"}, {"source": "king_crab", "target": "val_00009446"}, {"source": "king_crab", "target": "val_00013377"}, {"source": "king_crab", "target": "val_00015789"}, {"source": "king_crab", "target": "val_00028380"}, {"source": "king_crab", "target": "val_00029833"}, {"source": "king_crab", "target": "val_00042159"}, {"source": "king_crab", "target": "val_00049740"}, {"source": "lionfish", "target": "val_00019791"}, {"source": "lionfish", "target": "val_00023448"}, {"source": "maze", "target": "val_00031729"}, {"source": "maze", "target": "val_00037009"}, {"source": "maze", "target": "val_00038862"}, {"source": "maze", "target": "val_00046103"}, {"source": "mushroom", "target": "val_00005844"}, {"source": "mushroom", "target": "val_00006421"}, {"source": "mushroom", "target": "val_00008275"}, {"source": "mushroom", "target": "val_00010608"}, {"source": "mushroom", "target": "val_00010644"}, {"source": "mushroom", "target": "val_00010863"}, {"source": "mushroom", "target": "val_00014855"}, {"source": "mushroom", "target": "val_00015085"}, {"source": "mushroom", "target": "val_00016153"}, {"source": "mushroom", "target": "val_00017416"}, {"source": "mushroom", "target": "val_00017627"}, {"source": "mushroom", "target": "val_00019196"}, {"source": "mushroom", "target": "val_00022641"}, {"source": "mushroom", "target": "val_00022663"}, {"source": "mushroom", "target": "val_00032654"}, {"source": "mushroom", "target": "val_00035845"}, {"source": "mushroom", "target": "val_00041345"}, {"source": "mushroom", "target": "val_00041841"}, {"source": "mushroom", "target": "val_00044680"}, {"source": "mushroom", "target": "val_00048066"}, {"source": "mushroom", "target": "val_00049524"}, {"source": "nematode", "target": "val_00002428"}, {"source": "nematode", "target": "val_00036635"}, {"source": "nematode", "target": "val_00038708"}, {"source": "porcupine", "target": "val_00004986"}, {"source": "porcupine", "target": "val_00012165"}, {"source": "porcupine", "target": "val_00023468"}, {"source": "porcupine", "target": "val_00039058"}, {"source": "porcupine", "target": "val_00045604"}, {"source": "porcupine", "target": "val_00046724"}, {"source": "porcupine", "target": "val_00047972"}, {"source": "reel", "target": "val_00002721"}, {"source": "reel", "target": "val_00004574"}, {"source": "reel", "target": "val_00005190"}, {"source": "reel", "target": "val_00006292"}, {"source": "reel", "target": "val_00015989"}, {"source": "reel", "target": "val_00030098"}, {"source": "rock_beauty", "target": "val_00000994"}, {"source": "rock_beauty", "target": "val_00000996"}, {"source": "rock_beauty", "target": "val_00014410"}, {"source": "rock_beauty", "target": "val_00014515"}, {"source": "rock_beauty", "target": "val_00018824"}, {"source": "rock_beauty", "target": "val_00023468"}, {"source": "rock_beauty", "target": "val_00025871"}, {"source": "rock_crab", "target": "val_00002190"}, {"source": "rock_crab", "target": "val_00003257"}, {"source": "rock_crab", "target": "val_00009446"}, {"source": "rock_crab", "target": "val_00013377"}, {"source": "rock_crab", "target": "val_00013999"}, {"source": "rock_crab", "target": "val_00015789"}, {"source": "rock_crab", "target": "val_00023840"}, {"source": "rock_crab", "target": "val_00023991"}, {"source": "rock_crab", "target": "val_00028380"}, {"source": "rock_crab", "target": "val_00029812"}, {"source": "rock_crab", "target": "val_00029833"}, {"source": "rock_crab", "target": "val_00030396"}, {"source": "rock_crab", "target": "val_00035169"}, {"source": "rock_crab", "target": "val_00041892"}, {"source": "scuba_diver", "target": "val_00020575"}, {"source": "scuba_diver", "target": "val_00042178"}, {"source": "sea_anemone", "target": "val_00007027"}, {"source": "sea_anemone", "target": "val_00010644"}, {"source": "sea_anemone", "target": "val_00014410"}, {"source": "sea_anemone", "target": "val_00015443"}, {"source": "sea_anemone", "target": "val_00018952"}, {"source": "sea_anemone", "target": "val_00020575"}, {"source": "sea_anemone", "target": "val_00023448"}, {"source": "sea_anemone", "target": "val_00036030"}, {"source": "sea_anemone", "target": "val_00046230"}, {"source": "sea_anemone", "target": "val_00046724"}, {"source": "sea_cucumber", "target": "val_00001161"}, {"source": "sea_cucumber", "target": "val_00004632"}, {"source": "sea_cucumber", "target": "val_00042178"}, {"source": "sea_slug", "target": "val_00004632"}, {"source": "sea_slug", "target": "val_00037245"}, {"source": "sea_urchin", "target": "val_00001161"}, {"source": "sea_urchin", "target": "val_00012165"}, {"source": "sea_urchin", "target": "val_00019791"}, {"source": "sea_urchin", "target": "val_00034646"}, {"source": "sea_urchin", "target": "val_00046230"}, {"source": "sea_urchin", "target": "val_00047972"}, {"source": "slug", "target": "val_00004632"}, {"source": "slug", "target": "val_00037245"}, {"source": "slug", "target": "val_00037632"}, {"source": "slug", "target": "val_00038708"}, {"source": "slug", "target": "val_00040385"}, {"source": "snail", "target": "val_00003568"}, {"source": "snail", "target": "val_00003604"}, {"source": "snail", "target": "val_00006193"}, {"source": "snail", "target": "val_00010955"}, {"source": "snail", "target": "val_00012672"}, {"source": "snail", "target": "val_00031321"}, {"source": "snail", "target": "val_00032421"}, {"source": "snail", "target": "val_00037009"}, {"source": "snail", "target": "val_00037632"}, {"source": "snail", "target": "val_00038059"}, {"source": "snail", "target": "val_00038708"}, {"source": "snail", "target": "val_00042458"}, {"source": "snorkel", "target": "val_00042178"}, {"source": "snorkel", "target": "val_00042288"}, {"source": "spiny_lobster", "target": "val_00001956"}, {"source": "spiny_lobster", "target": "val_00002727"}, {"source": "spiny_lobster", "target": "val_00002743"}, {"source": "spiny_lobster", "target": "val_00008182"}, {"source": "spiny_lobster", "target": "val_00013377"}, {"source": "spiny_lobster", "target": "val_00027920"}, {"source": "spiny_lobster", "target": "val_00033021"}, {"source": "spiny_lobster", "target": "val_00033104"}, {"source": "spiny_lobster", "target": "val_00041892"}, {"source": "starfish", "target": "val_00001161"}, {"source": "starfish", "target": "val_00040385"}, {"source": "stingray", "target": "val_00001544"}, {"source": "stingray", "target": "val_00013655"}, {"source": "stinkhorn", "target": "val_00005844"}, {"source": "stinkhorn", "target": "val_00014855"}, {"source": "stinkhorn", "target": "val_00015085"}, {"source": "stinkhorn", "target": "val_00022663"}, {"source": "stinkhorn", "target": "val_00032654"}, {"source": "stinkhorn", "target": "val_00041345"}, {"source": "stinkhorn", "target": "val_00043208"}, {"source": "stinkhorn", "target": "val_00049524"}, {"source": "sturgeon", "target": "val_00005190"}, {"source": "sturgeon", "target": "val_00037329"}, {"source": "sturgeon", "target": "val_00038973"}, {"source": "sturgeon", "target": "val_00039793"}, {"source": "sturgeon", "target": "val_00049740"}, {"source": "tench", "target": "val_00000994"}, {"source": "tench", "target": "val_00037329"}, {"source": "tench", "target": "val_00039793"}, {"source": "tiger_shark", "target": "val_00016259"}, {"source": "tiger_shark", "target": "val_00019409"}, {"source": "tiger_shark", "target": "val_00039445"}, {"source": "val_00000063", "target": "electric_ray"}, {"source": "val_00000063", "target": "jellyfish"}, {"source": "val_00000063", "target": "stingray"}, {"source": "val_00000063", "target": "tiger_shark"}, {"source": "val_00000072", "target": "dugong"}, {"source": "val_00000072", "target": "tiger_shark"}, {"source": "val_00000312", "target": "barracouta"}, {"source": "val_00000312", "target": "gar"}, {"source": "val_00000312", "target": "great_white_shark"}, {"source": "val_00000312", "target": "tiger_shark"}, {"source": "val_00000584", "target": "coil"}, {"source": "val_00000584", "target": "maze"}, {"source": "val_00000836", "target": "nematode"}, {"source": "val_00000996", "target": "brain_coral"}, {"source": "val_00000996", "target": "coral_reef"}, {"source": "val_00000996", "target": "electric_ray"}, {"source": "val_00001122", "target": "conch"}, {"source": "val_00001122", "target": "fiddler_crab"}, {"source": "val_00001122", "target": "hermit_crab"}, {"source": "val_00001122", "target": "rock_crab"}, {"source": "val_00001747", "target": "coral_reef"}, {"source": "val_00001747", "target": "eel"}, {"source": "val_00001747", "target": "puffer"}, {"source": "val_00001747", "target": "sea_cucumber"}, {"source": "val_00001956", "target": "American_lobster"}, {"source": "val_00001956", "target": "fiddler_crab"}, {"source": "val_00002190", "target": "Dungeness_crab"}, {"source": "val_00002190", "target": "fiddler_crab"}, {"source": "val_00002190", "target": "puffer"}, {"source": "val_00002241", "target": "crayfish"}, {"source": "val_00002241", "target": "goldfish"}, {"source": "val_00002241", "target": "spiny_lobster"}, {"source": "val_00002428", "target": "flatworm"}, {"source": "val_00002428", "target": "gar"}, {"source": "val_00002721", "target": "sturgeon"}, {"source": "val_00002743", "target": "American_lobster"}, {"source": "val_00002743", "target": "coral_reef"}, {"source": "val_00002743", "target": "scuba_diver"}, {"source": "val_00003568", "target": "coil"}, {"source": "val_00003568", "target": "conch"}, {"source": "val_00003568", "target": "hermit_crab"}, {"source": "val_00003604", "target": "conch"}, {"source": "val_00003604", "target": "slug"}, {"source": "val_00004472", "target": "agaric"}, {"source": "val_00004472", "target": "bolete"}, {"source": "val_00004472", "target": "mushroom"}, {"source": "val_00004472", "target": "stinkhorn"}, {"source": "val_00004574", "target": "king_crab"}, {"source": "val_00004574", "target": "sturgeon"}, {"source": "val_00004772", "target": "coral_reef"}, {"source": "val_00004772", "target": "porcupine"}, {"source": "val_00004772", "target": "sea_anemone"}, {"source": "val_00004772", "target": "sea_urchin"}, {"source": "val_00005000", "target": "bolete"}, {"source": "val_00005000", "target": "earthstar"}, {"source": "val_00005000", "target": "stinkhorn"}, {"source": "val_00005780", "target": "buckeye"}, {"source": "val_00005780", "target": "earthstar"}, {"source": "val_00005880", "target": "flatworm"}, {"source": "val_00005880", "target": "sea_cucumber"}, {"source": "val_00005880", "target": "starfish"}, {"source": "val_00006193", "target": "conch"}, {"source": "val_00006193", "target": "flatworm"}, {"source": "val_00006193", "target": "sea_slug"}, {"source": "val_00006193", "target": "slug"}, {"source": "val_00006292", "target": "sturgeon"}, {"source": "val_00006421", "target": "coral_fungus"}, {"source": "val_00007027", "target": "coral_reef"}, {"source": "val_00007283", "target": "electric_ray"}, {"source": "val_00007283", "target": "flatworm"}, {"source": "val_00007283", "target": "puffer"}, {"source": "val_00007569", "target": "electric_ray"}, {"source": "val_00007569", "target": "stingray"}, {"source": "val_00007800", "target": "dugong"}, {"source": "val_00007800", "target": "hippopotamus"}, {"source": "val_00007875", "target": "coral_reef"}, {"source": "val_00007875", "target": "scuba_diver"}, {"source": "val_00007875", "target": "tiger_shark"}, {"source": "val_00008275", "target": "coral_fungus"}, {"source": "val_00008275", "target": "gyromitra"}, {"source": "val_00009111", "target": "barracouta"}, {"source": "val_00009111", "target": "reel"}, {"source": "val_00009111", "target": "tench"}, {"source": "val_00009307", "target": "barracouta"}, {"source": "val_00009307", "target": "eel"}, {"source": "val_00009307", "target": "gar"}, {"source": "val_00009307", "target": "sturgeon"}, {"source": "val_00009446", "target": "Dungeness_crab"}, {"source": "val_00010608", "target": "agaric"}, {"source": "val_00010863", "target": "bolete"}, {"source": "val_00010863", "target": "earthstar"}, {"source": "val_00010863", "target": "stinkhorn"}, {"source": "val_00010955", "target": "coil"}, {"source": "val_00010955", "target": "hermit_crab"}, {"source": "val_00011035", "target": "coral_reef"}, {"source": "val_00011035", "target": "sea_anemone"}, {"source": "val_00011035", "target": "sea_slug"}, {"source": "val_00011087", "target": "Dungeness_crab"}, {"source": "val_00011087", "target": "fiddler_crab"}, {"source": "val_00011087", "target": "king_crab"}, {"source": "val_00011087", "target": "rock_crab"}, {"source": "val_00012414", "target": "echidna"}, {"source": "val_00012414", "target": "porcupine"}, {"source": "val_00012546", "target": "coho"}, {"source": "val_00012546", "target": "reel"}, {"source": "val_00012546", "target": "sturgeon"}, {"source": "val_00012546", "target": "tiger_shark"}, {"source": "val_00012640", "target": "rock_crab"}, {"source": "val_00012640", "target": "sea_anemone"}, {"source": "val_00012640", "target": "sea_urchin"}, {"source": "val_00012640", "target": "starfish"}, {"source": "val_00012672", "target": "coil"}, {"source": "val_00012672", "target": "conch"}, {"source": "val_00012672", "target": "hermit_crab"}, {"source": "val_00012672", "target": "slug"}, {"source": "val_00012846", "target": "flatworm"}, {"source": "val_00012846", "target": "nematode"}, {"source": "val_00012961", "target": "earthstar"}, {"source": "val_00012961", "target": "stinkhorn"}, {"source": "val_00013999", "target": "hermit_crab"}, {"source": "val_00014467", "target": "tiger_shark"}, {"source": "val_00014515", "target": "coral_reef"}, {"source": "val_00014751", "target": "conch"}, {"source": "val_00014751", "target": "hermit_crab"}, {"source": "val_00014751", "target": "king_crab"}, {"source": "val_00014751", "target": "rock_crab"}, {"source": "val_00014751", "target": "snail"}, {"source": "val_00014855", "target": "gyromitra"}, {"source": "val_00015336", "target": "conch"}, {"source": "val_00015336", "target": "scuba_diver"}, {"source": "val_00015336", "target": "sea_cucumber"}, {"source": "val_00015336", "target": "snorkel"}, {"source": "val_00015443", "target": "coral_reef"}, {"source": "val_00015631", "target": "electric_ray"}, {"source": "val_00015631", "target": "great_white_shark"}, {"source": "val_00015631", "target": "stingray"}, {"source": "val_00015631", "target": "tiger_shark"}, {"source": "val_00015789", "target": "Dungeness_crab"}, {"source": "val_00015789", "target": "fiddler_crab"}, {"source": "val_00016153", "target": "agaric"}, {"source": "val_00016153", "target": "gyromitra"}, {"source": "val_00016153", "target": "stinkhorn"}, {"source": "val_00017079", "target": "tiger_shark"}, {"source": "val_00017196", "target": "barracouta"}, {"source": "val_00017196", "target": "flatworm"}, {"source": "val_00017196", "target": "stingray"}, {"source": "val_00017196", "target": "tiger_shark"}, {"source": "val_00017416", "target": "earthstar"}, {"source": "val_00017416", "target": "stinkhorn"}, {"source": "val_00017627", "target": "agaric"}, {"source": "val_00017627", "target": "slug"}, {"source": "val_00017627", "target": "stinkhorn"}, {"source": "val_00018757", "target": "conch"}, {"source": "val_00018757", "target": "flatworm"}, {"source": "val_00018757", "target": "slug"}, {"source": "val_00018757", "target": "snail"}, {"source": "val_00018824", "target": "eel"}, {"source": "val_00018824", "target": "electric_ray"}, {"source": "val_00018824", "target": "lionfish"}, {"source": "val_00018824", "target": "puffer"}, {"source": "val_00018952", "target": "sea_slug"}, {"source": "val_00019196", "target": "bolete"}, {"source": "val_00019196", "target": "gyromitra"}, {"source": "val_00019196", "target": "stinkhorn"}, {"source": "val_00019306", "target": "barracouta"}, {"source": "val_00019306", "target": "coho"}, {"source": "val_00019306", "target": "gar"}, {"source": "val_00019306", "target": "sturgeon"}, {"source": "val_00019306", "target": "tench"}, {"source": "val_00019425", "target": "electric_ray"}, {"source": "val_00019425", "target": "flatworm"}, {"source": "val_00019425", "target": "sea_slug"}, {"source": "val_00019684", "target": "flatworm"}, {"source": "val_00019684", "target": "sea_cucumber"}, {"source": "val_00019684", "target": "sea_slug"}, {"source": "val_00019684", "target": "slug"}, {"source": "val_00019684", "target": "snail"}, {"source": "val_00020822", "target": "tench"}, {"source": "val_00021708", "target": "barracouta"}, {"source": "val_00021708", "target": "gar"}, {"source": "val_00021708", "target": "sturgeon"}, {"source": "val_00021708", "target": "tench"}, {"source": "val_00022641", "target": "earthstar"}, {"source": "val_00022641", "target": "gyromitra"}, {"source": "val_00022749", "target": "coral_reef"}, {"source": "val_00022749", "target": "lionfish"}, {"source": "val_00022749", "target": "scuba_diver"}, {"source": "val_00022749", "target": "sea_anemone"}, {"source": "val_00023468", "target": "lionfish"}, {"source": "val_00023468", "target": "puffer"}, {"source": "val_00023840", "target": "American_lobster"}, {"source": "val_00023840", "target": "Dungeness_crab"}, {"source": "val_00023840", "target": "king_crab"}, {"source": "val_00023991", "target": "Dungeness_crab"}, {"source": "val_00023991", "target": "fiddler_crab"}, {"source": "val_00023991", "target": "king_crab"}, {"source": "val_00025810", "target": "barracouta"}, {"source": "val_00025810", "target": "eel"}, {"source": "val_00025810", "target": "gar"}, {"source": "val_00025810", "target": "reel"}, {"source": "val_00025810", "target": "sturgeon"}, {"source": "val_00025871", "target": "coral_reef"}, {"source": "val_00026001", "target": "scuba_diver"}, {"source": "val_00026001", "target": "tiger_shark"}, {"source": "val_00026308", "target": "coral_fungus"}, {"source": "val_00026308", "target": "flatworm"}, {"source": "val_00026308", "target": "gar"}, {"source": "val_00026308", "target": "nematode"}, {"source": "val_00026660", "target": "buckeye"}, {"source": "val_00026660", "target": "sea_urchin"}, {"source": "val_00027160", "target": "electric_ray"}, {"source": "val_00027160", "target": "tiger_shark"}, {"source": "val_00027514", "target": "tiger_shark"}, {"source": "val_00027920", "target": "American_lobster"}, {"source": "val_00027920", "target": "fiddler_crab"}, {"source": "val_00027920", "target": "hermit_crab"}, {"source": "val_00028380", "target": "Dungeness_crab"}, {"source": "val_00028380", "target": "fiddler_crab"}, {"source": "val_00029812", "target": "Dungeness_crab"}, {"source": "val_00029812", "target": "king_crab"}, {"source": "val_00029833", "target": "Dungeness_crab"}, {"source": "val_00029833", "target": "fiddler_crab"}, {"source": "val_00030098", "target": "barracouta"}, {"source": "val_00030098", "target": "gar"}, {"source": "val_00030098", "target": "sturgeon"}, {"source": "val_00030127", "target": "tiger_shark"}, {"source": "val_00030396", "target": "Dungeness_crab"}, {"source": "val_00030396", "target": "fiddler_crab"}, {"source": "val_00030396", "target": "king_crab"}, {"source": "val_00030740", "target": "barracouta"}, {"source": "val_00030740", "target": "eel"}, {"source": "val_00030740", "target": "tench"}, {"source": "val_00031321", "target": "hermit_crab"}, {"source": "val_00032056", "target": "coil"}, {"source": "val_00032056", "target": "conch"}, {"source": "val_00032056", "target": "snail"}, {"source": "val_00032394", "target": "coral_reef"}, {"source": "val_00032394", "target": "scuba_diver"}, {"source": "val_00032394", "target": "stingray"}, {"source": "val_00032421", "target": "flatworm"}, {"source": "val_00032421", "target": "slug"}, {"source": "val_00032654", "target": "gyromitra"}, {"source": "val_00033104", "target": "American_lobster"}, {"source": "val_00033104", "target": "king_crab"}, {"source": "val_00033741", "target": "maze"}, {"source": "val_00034120", "target": "barracouta"}, {"source": "val_00034120", "target": "gar"}, {"source": "val_00034120", "target": "sturgeon"}, {"source": "val_00034120", "target": "tench"}, {"source": "val_00034178", "target": "electric_ray"}, {"source": "val_00034178", "target": "stingray"}, {"source": "val_00034178", "target": "tiger_shark"}, {"source": "val_00034488", "target": "barracouta"}, {"source": "val_00034488", "target": "eel"}, {"source": "val_00034488", "target": "tench"}, {"source": "val_00034488", "target": "tiger_shark"}, {"source": "val_00034957", "target": "conch"}, {"source": "val_00034957", "target": "snail"}, {"source": "val_00035048", "target": "flatworm"}, {"source": "val_00035048", "target": "gar"}, {"source": "val_00035048", "target": "nematode"}, {"source": "val_00035169", "target": "Dungeness_crab"}, {"source": "val_00035169", "target": "fiddler_crab"}, {"source": "val_00035169", "target": "king_crab"}, {"source": "val_00035202", "target": "flatworm"}, {"source": "val_00035202", "target": "sea_cucumber"}, {"source": "val_00035202", "target": "slug"}, {"source": "val_00035202", "target": "snail"}, {"source": "val_00035845", "target": "agaric"}, {"source": "val_00035845", "target": "bolete"}, {"source": "val_00035845", "target": "stinkhorn"}, {"source": "val_00035957", "target": "barracouta"}, {"source": "val_00035957", "target": "gar"}, {"source": "val_00035957", "target": "sturgeon"}, {"source": "val_00035957", "target": "tench"}, {"source": "val_00036030", "target": "coral_reef"}, {"source": "val_00036030", "target": "lionfish"}, {"source": "val_00036118", "target": "electric_ray"}, {"source": "val_00036118", "target": "stingray"}, {"source": "val_00036810", "target": "sea_cucumber"}, {"source": "val_00036810", "target": "sea_slug"}, {"source": "val_00036810", "target": "starfish"}, {"source": "val_00037009", "target": "coil"}, {"source": "val_00037009", "target": "conch"}, {"source": "val_00037245", "target": "sea_cucumber"}, {"source": "val_00037260", "target": "coral_reef"}, {"source": "val_00037260", "target": "stingray"}, {"source": "val_00037882", "target": "coil"}, {"source": "val_00037882", "target": "conch"}, {"source": "val_00037882", "target": "snail"}, {"source": "val_00038059", "target": "coil"}, {"source": "val_00038059", "target": "conch"}, {"source": "val_00038059", "target": "slug"}, {"source": "val_00038482", "target": "coral_fungus"}, {"source": "val_00038482", "target": "coral_reef"}, {"source": "val_00038482", "target": "stinkhorn"}, {"source": "val_00038862", "target": "coil"}, {"source": "val_00038871", "target": "coral_reef"}, {"source": "val_00038871", "target": "scuba_diver"}, {"source": "val_00038871", "target": "sea_cucumber"}, {"source": "val_00038871", "target": "snorkel"}, {"source": "val_00038928", "target": "electric_ray"}, {"source": "val_00038928", "target": "lionfish"}, {"source": "val_00038928", "target": "porcupine"}, {"source": "val_00038928", "target": "puffer"}, {"source": "val_00038928", "target": "rock_beauty"}, {"source": "val_00039058", "target": "sea_urchin"}, {"source": "val_00039138", "target": "king_crab"}, {"source": "val_00039138", "target": "rock_crab"}, {"source": "val_00039158", "target": "dugong"}, {"source": "val_00039158", "target": "eel"}, {"source": "val_00039158", "target": "hippopotamus"}, {"source": "val_00039588", "target": "barracouta"}, {"source": "val_00039588", "target": "tiger_shark"}, {"source": "val_00039775", "target": "chambered_nautilus"}, {"source": "val_00039775", "target": "coil"}, {"source": "val_00039775", "target": "conch"}, {"source": "val_00039775", "target": "hermit_crab"}, {"source": "val_00039775", "target": "snail"}, {"source": "val_00040385", "target": "sea_cucumber"}, {"source": "val_00041841", "target": "earthstar"}, {"source": "val_00041841", "target": "stinkhorn"}, {"source": "val_00041892", "target": "American_lobster"}, {"source": "val_00042159", "target": "Dungeness_crab"}, {"source": "val_00042159", "target": "sturgeon"}, {"source": "val_00042288", "target": "scuba_diver"}, {"source": "val_00042288", "target": "tiger_shark"}, {"source": "val_00042324", "target": "great_white_shark"}, {"source": "val_00042458", "target": "buckeye"}, {"source": "val_00043097", "target": "dugong"}, {"source": "val_00043240", "target": "flatworm"}, {"source": "val_00043240", "target": "sea_cucumber"}, {"source": "val_00043240", "target": "slug"}, {"source": "val_00043240", "target": "starfish"}, {"source": "val_00044680", "target": "agaric"}, {"source": "val_00044680", "target": "bolete"}, {"source": "val_00044680", "target": "slug"}, {"source": "val_00044680", "target": "stinkhorn"}, {"source": "val_00044880", "target": "buckeye"}, {"source": "val_00045556", "target": "chambered_nautilus"}, {"source": "val_00045556", "target": "coil"}, {"source": "val_00045604", "target": "coral_reef"}, {"source": "val_00045604", "target": "lionfish"}, {"source": "val_00045604", "target": "sea_cucumber"}, {"source": "val_00045604", "target": "sea_urchin"}, {"source": "val_00046167", "target": "conch"}, {"source": "val_00046167", "target": "scuba_diver"}, {"source": "val_00046167", "target": "sea_cucumber"}, {"source": "val_00046167", "target": "snorkel"}, {"source": "val_00046167", "target": "stingray"}, {"source": "val_00046252", "target": "barracouta"}, {"source": "val_00046252", "target": "eel"}, {"source": "val_00046252", "target": "tench"}, {"source": "val_00046480", "target": "coral_reef"}, {"source": "val_00046480", "target": "sea_anemone"}, {"source": "val_00046480", "target": "snorkel"}, {"source": "val_00046724", "target": "coral_reef"}, {"source": "val_00046724", "target": "sea_urchin"}, {"source": "val_00047927", "target": "brain_coral"}, {"source": "val_00047927", "target": "coral_reef"}, {"source": "val_00047927", "target": "electric_ray"}, {"source": "val_00047927", "target": "rock_beauty"}, {"source": "val_00047998", "target": "earthstar"}, {"source": "val_00047998", "target": "gyromitra"}, {"source": "val_00047998", "target": "stinkhorn"}, {"source": "val_00048066", "target": "agaric"}, {"source": "val_00048066", "target": "slug"}, {"source": "val_00048668", "target": "coral_reef"}, {"source": "val_00048668", "target": "scuba_diver"}, {"source": "val_00048668", "target": "sea_cucumber"}, {"source": "val_00048668", "target": "snorkel"}, {"source": "val_00048668", "target": "stingray"}, {"source": "val_00049524", "target": "gyromitra"}]}