{"nodes": [{"id": "val_00019748", "group": 1.0, "part": 0, "shape": "circle"}, {"id": "shopping_cart", "group": 4.0, "part": 0, "shape": "circle"}, {"id": "val_00032004", "group": 1.0, "part": 0, "shape": "circle"}, {"id": "val_00007221", "group": 1.0, "part": 0, "shape": "circle"}, {"id": "val_00029793", "group": 1.0, "part": 0, "shape": "circle"}], "links": [{"source": "shopping_cart", "target": "val_00007221"}, {"source": "shopping_cart", "target": "val_00029793"}, {"source": "shopping_cart", "target": "val_00032004"}, {"source": "val_00019748", "target": "shopping_cart"}]}