{"nodes": [{"id": "val_00035834", "group": 1.0, "part": 1, "shape": "circle"}, {"id": "val_00022952", "group": 1.0, "part": 1, "shape": "circle"}, {"id": "val_00040554", "group": 1.0, "part": 1, "shape": "circle"}, {"id": "trench_coat", "group": 4.0, "part": 1, "shape": "circle"}, {"id": "val_00030063", "group": 1.0, "part": 0, "shape": "circle"}, {"id": "stole", "group": 4.0, "part": 0, "shape": "circle"}, {"id": "val_00042518", "group": 1.0, "part": 0, "shape": "circle"}, {"id": "val_00024006", "group": 1.0, "part": 0, "shape": "circle"}], "links": [{"source": "stole", "target": "val_00022952"}, {"source": "stole", "target": "val_00024006"}, {"source": "stole", "target": "val_00042518"}, {"source": "trench_coat", "target": "val_00024006"}, {"source": "val_00022952", "target": "trench_coat"}, {"source": "val_00030063", "target": "stole"}, {"source": "val_00030063", "target": "trench_coat"}, {"source": "val_00035834", "target": "trench_coat"}, {"source": "val_00040554", "target": "trench_coat"}]}