{"nodes": [{"id": "container_ship", "group": 4.0, "part": 0, "shape": "circle"}, {"id": "val_00027211", "group": 1.0, "part": 0, "shape": "circle"}, {"id": "val_00044682", "group": 1.0, "part": 0, "shape": "circle"}, {"id": "val_00039908", "group": 1.0, "part": 0, "shape": "circle"}, {"id": "val_00042164", "group": 1.0, "part": 0, "shape": "circle"}], "links": [{"source": "container_ship", "target": "val_00027211"}, {"source": "container_ship", "target": "val_00039908"}, {"source": "container_ship", "target": "val_00042164"}, {"source": "container_ship", "target": "val_00044682"}]}