{"nodes": [{"id": "val_00003376", "group": 1.0, "part": 0, "shape": "circle"}, {"id": "val_00037618", "group": 1.0, "part": 0, "shape": "circle"}, {"id": "val_00042931", "group": 1.0, "part": 0, "shape": "circle"}, {"id": "val_00015351", "group": 1.0, "part": 0, "shape": "circle"}, {"id": "feather_boa", "group": 4.0, "part": 0, "shape": "circle"}], "links": [{"source": "val_00003376", "target": "feather_boa"}, {"source": "val_00015351", "target": "feather_boa"}, {"source": "val_00037618", "target": "feather_boa"}, {"source": "val_00042931", "target": "feather_boa"}]}