{"nodes": [{"id": "broom", "group": 4.0, "part": 0, "shape": "circle"}, {"id": "hatchet", "group": 4.0, "part": 0, "shape": "circle"}, {"id": "hog", "group": 4.0, "part": 0, "shape": "circle"}, {"id": "cleaver", "group": 4.0, "part": 0, "shape": "circle"}, {"id": "val_00019775", "group": 1.0, "part": 0, "shape": "circle"}], "links": [{"source": "broom", "target": "val_00019775"}, {"source": "cleaver", "target": "val_00019775"}, {"source": "hatchet", "target": "val_00019775"}, {"source": "hog", "target": "val_00019775"}]}