{"nodes": [{"id": "val_00005210", "group": 1.0, "part": 0, "shape": "circle"}, {"id": "water_snake", "group": 4.0, "part": 0, "shape": "circle"}, {"id": "val_00007719", "group": 1.0, "part": 0, "shape": "circle"}, {"id": "val_00049933", "group": 1.0, "part": 0, "shape": "circle"}, {"id": "val_00046516", "group": 1.0, "part": 0, "shape": "circle"}, {"id": "sea_snake", "group": 4.0, "part": 0, "shape": "circle"}, {"id": "val_00021332", "group": 1.0, "part": 0, "shape": "circle"}, {"id": "val_00033903", "group": 1.0, "part": 0, "shape": "circle"}, {"id": "val_00044395", "group": 1.0, "part": 0, "shape": "circle"}, {"id": "val_00043075", "group": 1.0, "part": 0, "shape": "circle"}, {"id": "val_00028861", "group": 1.0, "part": 0, "shape": "circle"}, {"id": "val_00007710", "group": 1.0, "part": 1, "shape": "circle"}, {"id": "val_00015794", "group": 1.0, "part": 1, "shape": "circle"}, {"id": "val_00036990", "group": 1.0, "part": 1, "shape": "circle"}, {"id": "val_00021593", "group": 1.0, "part": 1, "shape": "circle"}, {"id": "val_00018204", "group": 1.0, "part": 1, "shape": "circle"}, {"id": "val_00048574", "group": 1.0, "part": 1, "shape": "circle"}, {"id": "val_00000029", "group": 1.0, "part": 1, "shape": "circle"}, {"id": "val_00022436", "group": 1.0, "part": 1, "shape": "circle"}, {"id": "val_00039780", "group": 1.0, "part": 1, "shape": "circle"}, {"id": "val_00041931", "group": 1.0, "part": 1, "shape": "circle"}, {"id": "green_mamba", "group": 4.0, "part": 1, "shape": "circle"}, {"id": "green_snake", "group": 4.0, "part": 1, "shape": "circle"}, {"id": "vine_snake", "group": 4.0, "part": 1, "shape": "circle"}, {"id": "Indian_cobra", "group": 4.0, "part": 2, "shape": "circle"}, {"id": "thunder_snake", "group": 4.0, "part": 2, "shape": "circle"}, {"id": "ringneck_snake", "group": 4.0, "part": 2, "shape": "circle"}, {"id": "val_00045256", "group": 1.0, "part": 2, "shape": "circle"}, {"id": "val_00033547", "group": 1.0, "part": 2, "shape": "circle"}, {"id": "val_00038667", "group": 1.0, "part": 2, "shape": "circle"}, {"id": "val_00003071", "group": 1.0, "part": 2, "shape": "circle"}, {"id": "val_00016737", "group": 1.0, "part": 2, "shape": "circle"}, {"id": "val_00034251", "group": 1.0, "part": 2, "shape": "circle"}, {"id": "night_snake", "group": 4.0, "part": 2, "shape": "circle"}, {"id": "val_00020274", "group": 1.0, "part": 2, "shape": "circle"}, {"id": "val_00042100", "group": 1.0, "part": 2, "shape": "circle"}, {"id": "val_00022901", "group": 1.0, "part": 2, "shape": "circle"}, {"id": "garter_snake", "group": 4.0, "part": 2, "shape": "circle"}, {"id": "val_00019966", "group": 1.0, "part": 2, "shape": "circle"}, {"id": "val_00020383", "group": 1.0, "part": 2, "shape": "circle"}, {"id": "val_00027330", "group": 1.0, "part": 2, "shape": "circle"}, {"id": "val_00042111", "group": 1.0, "part": 2, "shape": "circle"}, {"id": "val_00021130", "group": 1.0, "part": 2, "shape": "circle"}], "links": [{"source": "Indian_cobra", "target": "val_00003071"}, {"source": "Indian_cobra", "target": "val_00016737"}, {"source": "Indian_cobra", "target": "val_00021130"}, {"source": "Indian_cobra", "target": "val_00027330"}, {"source": "Indian_cobra", "target": "val_00039780"}, {"source": "Indian_cobra", "target": "val_00042111"}, {"source": "garter_snake", "target": "val_00019966"}, {"source": "garter_snake", "target": "val_00021130"}, {"source": "night_snake", "target": "val_00020274"}, {"source": "night_snake", "target": "val_00020383"}, {"source": "night_snake", "target": "val_00021130"}, {"source": "night_snake", "target": "val_00021332"}, {"source": "night_snake", "target": "val_00022901"}, {"source": "night_snake", "target": "val_00027330"}, {"source": "night_snake", "target": "val_00028861"}, {"source": "night_snake", "target": "val_00033903"}, {"source": "night_snake", "target": "val_00039780"}, {"source": "night_snake", "target": "val_00041931"}, {"source": "night_snake", "target": "val_00042100"}, {"source": "night_snake", "target": "val_00042111"}, {"source": "night_snake", "target": "val_00043075"}, {"source": "ringneck_snake", "target": "val_00003071"}, {"source": "ringneck_snake", "target": "val_00007719"}, {"source": "ringneck_snake", "target": "val_00016737"}, {"source": "ringneck_snake", "target": "val_00019966"}, {"source": "ringneck_snake", "target": "val_00020274"}, {"source": "ringneck_snake", "target": "val_00020383"}, {"source": "ringneck_snake", "target": "val_00021130"}, {"source": "ringneck_snake", "target": "val_00021332"}, {"source": "ringneck_snake", "target": "val_00022901"}, {"source": "ringneck_snake", "target": "val_00027330"}, {"source": "ringneck_snake", "target": "val_00028861"}, {"source": "ringneck_snake", "target": "val_00033547"}, {"source": "ringneck_snake", "target": "val_00033903"}, {"source": "ringneck_snake", "target": "val_00034251"}, {"source": "ringneck_snake", "target": "val_00042100"}, {"source": "ringneck_snake", "target": "val_00042111"}, {"source": "ringneck_snake", "target": "val_00045256"}, {"source": "ringneck_snake", "target": "val_00046516"}, {"source": "ringneck_snake", "target": "val_00049933"}, {"source": "sea_snake", "target": "val_00019966"}, {"source": "sea_snake", "target": "val_00020274"}, {"source": "sea_snake", "target": "val_00021332"}, {"source": "sea_snake", "target": "val_00028861"}, {"source": "sea_snake", "target": "val_00033903"}, {"source": "sea_snake", "target": "val_00043075"}, {"source": "sea_snake", "target": "val_00044395"}, {"source": "thunder_snake", "target": "val_00003071"}, {"source": "thunder_snake", "target": "val_00007719"}, {"source": "thunder_snake", "target": "val_00016737"}, {"source": "thunder_snake", "target": "val_00019966"}, {"source": "thunder_snake", "target": "val_00020274"}, {"source": "thunder_snake", "target": "val_00020383"}, {"source": "thunder_snake", "target": "val_00021593"}, {"source": "thunder_snake", "target": "val_00022436"}, {"source": "thunder_snake", "target": "val_00022901"}, {"source": "thunder_snake", "target": "val_00028861"}, {"source": "thunder_snake", "target": "val_00033547"}, {"source": "thunder_snake", "target": "val_00034251"}, {"source": "thunder_snake", "target": "val_00038667"}, {"source": "thunder_snake", "target": "val_00041931"}, {"source": "thunder_snake", "target": "val_00042100"}, {"source": "thunder_snake", "target": "val_00042111"}, {"source": "thunder_snake", "target": "val_00045256"}, {"source": "thunder_snake", "target": "val_00046516"}, {"source": "thunder_snake", "target": "val_00048574"}, {"source": "val_00000029", "target": "green_mamba"}, {"source": "val_00000029", "target": "green_snake"}, {"source": "val_00000029", "target": "night_snake"}, {"source": "val_00000029", "target": "vine_snake"}, {"source": "val_00003071", "target": "night_snake"}, {"source": "val_00005210", "target": "sea_snake"}, {"source": "val_00005210", "target": "thunder_snake"}, {"source": "val_00005210", "target": "water_snake"}, {"source": "val_00007710", "target": "green_mamba"}, {"source": "val_00007710", "target": "green_snake"}, {"source": "val_00007710", "target": "night_snake"}, {"source": "val_00007710", "target": "thunder_snake"}, {"source": "val_00007710", "target": "vine_snake"}, {"source": "val_00007719", "target": "night_snake"}, {"source": "val_00007719", "target": "sea_snake"}, {"source": "val_00015794", "target": "green_snake"}, {"source": "val_00015794", "target": "night_snake"}, {"source": "val_00015794", "target": "sea_snake"}, {"source": "val_00015794", "target": "vine_snake"}, {"source": "val_00016737", "target": "night_snake"}, {"source": "val_00018204", "target": "green_snake"}, {"source": "val_00018204", "target": "night_snake"}, {"source": "val_00018204", "target": "sea_snake"}, {"source": "val_00018204", "target": "vine_snake"}, {"source": "val_00020274", "target": "green_snake"}, {"source": "val_00021593", "target": "green_mamba"}, {"source": "val_00021593", "target": "green_snake"}, {"source": "val_00021593", "target": "night_snake"}, {"source": "val_00021593", "target": "vine_snake"}, {"source": "val_00022436", "target": "green_mamba"}, {"source": "val_00022436", "target": "green_snake"}, {"source": "val_00022436", "target": "night_snake"}, {"source": "val_00022436", "target": "vine_snake"}, {"source": "val_00033547", "target": "night_snake"}, {"source": "val_00033903", "target": "vine_snake"}, {"source": "val_00034251", "target": "garter_snake"}, {"source": "val_00034251", "target": "night_snake"}, {"source": "val_00036990", "target": "green_mamba"}, {"source": "val_00036990", "target": "vine_snake"}, {"source": "val_00038667", "target": "night_snake"}, {"source": "val_00039780", "target": "green_mamba"}, {"source": "val_00039780", "target": "green_snake"}, {"source": "val_00039780", "target": "vine_snake"}, {"source": "val_00041931", "target": "green_mamba"}, {"source": "val_00041931", "target": "green_snake"}, {"source": "val_00041931", "target": "vine_snake"}, {"source": "val_00043075", "target": "vine_snake"}, {"source": "val_00045256", "target": "garter_snake"}, {"source": "val_00045256", "target": "night_snake"}, {"source": "val_00046516", "target": "night_snake"}, {"source": "val_00046516", "target": "sea_snake"}, {"source": "val_00048574", "target": "green_mamba"}, {"source": "val_00048574", "target": "green_snake"}, {"source": "val_00048574", "target": "night_snake"}, {"source": "val_00048574", "target": "vine_snake"}, {"source": "val_00049933", "target": "night_snake"}, {"source": "val_00049933", "target": "sea_snake"}, {"source": "water_snake", "target": "val_00007719"}, {"source": "water_snake", "target": "val_00021332"}, {"source": "water_snake", "target": "val_00027330"}, {"source": "water_snake", "target": "val_00028861"}, {"source": "water_snake", "target": "val_00033903"}, {"source": "water_snake", "target": "val_00042111"}, {"source": "water_snake", "target": "val_00043075"}, {"source": "water_snake", "target": "val_00044395"}, {"source": "water_snake", "target": "val_00046516"}, {"source": "water_snake", "target": "val_00049933"}]}