{"val_00031439": "/img/ILSVRC2012_val_00031439.JPEG", "val_00017553": "/img/ILSVRC2012_val_00017553.JPEG", "Saluki": "/img/None", "val_00032859": "/img/ILSVRC2012_val_00032859.JPEG", "val_00017766": "/img/ILSVRC2012_val_00017766.JPEG", "Afghan_hound": "/img/None", "val_00002325": "/img/ILSVRC2012_val_00002325.JPEG", "val_00030323": "/img/ILSVRC2012_val_00030323.JPEG", "val_00031384": "/img/ILSVRC2012_val_00031384.JPEG", "val_00036266": "/img/ILSVRC2012_val_00036266.JPEG", "val_00040201": "/img/ILSVRC2012_val_00040201.JPEG", "val_00009666": "/img/ILSVRC2012_val_00009666.JPEG", "borzoi": "/img/None", "val_00008997": "/img/ILSVRC2012_val_00008997.JPEG", "val_00001576": "/img/ILSVRC2012_val_00001576.JPEG", "val_00047617": "/img/ILSVRC2012_val_00047617.JPEG", "whippet": "/img/None"}