{"nodes": [{"id": "val_00004818", "group": 1.0, "part": 0, "shape": "circle"}, {"id": "val_00003139", "group": 1.0, "part": 0, "shape": "circle"}, {"id": "val_00019590", "group": 1.0, "part": 0, "shape": "circle"}, {"id": "val_00024509", "group": 1.0, "part": 0, "shape": "circle"}, {"id": "EntleBucher", "group": 4.0, "part": 0, "shape": "circle"}, {"id": "val_00012140", "group": 1.0, "part": 0, "shape": "circle"}], "links": [{"source": "EntleBucher", "target": "val_00012140"}, {"source": "val_00003139", "target": "EntleBucher"}, {"source": "val_00004818", "target": "EntleBucher"}, {"source": "val_00019590", "target": "EntleBucher"}, {"source": "val_00024509", "target": "EntleBucher"}]}