{"nodes": [{"id": "val_00030791", "group": 1.0, "part": 0, "shape": "circle"}, {"id": "val_00023680", "group": 1.0, "part": 0, "shape": "circle"}, {"id": "black-footed_ferret", "group": 4.0, "part": 0, "shape": "circle"}, {"id": "val_00017114", "group": 1.0, "part": 0, "shape": "circle"}, {"id": "val_00035718", "group": 1.0, "part": 0, "shape": "circle"}, {"id": "val_00037395", "group": 1.0, "part": 0, "shape": "circle"}, {"id": "val_00001791", "group": 1.0, "part": 0, "shape": "circle"}, {"id": "val_00004298", "group": 1.0, "part": 0, "shape": "circle"}, {"id": "val_00026889", "group": 1.0, "part": 0, "shape": "circle"}, {"id": "val_00013240", "group": 1.0, "part": 0, "shape": "circle"}, {"id": "weasel", "group": 4.0, "part": 1, "shape": "circle"}, {"id": "val_00003081", "group": 1.0, "part": 1, "shape": "circle"}, {"id": "val_00031891", "group": 1.0, "part": 1, "shape": "circle"}, {"id": "val_00030804", "group": 1.0, "part": 1, "shape": "circle"}, {"id": "val_00049220", "group": 1.0, "part": 1, "shape": "circle"}, {"id": "val_00008520", "group": 1.0, "part": 1, "shape": "circle"}, {"id": "val_00025162", "group": 1.0, "part": 1, "shape": "circle"}, {"id": "val_00040698", "group": 1.0, "part": 1, "shape": "circle"}, {"id": "val_00039520", "group": 1.0, "part": 1, "shape": "circle"}, {"id": "val_00027060", "group": 1.0, "part": 1, "shape": "circle"}, {"id": "val_00024653", "group": 1.0, "part": 1, "shape": "circle"}, {"id": "val_00041087", "group": 1.0, "part": 1, "shape": "circle"}, {"id": "val_00032447", "group": 1.0, "part": 1, "shape": "circle"}, {"id": "val_00026182", "group": 1.0, "part": 1, "shape": "circle"}, {"id": "val_00014437", "group": 1.0, "part": 1, "shape": "circle"}, {"id": "mink", "group": 4.0, "part": 1, "shape": "circle"}, {"id": "val_00002339", "group": 1.0, "part": 1, "shape": "circle"}, {"id": "val_00030612", "group": 1.0, "part": 1, "shape": "circle"}, {"id": "val_00040228", "group": 1.0, "part": 2, "shape": "circle"}, {"id": "skunk", "group": 4.0, "part": 2, "shape": "circle"}, {"id": "val_00029936", "group": 1.0, "part": 2, "shape": "circle"}, {"id": "val_00022832", "group": 1.0, "part": 2, "shape": "circle"}, {"id": "badger", "group": 4.0, "part": 2, "shape": "circle"}, {"id": "val_00044728", "group": 1.0, "part": 2, "shape": "circle"}, {"id": "val_00028802", "group": 1.0, "part": 2, "shape": "circle"}, {"id": "val_00034590", "group": 1.0, "part": 2, "shape": "circle"}, {"id": "val_00042483", "group": 1.0, "part": 2, "shape": "circle"}, {"id": "val_00000726", "group": 1.0, "part": 2, "shape": "circle"}, {"id": "val_00008891", "group": 1.0, "part": 2, "shape": "circle"}, {"id": "val_00001407", "group": 1.0, "part": 2, "shape": "circle"}, {"id": "polecat", "group": 4.0, "part": 2, "shape": "circle"}, {"id": "val_00039103", "group": 1.0, "part": 2, "shape": "circle"}, {"id": "val_00030626", "group": 1.0, "part": 2, "shape": "circle"}, {"id": "val_00042540", "group": 1.0, "part": 2, "shape": "circle"}, {"id": "val_00023775", "group": 1.0, "part": 2, "shape": "circle"}, {"id": "val_00012283", "group": 1.0, "part": 2, "shape": "circle"}], "links": [{"source": "badger", "target": "val_00000726"}, {"source": "badger", "target": "val_00001407"}, {"source": "badger", "target": "val_00008891"}, {"source": "badger", "target": "val_00012283"}, {"source": "badger", "target": "val_00013240"}, {"source": "badger", "target": "val_00017114"}, {"source": "badger", "target": "val_00023775"}, {"source": "badger", "target": "val_00025162"}, {"source": "badger", "target": "val_00026182"}, {"source": "badger", "target": "val_00028802"}, {"source": "badger", "target": "val_00030626"}, {"source": "badger", "target": "val_00034590"}, {"source": "badger", "target": "val_00035718"}, {"source": "badger", "target": "val_00037395"}, {"source": "badger", "target": "val_00039103"}, {"source": "badger", "target": "val_00042483"}, {"source": "badger", "target": "val_00042540"}, {"source": "badger", "target": "val_00044728"}, {"source": "black-footed_ferret", "target": "val_00000726"}, {"source": "black-footed_ferret", "target": "val_00001791"}, {"source": "black-footed_ferret", "target": "val_00002339"}, {"source": "black-footed_ferret", "target": "val_00004298"}, {"source": "black-footed_ferret", "target": "val_00008891"}, {"source": "black-footed_ferret", "target": "val_00013240"}, {"source": "black-footed_ferret", "target": "val_00017114"}, {"source": "black-footed_ferret", "target": "val_00022832"}, {"source": "black-footed_ferret", "target": "val_00024653"}, {"source": "black-footed_ferret", "target": "val_00025162"}, {"source": "black-footed_ferret", "target": "val_00026889"}, {"source": "black-footed_ferret", "target": "val_00027060"}, {"source": "black-footed_ferret", "target": "val_00030626"}, {"source": "black-footed_ferret", "target": "val_00034590"}, {"source": "black-footed_ferret", "target": "val_00035718"}, {"source": "black-footed_ferret", "target": "val_00037395"}, {"source": "black-footed_ferret", "target": "val_00039103"}, {"source": "black-footed_ferret", "target": "val_00042483"}, {"source": "black-footed_ferret", "target": "val_00042540"}, {"source": "black-footed_ferret", "target": "val_00044728"}, {"source": "black-footed_ferret", "target": "val_00049220"}, {"source": "mink", "target": "val_00002339"}, {"source": "mink", "target": "val_00013240"}, {"source": "mink", "target": "val_00030612"}, {"source": "polecat", "target": "val_00002339"}, {"source": "polecat", "target": "val_00012283"}, {"source": "polecat", "target": "val_00013240"}, {"source": "polecat", "target": "val_00023775"}, {"source": "polecat", "target": "val_00030612"}, {"source": "polecat", "target": "val_00030626"}, {"source": "polecat", "target": "val_00039103"}, {"source": "polecat", "target": "val_00042540"}, {"source": "skunk", "target": "val_00000726"}, {"source": "skunk", "target": "val_00012283"}, {"source": "skunk", "target": "val_00023775"}, {"source": "skunk", "target": "val_00028802"}, {"source": "skunk", "target": "val_00029936"}, {"source": "skunk", "target": "val_00039103"}, {"source": "val_00000726", "target": "polecat"}, {"source": "val_00001407", "target": "mink"}, {"source": "val_00001407", "target": "polecat"}, {"source": "val_00001791", "target": "mink"}, {"source": "val_00001791", "target": "polecat"}, {"source": "val_00003081", "target": "badger"}, {"source": "val_00003081", "target": "black-footed_ferret"}, {"source": "val_00003081", "target": "mink"}, {"source": "val_00003081", "target": "polecat"}, {"source": "val_00004298", "target": "mink"}, {"source": "val_00004298", "target": "polecat"}, {"source": "val_00008520", "target": "mink"}, {"source": "val_00008520", "target": "polecat"}, {"source": "val_00008891", "target": "mink"}, {"source": "val_00008891", "target": "polecat"}, {"source": "val_00014437", "target": "mink"}, {"source": "val_00014437", "target": "polecat"}, {"source": "val_00017114", "target": "mink"}, {"source": "val_00017114", "target": "polecat"}, {"source": "val_00022832", "target": "badger"}, {"source": "val_00022832", "target": "mink"}, {"source": "val_00022832", "target": "polecat"}, {"source": "val_00023680", "target": "black-footed_ferret"}, {"source": "val_00023680", "target": "mink"}, {"source": "val_00023680", "target": "polecat"}, {"source": "val_00024653", "target": "mink"}, {"source": "val_00024653", "target": "polecat"}, {"source": "val_00025162", "target": "mink"}, {"source": "val_00025162", "target": "polecat"}, {"source": "val_00026182", "target": "polecat"}, {"source": "val_00026889", "target": "mink"}, {"source": "val_00026889", "target": "polecat"}, {"source": "val_00027060", "target": "mink"}, {"source": "val_00027060", "target": "polecat"}, {"source": "val_00028802", "target": "polecat"}, {"source": "val_00029936", "target": "badger"}, {"source": "val_00029936", "target": "mink"}, {"source": "val_00029936", "target": "polecat"}, {"source": "val_00030626", "target": "mink"}, {"source": "val_00030791", "target": "black-footed_ferret"}, {"source": "val_00030791", "target": "mink"}, {"source": "val_00030791", "target": "polecat"}, {"source": "val_00030791", "target": "weasel"}, {"source": "val_00030804", "target": "mink"}, {"source": "val_00030804", "target": "polecat"}, {"source": "val_00031891", "target": "mink"}, {"source": "val_00032447", "target": "mink"}, {"source": "val_00032447", "target": "polecat"}, {"source": "val_00034590", "target": "mink"}, {"source": "val_00034590", "target": "polecat"}, {"source": "val_00035718", "target": "mink"}, {"source": "val_00035718", "target": "polecat"}, {"source": "val_00037395", "target": "mink"}, {"source": "val_00037395", "target": "polecat"}, {"source": "val_00039520", "target": "mink"}, {"source": "val_00039520", "target": "polecat"}, {"source": "val_00040228", "target": "badger"}, {"source": "val_00040228", "target": "polecat"}, {"source": "val_00040228", "target": "skunk"}, {"source": "val_00040698", "target": "mink"}, {"source": "val_00040698", "target": "polecat"}, {"source": "val_00041087", "target": "mink"}, {"source": "val_00041087", "target": "polecat"}, {"source": "val_00042483", "target": "mink"}, {"source": "val_00042483", "target": "polecat"}, {"source": "val_00042540", "target": "mink"}, {"source": "val_00044728", "target": "mink"}, {"source": "val_00044728", "target": "polecat"}, {"source": "val_00049220", "target": "badger"}, {"source": "val_00049220", "target": "mink"}, {"source": "val_00049220", "target": "polecat"}, {"source": "weasel", "target": "val_00000726"}, {"source": "weasel", "target": "val_00001407"}, {"source": "weasel", "target": "val_00001791"}, {"source": "weasel", "target": "val_00002339"}, {"source": "weasel", "target": "val_00003081"}, {"source": "weasel", "target": "val_00004298"}, {"source": "weasel", "target": "val_00008520"}, {"source": "weasel", "target": "val_00008891"}, {"source": "weasel", "target": "val_00012283"}, {"source": "weasel", "target": "val_00013240"}, {"source": "weasel", "target": "val_00014437"}, {"source": "weasel", "target": "val_00017114"}, {"source": "weasel", "target": "val_00022832"}, {"source": "weasel", "target": "val_00023680"}, {"source": "weasel", "target": "val_00024653"}, {"source": "weasel", "target": "val_00025162"}, {"source": "weasel", "target": "val_00026182"}, {"source": "weasel", "target": "val_00026889"}, {"source": "weasel", "target": "val_00027060"}, {"source": "weasel", "target": "val_00028802"}, {"source": "weasel", "target": "val_00029936"}, {"source": "weasel", "target": "val_00030612"}, {"source": "weasel", "target": "val_00030626"}, {"source": "weasel", "target": "val_00030804"}, {"source": "weasel", "target": "val_00031891"}, {"source": "weasel", "target": "val_00032447"}, {"source": "weasel", "target": "val_00034590"}, {"source": "weasel", "target": "val_00035718"}, {"source": "weasel", "target": "val_00037395"}, {"source": "weasel", "target": "val_00039103"}, {"source": "weasel", "target": "val_00039520"}, {"source": "weasel", "target": "val_00040228"}, {"source": "weasel", "target": "val_00040698"}, {"source": "weasel", "target": "val_00041087"}, {"source": "weasel", "target": "val_00042483"}, {"source": "weasel", "target": "val_00042540"}, {"source": "weasel", "target": "val_00044728"}, {"source": "weasel", "target": "val_00049220"}]}