{"nodes": [{"id": "val_00029920", "group": 1.0, "part": 0, "shape": "circle"}, {"id": "screwdriver", "group": 4.0, "part": 0, "shape": "circle"}, {"id": "val_00003609", "group": 1.0, "part": 0, "shape": "circle"}, {"id": "val_00049423", "group": 1.0, "part": 0, "shape": "circle"}, {"id": "val_00033137", "group": 1.0, "part": 0, "shape": "circle"}, {"id": "val_00014812", "group": 1.0, "part": 0, "shape": "circle"}, {"id": "val_00029403", "group": 1.0, "part": 1, "shape": "circle"}, {"id": "val_00011209", "group": 1.0, "part": 1, "shape": "circle"}, {"id": "val_00015214", "group": 1.0, "part": 1, "shape": "circle"}, {"id": "screw", "group": 4.0, "part": 1, "shape": "circle"}, {"id": "val_00014997", "group": 1.0, "part": 1, "shape": "circle"}, {"id": "val_00014344", "group": 1.0, "part": 1, "shape": "circle"}], "links": [{"source": "screw", "target": "val_00014344"}, {"source": "screw", "target": "val_00014812"}, {"source": "screw", "target": "val_00014997"}, {"source": "screw", "target": "val_00033137"}, {"source": "screwdriver", "target": "val_00003609"}, {"source": "screwdriver", "target": "val_00014344"}, {"source": "screwdriver", "target": "val_00014812"}, {"source": "screwdriver", "target": "val_00014997"}, {"source": "screwdriver", "target": "val_00033137"}, {"source": "screwdriver", "target": "val_00049423"}, {"source": "val_00003609", "target": "screw"}, {"source": "val_00011209", "target": "screw"}, {"source": "val_00011209", "target": "screwdriver"}, {"source": "val_00015214", "target": "screw"}, {"source": "val_00015214", "target": "screwdriver"}, {"source": "val_00029403", "target": "screw"}, {"source": "val_00029403", "target": "screwdriver"}, {"source": "val_00029920", "target": "screw"}, {"source": "val_00029920", "target": "screwdriver"}, {"source": "val_00049423", "target": "screw"}]}