{"nodes": [{"id": "val_00031439", "group": 1.0, "part": 1, "shape": "circle"}, {"id": "val_00017553", "group": 1.0, "part": 1, "shape": "circle"}, {"id": "Saluki", "group": 4.0, "part": 1, "shape": "circle"}, {"id": "val_00032859", "group": 1.0, "part": 1, "shape": "circle"}, {"id": "val_00017766", "group": 1.0, "part": 1, "shape": "circle"}, {"id": "Afghan_hound", "group": 4.0, "part": 1, "shape": "circle"}, {"id": "val_00002325", "group": 1.0, "part": 1, "shape": "circle"}, {"id": "val_00030323", "group": 1.0, "part": 1, "shape": "circle"}, {"id": "val_00031384", "group": 1.0, "part": 1, "shape": "circle"}, {"id": "val_00036266", "group": 1.0, "part": 0, "shape": "circle"}, {"id": "val_00040201", "group": 1.0, "part": 0, "shape": "circle"}, {"id": "val_00009666", "group": 1.0, "part": 0, "shape": "circle"}, {"id": "borzoi", "group": 4.0, "part": 0, "shape": "circle"}, {"id": "val_00008997", "group": 1.0, "part": 0, "shape": "circle"}, {"id": "val_00001576", "group": 1.0, "part": 0, "shape": "circle"}, {"id": "val_00047617", "group": 1.0, "part": 0, "shape": "circle"}, {"id": "whippet", "group": 4.0, "part": 0, "shape": "circle"}], "links": [{"source": "Afghan_hound", "target": "val_00009666"}, {"source": "Afghan_hound", "target": "val_00030323"}, {"source": "Afghan_hound", "target": "val_00047617"}, {"source": "Saluki", "target": "val_00001576"}, {"source": "Saluki", "target": "val_00002325"}, {"source": "Saluki", "target": "val_00009666"}, {"source": "Saluki", "target": "val_00017766"}, {"source": "Saluki", "target": "val_00030323"}, {"source": "Saluki", "target": "val_00031384"}, {"source": "Saluki", "target": "val_00032859"}, {"source": "Saluki", "target": "val_00047617"}, {"source": "borzoi", "target": "val_00001576"}, {"source": "borzoi", "target": "val_00008997"}, {"source": "borzoi", "target": "val_00047617"}, {"source": "val_00001576", "target": "whippet"}, {"source": "val_00002325", "target": "borzoi"}, {"source": "val_00002325", "target": "whippet"}, {"source": "val_00008997", "target": "whippet"}, {"source": "val_00009666", "target": "borzoi"}, {"source": "val_00009666", "target": "whippet"}, {"source": "val_00017553", "target": "Afghan_hound"}, {"source": "val_00017553", "target": "Saluki"}, {"source": "val_00017766", "target": "Afghan_hound"}, {"source": "val_00017766", "target": "borzoi"}, {"source": "val_00031439", "target": "Afghan_hound"}, {"source": "val_00031439", "target": "Saluki"}, {"source": "val_00032859", "target": "Afghan_hound"}, {"source": "val_00036266", "target": "Afghan_hound"}, {"source": "val_00036266", "target": "Saluki"}, {"source": "val_00036266", "target": "borzoi"}, {"source": "val_00040201", "target": "Afghan_hound"}, {"source": "val_00040201", "target": "Saluki"}, {"source": "val_00040201", "target": "borzoi"}, {"source": "val_00040201", "target": "whippet"}, {"source": "val_00047617", "target": "whippet"}]}