{"nodes": [{"id": "breakwater", "group": 4.0, "part": 0, "shape": "circle"}, {"id": "dam", "group": 4.0, "part": 0, "shape": "circle"}, {"id": "val_00043955", "group": 1.0, "part": 0, "shape": "circle"}, {"id": "castle", "group": 4.0, "part": 0, "shape": "circle"}, {"id": "boathouse", "group": 4.0, "part": 0, "shape": "circle"}], "links": [{"source": "breakwater", "target": "val_00043955"}, {"source": "dam", "target": "val_00043955"}, {"source": "val_00043955", "target": "boathouse"}, {"source": "val_00043955", "target": "castle"}]}