{"nodes": [{"id": "gasmask", "group": 4.0, "part": 0, "shape": "circle"}, {"id": "oxygen_mask", "group": 4.0, "part": 0, "shape": "circle"}, {"id": "val_00031381", "group": 1.0, "part": 0, "shape": "circle"}, {"id": "val_00002290", "group": 1.0, "part": 0, "shape": "circle"}, {"id": "val_00029895", "group": 1.0, "part": 0, "shape": "circle"}, {"id": "val_00047186", "group": 1.0, "part": 0, "shape": "circle"}, {"id": "val_00028515", "group": 1.0, "part": 0, "shape": "circle"}, {"id": "val_00014434", "group": 1.0, "part": 0, "shape": "circle"}, {"id": "val_00048987", "group": 1.0, "part": 0, "shape": "circle"}, {"id": "val_00024197", "group": 1.0, "part": 0, "shape": "circle"}, {"id": "val_00047780", "group": 1.0, "part": 0, "shape": "circle"}, {"id": "val_00001756", "group": 1.0, "part": 2, "shape": "circle"}, {"id": "val_00021800", "group": 1.0, "part": 2, "shape": "circle"}, {"id": "ski_mask", "group": 4.0, "part": 2, "shape": "circle"}, {"id": "val_00000550", "group": 1.0, "part": 2, "shape": "circle"}, {"id": "val_00023141", "group": 1.0, "part": 2, "shape": "circle"}, {"id": "val_00013302", "group": 1.0, "part": 2, "shape": "circle"}, {"id": "val_00023908", "group": 1.0, "part": 3, "shape": "circle"}, {"id": "val_00015726", "group": 1.0, "part": 3, "shape": "circle"}, {"id": "val_00022708", "group": 1.0, "part": 3, "shape": "circle"}, {"id": "crash_helmet", "group": 4.0, "part": 3, "shape": "circle"}, {"id": "val_00023331", "group": 1.0, "part": 3, "shape": "circle"}, {"id": "val_00039994", "group": 1.0, "part": 1, "shape": "circle"}, {"id": "val_00014643", "group": 1.0, "part": 1, "shape": "circle"}, {"id": "mask", "group": 4.0, "part": 1, "shape": "circle"}, {"id": "val_00027964", "group": 1.0, "part": 1, "shape": "circle"}, {"id": "val_00040993", "group": 1.0, "part": 1, "shape": "circle"}, {"id": "val_00013259", "group": 1.0, "part": 1, "shape": "circle"}], "links": [{"source": "crash_helmet", "target": "val_00013259"}, {"source": "crash_helmet", "target": "val_00014434"}, {"source": "crash_helmet", "target": "val_00023331"}, {"source": "crash_helmet", "target": "val_00024197"}, {"source": "crash_helmet", "target": "val_00040993"}, {"source": "crash_helmet", "target": "val_00048987"}, {"source": "gasmask", "target": "val_00000550"}, {"source": "gasmask", "target": "val_00002290"}, {"source": "gasmask", "target": "val_00013259"}, {"source": "gasmask", "target": "val_00014643"}, {"source": "gasmask", "target": "val_00015726"}, {"source": "gasmask", "target": "val_00022708"}, {"source": "gasmask", "target": "val_00023141"}, {"source": "gasmask", "target": "val_00023331"}, {"source": "gasmask", "target": "val_00024197"}, {"source": "gasmask", "target": "val_00027964"}, {"source": "gasmask", "target": "val_00028515"}, {"source": "gasmask", "target": "val_00029895"}, {"source": "gasmask", "target": "val_00031381"}, {"source": "gasmask", "target": "val_00047780"}, {"source": "gasmask", "target": "val_00048987"}, {"source": "mask", "target": "val_00013259"}, {"source": "mask", "target": "val_00022708"}, {"source": "mask", "target": "val_00023331"}, {"source": "mask", "target": "val_00027964"}, {"source": "mask", "target": "val_00028515"}, {"source": "mask", "target": "val_00040993"}, {"source": "mask", "target": "val_00048987"}, {"source": "oxygen_mask", "target": "val_00002290"}, {"source": "oxygen_mask", "target": "val_00013259"}, {"source": "oxygen_mask", "target": "val_00013302"}, {"source": "oxygen_mask", "target": "val_00014434"}, {"source": "oxygen_mask", "target": "val_00014643"}, {"source": "oxygen_mask", "target": "val_00015726"}, {"source": "oxygen_mask", "target": "val_00023141"}, {"source": "oxygen_mask", "target": "val_00023331"}, {"source": "oxygen_mask", "target": "val_00023908"}, {"source": "oxygen_mask", "target": "val_00024197"}, {"source": "oxygen_mask", "target": "val_00027964"}, {"source": "oxygen_mask", "target": "val_00028515"}, {"source": "oxygen_mask", "target": "val_00029895"}, {"source": "oxygen_mask", "target": "val_00047186"}, {"source": "oxygen_mask", "target": "val_00047780"}, {"source": "oxygen_mask", "target": "val_00048987"}, {"source": "ski_mask", "target": "val_00000550"}, {"source": "ski_mask", "target": "val_00013259"}, {"source": "ski_mask", "target": "val_00013302"}, {"source": "ski_mask", "target": "val_00022708"}, {"source": "ski_mask", "target": "val_00023141"}, {"source": "ski_mask", "target": "val_00028515"}, {"source": "ski_mask", "target": "val_00047186"}, {"source": "val_00000550", "target": "crash_helmet"}, {"source": "val_00000550", "target": "mask"}, {"source": "val_00001756", "target": "crash_helmet"}, {"source": "val_00001756", "target": "ski_mask"}, {"source": "val_00002290", "target": "ski_mask"}, {"source": "val_00013302", "target": "crash_helmet"}, {"source": "val_00014643", "target": "crash_helmet"}, {"source": "val_00014643", "target": "mask"}, {"source": "val_00015726", "target": "crash_helmet"}, {"source": "val_00015726", "target": "mask"}, {"source": "val_00021800", "target": "mask"}, {"source": "val_00021800", "target": "ski_mask"}, {"source": "val_00022708", "target": "crash_helmet"}, {"source": "val_00023141", "target": "mask"}, {"source": "val_00023908", "target": "crash_helmet"}, {"source": "val_00023908", "target": "ski_mask"}, {"source": "val_00031381", "target": "mask"}, {"source": "val_00031381", "target": "ski_mask"}, {"source": "val_00039994", "target": "mask"}, {"source": "val_00039994", "target": "ski_mask"}, {"source": "val_00047186", "target": "crash_helmet"}]}