{"nodes": [{"id": "val_00010549", "group": 1.0, "part": 0, "shape": "circle"}, {"id": "bikini", "group": 4.0, "part": 0, "shape": "circle"}, {"id": "val_00026657", "group": 1.0, "part": 1, "shape": "circle"}, {"id": "swimming_trunks", "group": 4.0, "part": 1, "shape": "circle"}, {"id": "val_00009816", "group": 1.0, "part": 2, "shape": "circle"}, {"id": "vizsla", "group": 4.0, "part": 2, "shape": "circle"}], "links": [{"source": "val_00009816", "target": "bikini"}, {"source": "val_00009816", "target": "swimming_trunks"}, {"source": "val_00009816", "target": "vizsla"}, {"source": "val_00010549", "target": "bikini"}, {"source": "val_00026657", "target": "bikini"}, {"source": "val_00026657", "target": "swimming_trunks"}]}