{"val_00046236": "/img/ILSVRC2012_val_00046236.JPEG", "val_00006568": "/img/ILSVRC2012_val_00006568.JPEG", "loudspeaker": "/img/None", "val_00017709": "/img/ILSVRC2012_val_00017709.JPEG", "val_00010126": "/img/ILSVRC2012_val_00010126.JPEG", "val_00028701": "/img/ILSVRC2012_val_00028701.JPEG", "radio": "/img/None", "val_00035362": "/img/ILSVRC2012_val_00035362.JPEG", "val_00038785": "/img/ILSVRC2012_val_00038785.JPEG", "val_00010791": "/img/ILSVRC2012_val_00010791.JPEG", "val_00033238": "/img/ILSVRC2012_val_00033238.JPEG", "val_00037314": "/img/ILSVRC2012_val_00037314.JPEG", "val_00040815": "/img/ILSVRC2012_val_00040815.JPEG", "val_00011788": "/img/ILSVRC2012_val_00011788.JPEG", "val_00015097": "/img/ILSVRC2012_val_00015097.JPEG", "val_00005562": "/img/ILSVRC2012_val_00005562.JPEG", "val_00012073": "/img/ILSVRC2012_val_00012073.JPEG", "val_00028245": "/img/ILSVRC2012_val_00028245.JPEG", "val_00034423": "/img/ILSVRC2012_val_00034423.JPEG", "cassette_player": "/img/None", "CD_player": "/img/None", "val_00016585": "/img/ILSVRC2012_val_00016585.JPEG", "val_00020400": "/img/ILSVRC2012_val_00020400.JPEG", "val_00027673": "/img/ILSVRC2012_val_00027673.JPEG", "val_00038135": "/img/ILSVRC2012_val_00038135.JPEG", "val_00037104": "/img/ILSVRC2012_val_00037104.JPEG", "val_00012468": "/img/ILSVRC2012_val_00012468.JPEG", "val_00023887": "/img/ILSVRC2012_val_00023887.JPEG", "tape_player": "/img/None", "cassette": "/img/None", "val_00034496": "/img/ILSVRC2012_val_00034496.JPEG", "val_00039821": "/img/ILSVRC2012_val_00039821.JPEG", "val_00017217": "/img/ILSVRC2012_val_00017217.JPEG", "val_00048478": "/img/ILSVRC2012_val_00048478.JPEG", "val_00036640": "/img/ILSVRC2012_val_00036640.JPEG", "val_00046777": "/img/ILSVRC2012_val_00046777.JPEG", "val_00006037": "/img/ILSVRC2012_val_00006037.JPEG", "val_00008651": "/img/ILSVRC2012_val_00008651.JPEG", "val_00002358": "/img/ILSVRC2012_val_00002358.JPEG", "val_00042982": "/img/ILSVRC2012_val_00042982.JPEG", "val_00037068": "/img/ILSVRC2012_val_00037068.JPEG"}