{"nodes": [{"id": "val_00030033", "group": 1.0, "part": 0, "shape": "circle"}, {"id": "val_00018252", "group": 1.0, "part": 0, "shape": "circle"}, {"id": "val_00034071", "group": 1.0, "part": 0, "shape": "circle"}, {"id": "val_00047424", "group": 1.0, "part": 0, "shape": "circle"}, {"id": "val_00047308", "group": 1.0, "part": 0, "shape": "circle"}, {"id": "hartebeest", "group": 4.0, "part": 0, "shape": "circle"}, {"id": "gazelle", "group": 4.0, "part": 0, "shape": "circle"}, {"id": "val_00035456", "group": 1.0, "part": 0, "shape": "circle"}, {"id": "val_00021795", "group": 1.0, "part": 0, "shape": "circle"}, {"id": "val_00002064", "group": 1.0, "part": 1, "shape": "circle"}, {"id": "impala", "group": 4.0, "part": 1, "shape": "circle"}, {"id": "val_00023252", "group": 1.0, "part": 1, "shape": "circle"}, {"id": "val_00006973", "group": 1.0, "part": 1, "shape": "circle"}], "links": [{"source": "gazelle", "target": "val_00006973"}, {"source": "gazelle", "target": "val_00021795"}, {"source": "gazelle", "target": "val_00035456"}, {"source": "hartebeest", "target": "val_00006973"}, {"source": "hartebeest", "target": "val_00021795"}, {"source": "hartebeest", "target": "val_00023252"}, {"source": "hartebeest", "target": "val_00035456"}, {"source": "impala", "target": "val_00006973"}, {"source": "impala", "target": "val_00021795"}, {"source": "impala", "target": "val_00023252"}, {"source": "impala", "target": "val_00035456"}, {"source": "val_00002064", "target": "gazelle"}, {"source": "val_00002064", "target": "hartebeest"}, {"source": "val_00002064", "target": "impala"}, {"source": "val_00018252", "target": "gazelle"}, {"source": "val_00018252", "target": "hartebeest"}, {"source": "val_00018252", "target": "impala"}, {"source": "val_00030033", "target": "gazelle"}, {"source": "val_00030033", "target": "hartebeest"}, {"source": "val_00030033", "target": "impala"}, {"source": "val_00034071", "target": "gazelle"}, {"source": "val_00034071", "target": "hartebeest"}, {"source": "val_00034071", "target": "impala"}, {"source": "val_00047308", "target": "gazelle"}, {"source": "val_00047308", "target": "hartebeest"}, {"source": "val_00047308", "target": "impala"}, {"source": "val_00047424", "target": "gazelle"}, {"source": "val_00047424", "target": "hartebeest"}, {"source": "val_00047424", "target": "impala"}]}