{"nodes": [{"id": "plastic_bag", "group": 4.0, "part": 0, "shape": "circle"}, {"id": "val_00042141", "group": 1.0, "part": 0, "shape": "circle"}, {"id": "val_00036860", "group": 1.0, "part": 0, "shape": "circle"}, {"id": "val_00016680", "group": 1.0, "part": 0, "shape": "circle"}, {"id": "val_00025217", "group": 1.0, "part": 0, "shape": "circle"}, {"id": "custard_apple", "group": 4.0, "part": 0, "shape": "circle"}, {"id": "val_00032827", "group": 1.0, "part": 0, "shape": "circle"}, {"id": "val_00028257", "group": 1.0, "part": 0, "shape": "circle"}, {"id": "val_00047640", "group": 1.0, "part": 0, "shape": "circle"}, {"id": "fig", "group": 4.0, "part": 0, "shape": "circle"}, {"id": "val_00009579", "group": 1.0, "part": 6, "shape": "circle"}, {"id": "val_00002915", "group": 1.0, "part": 6, "shape": "circle"}, {"id": "val_00023026", "group": 1.0, "part": 6, "shape": "circle"}, {"id": "val_00005177", "group": 1.0, "part": 6, "shape": "circle"}, {"id": "val_00034375", "group": 1.0, "part": 6, "shape": "circle"}, {"id": "val_00040389", "group": 1.0, "part": 6, "shape": "circle"}, {"id": "val_00022487", "group": 1.0, "part": 6, "shape": "circle"}, {"id": "val_00017427", "group": 1.0, "part": 6, "shape": "circle"}, {"id": "banana", "group": 4.0, "part": 6, "shape": "circle"}, {"id": "val_00027944", "group": 1.0, "part": 6, "shape": "circle"}, {"id": "val_00018708", "group": 1.0, "part": 6, "shape": "circle"}, {"id": "val_00045149", "group": 1.0, "part": 6, "shape": "circle"}, {"id": "orange", "group": 4.0, "part": 6, "shape": "circle"}, {"id": "val_00045087", "group": 1.0, "part": 6, "shape": "circle"}, {"id": "val_00027520", "group": 1.0, "part": 6, "shape": "circle"}, {"id": "val_00045114", "group": 1.0, "part": 6, "shape": "circle"}, {"id": "val_00004198", "group": 1.0, "part": 6, "shape": "circle"}, {"id": "Granny_Smith", "group": 4.0, "part": 6, "shape": "circle"}, {"id": "lemon", "group": 4.0, "part": 6, "shape": "circle"}, {"id": "val_00049606", "group": 1.0, "part": 6, "shape": "circle"}, {"id": "val_00036797", "group": 1.0, "part": 6, "shape": "circle"}, {"id": "val_00021098", "group": 1.0, "part": 6, "shape": "circle"}, {"id": "val_00012232", "group": 1.0, "part": 6, "shape": "circle"}, {"id": "val_00030543", "group": 1.0, "part": 2, "shape": "circle"}, {"id": "val_00035902", "group": 1.0, "part": 2, "shape": "circle"}, {"id": "val_00047038", "group": 1.0, "part": 2, "shape": "circle"}, {"id": "val_00030442", "group": 1.0, "part": 2, "shape": "circle"}, {"id": "pineapple", "group": 4.0, "part": 2, "shape": "circle"}, {"id": "jackfruit", "group": 4.0, "part": 2, "shape": "circle"}, {"id": "val_00034787", "group": 1.0, "part": 2, "shape": "circle"}, {"id": "val_00000798", "group": 1.0, "part": 2, "shape": "circle"}, {"id": "chocolate_sauce", "group": 4.0, "part": 3, "shape": "circle"}, {"id": "val_00010091", "group": 1.0, "part": 3, "shape": "circle"}, {"id": "val_00034087", "group": 1.0, "part": 3, "shape": "circle"}, {"id": "val_00009809", "group": 1.0, "part": 3, "shape": "circle"}, {"id": "val_00008465", "group": 1.0, "part": 3, "shape": "circle"}, {"id": "val_00030280", "group": 1.0, "part": 3, "shape": "circle"}, {"id": "val_00028806", "group": 1.0, "part": 3, "shape": "circle"}, {"id": "val_00006126", "group": 1.0, "part": 3, "shape": "circle"}, {"id": "val_00019985", "group": 1.0, "part": 3, "shape": "circle"}, {"id": "trifle", "group": 4.0, "part": 3, "shape": "circle"}, {"id": "val_00012216", "group": 1.0, "part": 3, "shape": "circle"}, {"id": "strawberry", "group": 4.0, "part": 3, "shape": "circle"}, {"id": "ice_cream", "group": 4.0, "part": 3, "shape": "circle"}, {"id": "val_00010616", "group": 1.0, "part": 3, "shape": "circle"}, {"id": "val_00034189", "group": 1.0, "part": 3, "shape": "circle"}, {"id": "val_00043992", "group": 1.0, "part": 3, "shape": "circle"}, {"id": "val_00002949", "group": 1.0, "part": 3, "shape": "circle"}, {"id": "val_00042011", "group": 1.0, "part": 3, "shape": "circle"}, {"id": "ice_lolly", "group": 4.0, "part": 4, "shape": "circle"}, {"id": "val_00001675", "group": 1.0, "part": 4, "shape": "circle"}, {"id": "val_00049964", "group": 1.0, "part": 4, "shape": "circle"}, {"id": "val_00019017", "group": 1.0, "part": 4, "shape": "circle"}, {"id": "val_00021643", "group": 1.0, "part": 4, "shape": "circle"}, {"id": "pomegranate", "group": 4.0, "part": 5, "shape": "circle"}, {"id": "val_00007605", "group": 1.0, "part": 5, "shape": "circle"}, {"id": "val_00029950", "group": 1.0, "part": 5, "shape": "circle"}, {"id": "val_00037108", "group": 1.0, "part": 5, "shape": "circle"}, {"id": "val_00009463", "group": 1.0, "part": 5, "shape": "circle"}, {"id": "hip", "group": 4.0, "part": 5, "shape": "circle"}, {"id": "val_00026720", "group": 1.0, "part": 5, "shape": "circle"}, {"id": "val_00028928", "group": 1.0, "part": 5, "shape": "circle"}, {"id": "val_00005066", "group": 1.0, "part": 5, "shape": "circle"}, {"id": "val_00019783", "group": 1.0, "part": 5, "shape": "circle"}, {"id": "val_00037018", "group": 1.0, "part": 1, "shape": "circle"}, {"id": "val_00046305", "group": 1.0, "part": 1, "shape": "circle"}, {"id": "val_00013588", "group": 1.0, "part": 1, "shape": "circle"}, {"id": "pot", "group": 4.0, "part": 1, "shape": "circle"}], "links": [{"source": "Granny_Smith", "target": "val_00012232"}, {"source": "Granny_Smith", "target": "val_00036797"}, {"source": "banana", "target": "val_00004198"}, {"source": "banana", "target": "val_00012216"}, {"source": "banana", "target": "val_00021098"}, {"source": "banana", "target": "val_00027520"}, {"source": "banana", "target": "val_00045114"}, {"source": "banana", "target": "val_00049606"}, {"source": "chocolate_sauce", "target": "val_00002949"}, {"source": "chocolate_sauce", "target": "val_00006126"}, {"source": "chocolate_sauce", "target": "val_00008465"}, {"source": "chocolate_sauce", "target": "val_00009809"}, {"source": "chocolate_sauce", "target": "val_00010616"}, {"source": "chocolate_sauce", "target": "val_00019985"}, {"source": "chocolate_sauce", "target": "val_00028806"}, {"source": "chocolate_sauce", "target": "val_00030280"}, {"source": "chocolate_sauce", "target": "val_00034087"}, {"source": "chocolate_sauce", "target": "val_00034189"}, {"source": "chocolate_sauce", "target": "val_00042011"}, {"source": "chocolate_sauce", "target": "val_00043992"}, {"source": "custard_apple", "target": "val_00000798"}, {"source": "custard_apple", "target": "val_00028257"}, {"source": "custard_apple", "target": "val_00032827"}, {"source": "custard_apple", "target": "val_00047640"}, {"source": "fig", "target": "val_00002949"}, {"source": "hip", "target": "val_00013588"}, {"source": "hip", "target": "val_00019783"}, {"source": "hip", "target": "val_00026720"}, {"source": "hip", "target": "val_00028928"}, {"source": "ice_cream", "target": "val_00002949"}, {"source": "ice_cream", "target": "val_00034189"}, {"source": "ice_cream", "target": "val_00042011"}, {"source": "ice_cream", "target": "val_00043992"}, {"source": "ice_lolly", "target": "val_00001675"}, {"source": "ice_lolly", "target": "val_00019017"}, {"source": "ice_lolly", "target": "val_00019985"}, {"source": "ice_lolly", "target": "val_00021643"}, {"source": "ice_lolly", "target": "val_00027944"}, {"source": "ice_lolly", "target": "val_00034087"}, {"source": "ice_lolly", "target": "val_00049964"}, {"source": "jackfruit", "target": "val_00000798"}, {"source": "jackfruit", "target": "val_00028257"}, {"source": "jackfruit", "target": "val_00034787"}, {"source": "lemon", "target": "val_00010616"}, {"source": "lemon", "target": "val_00021098"}, {"source": "lemon", "target": "val_00049606"}, {"source": "orange", "target": "val_00004198"}, {"source": "orange", "target": "val_00013588"}, {"source": "orange", "target": "val_00021098"}, {"source": "orange", "target": "val_00027520"}, {"source": "orange", "target": "val_00045087"}, {"source": "orange", "target": "val_00045114"}, {"source": "orange", "target": "val_00049606"}, {"source": "pineapple", "target": "val_00004198"}, {"source": "pineapple", "target": "val_00010616"}, {"source": "pineapple", "target": "val_00012216"}, {"source": "pineapple", "target": "val_00017427"}, {"source": "pineapple", "target": "val_00021098"}, {"source": "pineapple", "target": "val_00034787"}, {"source": "pineapple", "target": "val_00043992"}, {"source": "pineapple", "target": "val_00049606"}, {"source": "plastic_bag", "target": "val_00016680"}, {"source": "plastic_bag", "target": "val_00032827"}, {"source": "plastic_bag", "target": "val_00036797"}, {"source": "plastic_bag", "target": "val_00036860"}, {"source": "plastic_bag", "target": "val_00042141"}, {"source": "plastic_bag", "target": "val_00049964"}, {"source": "pomegranate", "target": "val_00005066"}, {"source": "pomegranate", "target": "val_00007605"}, {"source": "pomegranate", "target": "val_00009463"}, {"source": "pomegranate", "target": "val_00021098"}, {"source": "pomegranate", "target": "val_00026720"}, {"source": "pomegranate", "target": "val_00027520"}, {"source": "pomegranate", "target": "val_00028257"}, {"source": "pomegranate", "target": "val_00028928"}, {"source": "pomegranate", "target": "val_00037108"}, {"source": "pomegranate", "target": "val_00049606"}, {"source": "strawberry", "target": "val_00004198"}, {"source": "strawberry", "target": "val_00005066"}, {"source": "strawberry", "target": "val_00010616"}, {"source": "strawberry", "target": "val_00034189"}, {"source": "strawberry", "target": "val_00043992"}, {"source": "trifle", "target": "val_00010616"}, {"source": "trifle", "target": "val_00012216"}, {"source": "trifle", "target": "val_00034189"}, {"source": "val_00002915", "target": "lemon"}, {"source": "val_00002915", "target": "orange"}, {"source": "val_00004198", "target": "lemon"}, {"source": "val_00005177", "target": "banana"}, {"source": "val_00005177", "target": "lemon"}, {"source": "val_00005177", "target": "orange"}, {"source": "val_00006126", "target": "ice_cream"}, {"source": "val_00006126", "target": "trifle"}, {"source": "val_00007605", "target": "fig"}, {"source": "val_00007605", "target": "hip"}, {"source": "val_00007605", "target": "orange"}, {"source": "val_00008465", "target": "ice_cream"}, {"source": "val_00008465", "target": "trifle"}, {"source": "val_00009463", "target": "fig"}, {"source": "val_00009463", "target": "hip"}, {"source": "val_00009463", "target": "orange"}, {"source": "val_00009579", "target": "Granny_Smith"}, {"source": "val_00009579", "target": "lemon"}, {"source": "val_00009579", "target": "orange"}, {"source": "val_00009809", "target": "ice_cream"}, {"source": "val_00009809", "target": "strawberry"}, {"source": "val_00009809", "target": "trifle"}, {"source": "val_00010091", "target": "ice_cream"}, {"source": "val_00010091", "target": "strawberry"}, {"source": "val_00010091", "target": "trifle"}, {"source": "val_00012216", "target": "strawberry"}, {"source": "val_00013588", "target": "pot"}, {"source": "val_00016680", "target": "custard_apple"}, {"source": "val_00016680", "target": "fig"}, {"source": "val_00016680", "target": "lemon"}, {"source": "val_00017427", "target": "lemon"}, {"source": "val_00017427", "target": "orange"}, {"source": "val_00017427", "target": "strawberry"}, {"source": "val_00018708", "target": "Granny_Smith"}, {"source": "val_00018708", "target": "lemon"}, {"source": "val_00018708", "target": "orange"}, {"source": "val_00019985", "target": "ice_cream"}, {"source": "val_00021643", "target": "ice_cream"}, {"source": "val_00022487", "target": "Granny_Smith"}, {"source": "val_00022487", "target": "fig"}, {"source": "val_00022487", "target": "orange"}, {"source": "val_00023026", "target": "lemon"}, {"source": "val_00023026", "target": "orange"}, {"source": "val_00023026", "target": "pot"}, {"source": "val_00025217", "target": "custard_apple"}, {"source": "val_00025217", "target": "fig"}, {"source": "val_00025217", "target": "jackfruit"}, {"source": "val_00026720", "target": "fig"}, {"source": "val_00026720", "target": "orange"}, {"source": "val_00027520", "target": "lemon"}, {"source": "val_00027944", "target": "Granny_Smith"}, {"source": "val_00027944", "target": "lemon"}, {"source": "val_00027944", "target": "orange"}, {"source": "val_00028257", "target": "fig"}, {"source": "val_00028257", "target": "strawberry"}, {"source": "val_00028806", "target": "ice_cream"}, {"source": "val_00028806", "target": "trifle"}, {"source": "val_00029950", "target": "hip"}, {"source": "val_00029950", "target": "orange"}, {"source": "val_00030442", "target": "custard_apple"}, {"source": "val_00030442", "target": "jackfruit"}, {"source": "val_00030442", "target": "pineapple"}, {"source": "val_00030543", "target": "banana"}, {"source": "val_00030543", "target": "jackfruit"}, {"source": "val_00030543", "target": "orange"}, {"source": "val_00030543", "target": "pineapple"}, {"source": "val_00030543", "target": "strawberry"}, {"source": "val_00032827", "target": "fig"}, {"source": "val_00034087", "target": "ice_cream"}, {"source": "val_00034375", "target": "lemon"}, {"source": "val_00034375", "target": "orange"}, {"source": "val_00035902", "target": "banana"}, {"source": "val_00035902", "target": "custard_apple"}, {"source": "val_00035902", "target": "jackfruit"}, {"source": "val_00035902", "target": "pineapple"}, {"source": "val_00036860", "target": "custard_apple"}, {"source": "val_00036860", "target": "fig"}, {"source": "val_00037018", "target": "pot"}, {"source": "val_00037108", "target": "hip"}, {"source": "val_00040389", "target": "banana"}, {"source": "val_00040389", "target": "orange"}, {"source": "val_00040389", "target": "pineapple"}, {"source": "val_00042141", "target": "custard_apple"}, {"source": "val_00042141", "target": "fig"}, {"source": "val_00042141", "target": "lemon"}, {"source": "val_00045087", "target": "Granny_Smith"}, {"source": "val_00045114", "target": "lemon"}, {"source": "val_00045149", "target": "lemon"}, {"source": "val_00045149", "target": "orange"}, {"source": "val_00046305", "target": "pot"}, {"source": "val_00046305", "target": "strawberry"}, {"source": "val_00047038", "target": "banana"}, {"source": "val_00047038", "target": "jackfruit"}, {"source": "val_00047038", "target": "orange"}, {"source": "val_00047038", "target": "pineapple"}, {"source": "val_00047640", "target": "strawberry"}]}