{"nodes": [{"id": "val_00019936", "group": 1.0, "part": 0, "shape": "circle"}, {"id": "val_00021161", "group": 1.0, "part": 0, "shape": "circle"}, {"id": "val_00027635", "group": 1.0, "part": 0, "shape": "circle"}, {"id": "val_00049557", "group": 1.0, "part": 0, "shape": "circle"}, {"id": "microphone", "group": 4.0, "part": 0, "shape": "circle"}, {"id": "val_00043517", "group": 1.0, "part": 0, "shape": "circle"}, {"id": "val_00000374", "group": 1.0, "part": 0, "shape": "circle"}], "links": [{"source": "microphone", "target": "val_00000374"}, {"source": "microphone", "target": "val_00043517"}, {"source": "val_00019936", "target": "microphone"}, {"source": "val_00021161", "target": "microphone"}, {"source": "val_00027635", "target": "microphone"}, {"source": "val_00049557", "target": "microphone"}]}