{"nodes": [{"id": "bucket", "group": 4.0, "part": 0, "shape": "circle"}, {"id": "abacus", "group": 4.0, "part": 0, "shape": "circle"}, {"id": "tray", "group": 4.0, "part": 0, "shape": "circle"}, {"id": "val_00022723", "group": 1.0, "part": 0, "shape": "circle"}, {"id": "diaper", "group": 4.0, "part": 0, "shape": "circle"}], "links": [{"source": "abacus", "target": "val_00022723"}, {"source": "bucket", "target": "val_00022723"}, {"source": "tray", "target": "val_00022723"}, {"source": "val_00022723", "target": "diaper"}]}