{"nodes": [{"id": "pay-phone", "group": 4.0, "part": 0, "shape": "circle"}, {"id": "dial_telephone", "group": 4.0, "part": 0, "shape": "circle"}, {"id": "drumstick", "group": 4.0, "part": 0, "shape": "circle"}, {"id": "val_00027944", "group": 1.0, "part": 0, "shape": "circle"}, {"id": "Petri_dish", "group": 4.0, "part": 1, "shape": "circle"}, {"id": "magnetic_compass", "group": 4.0, "part": 1, "shape": "circle"}, {"id": "hard_disc", "group": 4.0, "part": 1, "shape": "circle"}, {"id": "val_00044452", "group": 1.0, "part": 1, "shape": "circle"}], "links": [{"source": "Petri_dish", "target": "val_00044452"}, {"source": "dial_telephone", "target": "val_00027944"}, {"source": "dial_telephone", "target": "val_00044452"}, {"source": "drumstick", "target": "val_00027944"}, {"source": "hard_disc", "target": "val_00044452"}, {"source": "magnetic_compass", "target": "val_00044452"}, {"source": "pay-phone", "target": "val_00027944"}]}