{"nodes": [{"id": "sombrero", "group": 4.0, "part": 0, "shape": "circle"}, {"id": "guillotine", "group": 4.0, "part": 0, "shape": "circle"}, {"id": "plunger", "group": 4.0, "part": 0, "shape": "circle"}, {"id": "val_00034137", "group": 1.0, "part": 0, "shape": "circle"}, {"id": "neck_brace", "group": 4.0, "part": 0, "shape": "circle"}], "links": [{"source": "guillotine", "target": "val_00034137"}, {"source": "plunger", "target": "val_00034137"}, {"source": "sombrero", "target": "val_00034137"}, {"source": "val_00034137", "target": "neck_brace"}]}