{"nodes": [{"id": "val_00024489", "group": 1.0, "part": 0, "shape": "circle"}, {"id": "val_00022562", "group": 1.0, "part": 0, "shape": "circle"}, {"id": "val_00001750", "group": 1.0, "part": 0, "shape": "circle"}, {"id": "val_00018325", "group": 1.0, "part": 0, "shape": "circle"}, {"id": "val_00007643", "group": 1.0, "part": 0, "shape": "circle"}, {"id": "turnstile", "group": 4.0, "part": 0, "shape": "circle"}], "links": [{"source": "val_00001750", "target": "turnstile"}, {"source": "val_00007643", "target": "turnstile"}, {"source": "val_00018325", "target": "turnstile"}, {"source": "val_00022562", "target": "turnstile"}, {"source": "val_00024489", "target": "turnstile"}]}