{"nodes": [{"id": "val_00006392", "group": 1.0, "part": 1, "shape": "circle"}, {"id": "fox_squirrel", "group": 4.0, "part": 1, "shape": "circle"}, {"id": "val_00038414", "group": 1.0, "part": 1, "shape": "circle"}, {"id": "val_00035501", "group": 1.0, "part": 1, "shape": "circle"}, {"id": "val_00042334", "group": 1.0, "part": 0, "shape": "circle"}, {"id": "marmot", "group": 4.0, "part": 0, "shape": "circle"}, {"id": "val_00010476", "group": 1.0, "part": 0, "shape": "circle"}, {"id": "val_00046102", "group": 1.0, "part": 0, "shape": "circle"}, {"id": "val_00009363", "group": 1.0, "part": 0, "shape": "circle"}], "links": [{"source": "fox_squirrel", "target": "val_00009363"}, {"source": "fox_squirrel", "target": "val_00010476"}, {"source": "fox_squirrel", "target": "val_00035501"}, {"source": "fox_squirrel", "target": "val_00038414"}, {"source": "fox_squirrel", "target": "val_00046102"}, {"source": "marmot", "target": "val_00009363"}, {"source": "marmot", "target": "val_00010476"}, {"source": "marmot", "target": "val_00035501"}, {"source": "marmot", "target": "val_00038414"}, {"source": "marmot", "target": "val_00046102"}, {"source": "val_00006392", "target": "fox_squirrel"}, {"source": "val_00042334", "target": "fox_squirrel"}, {"source": "val_00042334", "target": "marmot"}]}