{"val_00001946": "/img/ILSVRC2012_val_00001946.JPEG", "binder": "/img/None", "val_00022073": "/img/ILSVRC2012_val_00022073.JPEG", "val_00049798": "/img/ILSVRC2012_val_00049798.JPEG", "menu": "/img/None", "val_00007203": "/img/ILSVRC2012_val_00007203.JPEG", "val_00010527": "/img/ILSVRC2012_val_00010527.JPEG", "val_00033978": "/img/ILSVRC2012_val_00033978.JPEG", "val_00015168": "/img/ILSVRC2012_val_00015168.JPEG", "val_00042087": "/img/ILSVRC2012_val_00042087.JPEG", "val_00043844": "/img/ILSVRC2012_val_00043844.JPEG", "val_00042392": "/img/ILSVRC2012_val_00042392.JPEG", "brass": "/img/None", "val_00030967": "/img/ILSVRC2012_val_00030967.JPEG", "packet": "/img/None", "val_00018918": "/img/ILSVRC2012_val_00018918.JPEG", "val_00048158": "/img/ILSVRC2012_val_00048158.JPEG", "val_00044468": "/img/ILSVRC2012_val_00044468.JPEG", "val_00030085": "/img/ILSVRC2012_val_00030085.JPEG", "val_00041262": "/img/ILSVRC2012_val_00041262.JPEG", "val_00043603": "/img/ILSVRC2012_val_00043603.JPEG", "envelope": "/img/None", "val_00028563": "/img/ILSVRC2012_val_00028563.JPEG", "val_00026095": "/img/ILSVRC2012_val_00026095.JPEG", "val_00003965": "/img/ILSVRC2012_val_00003965.JPEG", "val_00000715": "/img/ILSVRC2012_val_00000715.JPEG", "val_00034905": "/img/ILSVRC2012_val_00034905.JPEG", "val_00020066": "/img/ILSVRC2012_val_00020066.JPEG", "bookshop": "/img/None", "val_00040739": "/img/ILSVRC2012_val_00040739.JPEG", "val_00045462": "/img/ILSVRC2012_val_00045462.JPEG", "val_00018698": "/img/ILSVRC2012_val_00018698.JPEG", "val_00049749": "/img/ILSVRC2012_val_00049749.JPEG", "library": "/img/None", "val_00003339": "/img/ILSVRC2012_val_00003339.JPEG", "web_site": "/img/None", "val_00025043": "/img/ILSVRC2012_val_00025043.JPEG", "val_00019037": "/img/ILSVRC2012_val_00019037.JPEG", "val_00005200": "/img/ILSVRC2012_val_00005200.JPEG", "val_00020756": "/img/ILSVRC2012_val_00020756.JPEG", "comic_book": "/img/None", "val_00011285": "/img/ILSVRC2012_val_00011285.JPEG", "book_jacket": "/img/None", "val_00019218": "/img/ILSVRC2012_val_00019218.JPEG", "val_00001943": "/img/ILSVRC2012_val_00001943.JPEG", "val_00017382": "/img/ILSVRC2012_val_00017382.JPEG", "jigsaw_puzzle": "/img/None"}