{"nodes": [{"id": "timber_wolf", "group": 4.0, "part": 0, "shape": "circle"}, {"id": "val_00043363", "group": 1.0, "part": 0, "shape": "circle"}, {"id": "val_00040727", "group": 1.0, "part": 0, "shape": "circle"}, {"id": "val_00048162", "group": 1.0, "part": 0, "shape": "circle"}, {"id": "val_00013554", "group": 1.0, "part": 0, "shape": "circle"}, {"id": "val_00028916", "group": 1.0, "part": 0, "shape": "circle"}, {"id": "val_00036897", "group": 1.0, "part": 0, "shape": "circle"}, {"id": "red_wolf", "group": 4.0, "part": 0, "shape": "circle"}, {"id": "val_00013985", "group": 1.0, "part": 0, "shape": "circle"}, {"id": "val_00037118", "group": 1.0, "part": 0, "shape": "circle"}, {"id": "val_00046989", "group": 1.0, "part": 0, "shape": "circle"}], "links": [{"source": "red_wolf", "target": "val_00013985"}, {"source": "red_wolf", "target": "val_00037118"}, {"source": "red_wolf", "target": "val_00046989"}, {"source": "timber_wolf", "target": "val_00013554"}, {"source": "timber_wolf", "target": "val_00013985"}, {"source": "timber_wolf", "target": "val_00028916"}, {"source": "timber_wolf", "target": "val_00036897"}, {"source": "timber_wolf", "target": "val_00037118"}, {"source": "timber_wolf", "target": "val_00040727"}, {"source": "timber_wolf", "target": "val_00043363"}, {"source": "timber_wolf", "target": "val_00046989"}, {"source": "timber_wolf", "target": "val_00048162"}, {"source": "val_00013554", "target": "red_wolf"}, {"source": "val_00028916", "target": "red_wolf"}, {"source": "val_00036897", "target": "red_wolf"}, {"source": "val_00040727", "target": "red_wolf"}, {"source": "val_00043363", "target": "red_wolf"}, {"source": "val_00048162", "target": "red_wolf"}]}