{"nodes": [{"id": "fireboat", "group": 4.0, "part": 0, "shape": "circle"}, {"id": "val_00026507", "group": 1.0, "part": 0, "shape": "circle"}, {"id": "val_00003016", "group": 1.0, "part": 0, "shape": "circle"}, {"id": "val_00013632", "group": 1.0, "part": 0, "shape": "circle"}, {"id": "fire_engine", "group": 4.0, "part": 0, "shape": "circle"}, {"id": "val_00010690", "group": 1.0, "part": 0, "shape": "circle"}, {"id": "val_00017026", "group": 1.0, "part": 0, "shape": "circle"}], "links": [{"source": "fire_engine", "target": "val_00010690"}, {"source": "fire_engine", "target": "val_00017026"}, {"source": "fireboat", "target": "val_00003016"}, {"source": "fireboat", "target": "val_00010690"}, {"source": "fireboat", "target": "val_00013632"}, {"source": "fireboat", "target": "val_00017026"}, {"source": "fireboat", "target": "val_00026507"}, {"source": "val_00003016", "target": "fire_engine"}, {"source": "val_00013632", "target": "fire_engine"}, {"source": "val_00026507", "target": "fire_engine"}]}