{"val_00006079": "/img/ILSVRC2012_val_00006079.JPEG", "tub": "/img/None", "val_00002563": "/img/ILSVRC2012_val_00002563.JPEG", "val_00045749": "/img/ILSVRC2012_val_00045749.JPEG", "val_00045417": "/img/ILSVRC2012_val_00045417.JPEG", "bathtub": "/img/None", "val_00041632": "/img/ILSVRC2012_val_00041632.JPEG", "val_00023370": "/img/ILSVRC2012_val_00023370.JPEG", "val_00034621": "/img/ILSVRC2012_val_00034621.JPEG", "val_00029780": "/img/ILSVRC2012_val_00029780.JPEG", "val_00018624": "/img/ILSVRC2012_val_00018624.JPEG", "val_00012656": "/img/ILSVRC2012_val_00012656.JPEG", "val_00036711": "/img/ILSVRC2012_val_00036711.JPEG", "bath_towel": "/img/None", "shower_cap": "/img/None", "val_00005511": "/img/ILSVRC2012_val_00005511.JPEG", "val_00049724": "/img/ILSVRC2012_val_00049724.JPEG", "val_00005233": "/img/ILSVRC2012_val_00005233.JPEG", "val_00034803": "/img/ILSVRC2012_val_00034803.JPEG", "val_00012606": "/img/ILSVRC2012_val_00012606.JPEG"}