{"val_00036062": "/img/ILSVRC2012_val_00036062.JPEG", "val_00025949": "/img/ILSVRC2012_val_00025949.JPEG", "val_00012437": "/img/ILSVRC2012_val_00012437.JPEG", "val_00001997": "/img/ILSVRC2012_val_00001997.JPEG", "val_00007726": "/img/ILSVRC2012_val_00007726.JPEG", "Brabancon_griffon": "/img/None", "val_00025645": "/img/ILSVRC2012_val_00025645.JPEG", "West_Highland_white_terrier": "/img/None", "val_00008945": "/img/ILSVRC2012_val_00008945.JPEG", "cairn": "/img/None", "val_00032177": "/img/ILSVRC2012_val_00032177.JPEG", "val_00034576": "/img/ILSVRC2012_val_00034576.JPEG", "val_00036498": "/img/ILSVRC2012_val_00036498.JPEG", "Scotch_terrier": "/img/None", "val_00000440": "/img/ILSVRC2012_val_00000440.JPEG", "val_00000436": "/img/ILSVRC2012_val_00000436.JPEG", "val_00028300": "/img/ILSVRC2012_val_00028300.JPEG"}