{"nodes": [{"id": "val_00035189", "group": 1.0, "part": 0, "shape": "circle"}, {"id": "val_00003067", "group": 1.0, "part": 0, "shape": "circle"}, {"id": "val_00020843", "group": 1.0, "part": 0, "shape": "circle"}, {"id": "val_00010469", "group": 1.0, "part": 0, "shape": "circle"}, {"id": "lab_coat", "group": 4.0, "part": 0, "shape": "circle"}], "links": [{"source": "val_00003067", "target": "lab_coat"}, {"source": "val_00010469", "target": "lab_coat"}, {"source": "val_00020843", "target": "lab_coat"}, {"source": "val_00035189", "target": "lab_coat"}]}