{"nodes": [{"id": "vault", "group": 4.0, "part": 2, "shape": "circle"}, {"id": "val_00006965", "group": 1.0, "part": 2, "shape": "circle"}, {"id": "cornet", "group": 4.0, "part": 2, "shape": "circle"}, {"id": "sundial", "group": 4.0, "part": 1, "shape": "circle"}, {"id": "stone_wall", "group": 4.0, "part": 1, "shape": "circle"}, {"id": "brass", "group": 4.0, "part": 1, "shape": "circle"}, {"id": "megalith", "group": 4.0, "part": 1, "shape": "circle"}, {"id": "val_00008911", "group": 1.0, "part": 1, "shape": "circle"}, {"id": "car_wheel", "group": 4.0, "part": 5, "shape": "circle"}, {"id": "maze", "group": 4.0, "part": 5, "shape": "circle"}, {"id": "spotlight", "group": 4.0, "part": 5, "shape": "circle"}, {"id": "val_00006051", "group": 1.0, "part": 5, "shape": "circle"}, {"id": "bannister", "group": 4.0, "part": 5, "shape": "circle"}, {"id": "cannon", "group": 4.0, "part": 0, "shape": "circle"}, {"id": "assault_rifle", "group": 4.0, "part": 0, "shape": "circle"}, {"id": "val_00023639", "group": 1.0, "part": 0, "shape": "circle"}, {"id": "half_track", "group": 4.0, "part": 0, "shape": "circle"}, {"id": "rifle", "group": 4.0, "part": 4, "shape": "circle"}, {"id": "military_uniform", "group": 4.0, "part": 4, "shape": "circle"}, {"id": "parachute", "group": 4.0, "part": 4, "shape": "circle"}, {"id": "ballplayer", "group": 4.0, "part": 4, "shape": "circle"}, {"id": "val_00025482", "group": 1.0, "part": 4, "shape": "circle"}, {"id": "ballpoint", "group": 4.0, "part": 3, "shape": "circle"}, {"id": "val_00008010", "group": 1.0, "part": 3, "shape": "circle"}, {"id": "projectile", "group": 4.0, "part": 3, "shape": "circle"}, {"id": "syringe", "group": 4.0, "part": 3, "shape": "circle"}, {"id": "space_shuttle", "group": 4.0, "part": 3, "shape": "circle"}], "links": [{"source": "assault_rifle", "target": "val_00023639"}, {"source": "ballplayer", "target": "val_00025482"}, {"source": "ballpoint", "target": "val_00008010"}, {"source": "brass", "target": "val_00008911"}, {"source": "cannon", "target": "val_00006965"}, {"source": "cannon", "target": "val_00008911"}, {"source": "cannon", "target": "val_00023639"}, {"source": "car_wheel", "target": "val_00006051"}, {"source": "maze", "target": "val_00006051"}, {"source": "megalith", "target": "val_00008911"}, {"source": "military_uniform", "target": "val_00025482"}, {"source": "parachute", "target": "val_00025482"}, {"source": "rifle", "target": "val_00023639"}, {"source": "rifle", "target": "val_00025482"}, {"source": "spotlight", "target": "val_00006051"}, {"source": "stone_wall", "target": "val_00008911"}, {"source": "sundial", "target": "val_00008911"}, {"source": "val_00006051", "target": "bannister"}, {"source": "val_00006965", "target": "bannister"}, {"source": "val_00006965", "target": "cornet"}, {"source": "val_00006965", "target": "projectile"}, {"source": "val_00008010", "target": "projectile"}, {"source": "val_00008010", "target": "space_shuttle"}, {"source": "val_00008010", "target": "syringe"}, {"source": "val_00023639", "target": "half_track"}, {"source": "vault", "target": "val_00006965"}]}