{"nodes": [{"id": "val_00033805", "group": 1.0, "part": 0, "shape": "circle"}, {"id": "val_00037076", "group": 1.0, "part": 0, "shape": "circle"}, {"id": "val_00016128", "group": 1.0, "part": 0, "shape": "circle"}, {"id": "val_00008409", "group": 1.0, "part": 0, "shape": "circle"}, {"id": "pillow", "group": 4.0, "part": 0, "shape": "circle"}], "links": [{"source": "val_00008409", "target": "pillow"}, {"source": "val_00016128", "target": "pillow"}, {"source": "val_00033805", "target": "pillow"}, {"source": "val_00037076", "target": "pillow"}]}