{"nodes": [{"id": "val_00043743", "group": 1.0, "part": 0, "shape": "circle"}, {"id": "trench_coat", "group": 4.0, "part": 0, "shape": "circle"}, {"id": "val_00007091", "group": 1.0, "part": 1, "shape": "circle"}, {"id": "fur_coat", "group": 4.0, "part": 1, "shape": "circle"}, {"id": "reel", "group": 4.0, "part": 1, "shape": "circle"}, {"id": "val_00017451", "group": 1.0, "part": 2, "shape": "circle"}, {"id": "gasmask", "group": 4.0, "part": 2, "shape": "circle"}, {"id": "switch", "group": 4.0, "part": 2, "shape": "circle"}], "links": [{"source": "val_00007091", "target": "fur_coat"}, {"source": "val_00007091", "target": "reel"}, {"source": "val_00017451", "target": "gasmask"}, {"source": "val_00017451", "target": "reel"}, {"source": "val_00017451", "target": "switch"}, {"source": "val_00043743", "target": "fur_coat"}, {"source": "val_00043743", "target": "gasmask"}, {"source": "val_00043743", "target": "trench_coat"}]}