{"val_00041472": "/img/ILSVRC2012_val_00041472.JPEG", "val_00022776": "/img/ILSVRC2012_val_00022776.JPEG", "val_00031818": "/img/ILSVRC2012_val_00031818.JPEG", "val_00020049": "/img/ILSVRC2012_val_00020049.JPEG", "val_00023105": "/img/ILSVRC2012_val_00023105.JPEG", "boxer": "/img/None", "val_00013475": "/img/ILSVRC2012_val_00013475.JPEG", "bull_mastiff": "/img/None", "val_00043791": "/img/ILSVRC2012_val_00043791.JPEG", "val_00032262": "/img/ILSVRC2012_val_00032262.JPEG", "Staffordshire_bullterrier": "/img/None", "val_00032018": "/img/ILSVRC2012_val_00032018.JPEG", "val_00038280": "/img/ILSVRC2012_val_00038280.JPEG", "val_00009031": "/img/ILSVRC2012_val_00009031.JPEG", "American_Staffordshire_terrier": "/img/None", "val_00049901": "/img/ILSVRC2012_val_00049901.JPEG", "val_00026978": "/img/ILSVRC2012_val_00026978.JPEG", "val_00026058": "/img/ILSVRC2012_val_00026058.JPEG", "val_00030606": "/img/ILSVRC2012_val_00030606.JPEG", "val_00003522": "/img/ILSVRC2012_val_00003522.JPEG", "val_00007915": "/img/ILSVRC2012_val_00007915.JPEG", "Rhodesian_ridgeback": "/img/None", "val_00011381": "/img/ILSVRC2012_val_00011381.JPEG", "val_00026937": "/img/ILSVRC2012_val_00026937.JPEG", "val_00024789": "/img/ILSVRC2012_val_00024789.JPEG", "val_00045109": "/img/ILSVRC2012_val_00045109.JPEG"}