{"val_00038462": "/img/ILSVRC2012_val_00038462.JPEG", "val_00027581": "/img/ILSVRC2012_val_00027581.JPEG", "val_00003374": "/img/ILSVRC2012_val_00003374.JPEG", "val_00037550": "/img/ILSVRC2012_val_00037550.JPEG", "lakeside": "/img/None", "val_00041179": "/img/ILSVRC2012_val_00041179.JPEG", "val_00027221": "/img/ILSVRC2012_val_00027221.JPEG", "val_00037041": "/img/ILSVRC2012_val_00037041.JPEG", "breakwater": "/img/None", "val_00048936": "/img/ILSVRC2012_val_00048936.JPEG", "val_00028807": "/img/ILSVRC2012_val_00028807.JPEG"}