{"nodes": [{"id": "val_00004573", "group": 1.0, "part": 0, "shape": "circle"}, {"id": "val_00025308", "group": 1.0, "part": 0, "shape": "circle"}, {"id": "val_00037744", "group": 1.0, "part": 0, "shape": "circle"}, {"id": "goblet", "group": 4.0, "part": 0, "shape": "circle"}, {"id": "val_00036446", "group": 1.0, "part": 0, "shape": "circle"}, {"id": "val_00014945", "group": 1.0, "part": 0, "shape": "circle"}], "links": [{"source": "goblet", "target": "val_00014945"}, {"source": "goblet", "target": "val_00036446"}, {"source": "val_00004573", "target": "goblet"}, {"source": "val_00025308", "target": "goblet"}, {"source": "val_00037744", "target": "goblet"}]}