{"nodes": [{"id": "tiger_cat", "group": 4.0, "part": 0, "shape": "circle"}, {"id": "val_00022227", "group": 1.0, "part": 0, "shape": "circle"}, {"id": "shopping_basket", "group": 4.0, "part": 0, "shape": "circle"}, {"id": "Egyptian_cat", "group": 4.0, "part": 0, "shape": "circle"}, {"id": "tabby", "group": 4.0, "part": 0, "shape": "circle"}], "links": [{"source": "tiger_cat", "target": "val_00022227"}, {"source": "val_00022227", "target": "Egyptian_cat"}, {"source": "val_00022227", "target": "shopping_basket"}, {"source": "val_00022227", "target": "tabby"}]}