{"nodes": [{"id": "tow_truck", "group": 4.0, "part": 0, "shape": "circle"}, {"id": "snowplow", "group": 4.0, "part": 0, "shape": "circle"}, {"id": "parking_meter", "group": 4.0, "part": 0, "shape": "circle"}, {"id": "val_00000659", "group": 1.0, "part": 0, "shape": "circle"}, {"id": "garbage_truck", "group": 4.0, "part": 0, "shape": "circle"}, {"id": "traffic_light", "group": 4.0, "part": 0, "shape": "circle"}], "links": [{"source": "parking_meter", "target": "val_00000659"}, {"source": "snowplow", "target": "val_00000659"}, {"source": "tow_truck", "target": "val_00000659"}, {"source": "val_00000659", "target": "garbage_truck"}, {"source": "val_00000659", "target": "traffic_light"}]}