{"great_grey_owl": "/img/None", "val_00044921": "/img/ILSVRC2012_val_00044921.JPEG", "kite": "/img/None", "val_00018062": "/img/ILSVRC2012_val_00018062.JPEG", "val_00015913": "/img/ILSVRC2012_val_00015913.JPEG", "val_00001213": "/img/ILSVRC2012_val_00001213.JPEG", "val_00003169": "/img/ILSVRC2012_val_00003169.JPEG", "val_00033435": "/img/ILSVRC2012_val_00033435.JPEG", "val_00000073": "/img/ILSVRC2012_val_00000073.JPEG", "val_00021056": "/img/ILSVRC2012_val_00021056.JPEG", "val_00037259": "/img/ILSVRC2012_val_00037259.JPEG", "vulture": "/img/None", "val_00026707": "/img/ILSVRC2012_val_00026707.JPEG", "val_00035953": "/img/ILSVRC2012_val_00035953.JPEG", "bald_eagle": "/img/None"}