{"nodes": [{"id": "val_00033005", "group": 1.0, "part": 0, "shape": "circle"}, {"id": "val_00008678", "group": 1.0, "part": 0, "shape": "circle"}, {"id": "val_00047385", "group": 1.0, "part": 0, "shape": "circle"}, {"id": "val_00035194", "group": 1.0, "part": 0, "shape": "circle"}, {"id": "carton", "group": 4.0, "part": 0, "shape": "circle"}, {"id": "val_00011335", "group": 1.0, "part": 0, "shape": "circle"}], "links": [{"source": "carton", "target": "val_00011335"}, {"source": "val_00008678", "target": "carton"}, {"source": "val_00033005", "target": "carton"}, {"source": "val_00035194", "target": "carton"}, {"source": "val_00047385", "target": "carton"}]}