{"nodes": [{"id": "val_00015399", "group": 1.0, "part": 0, "shape": "circle"}, {"id": "val_00020471", "group": 1.0, "part": 0, "shape": "circle"}, {"id": "half_track", "group": 4.0, "part": 0, "shape": "circle"}, {"id": "val_00010475", "group": 1.0, "part": 0, "shape": "circle"}, {"id": "val_00049378", "group": 1.0, "part": 0, "shape": "circle"}], "links": [{"source": "half_track", "target": "val_00010475"}, {"source": "half_track", "target": "val_00049378"}, {"source": "val_00015399", "target": "half_track"}, {"source": "val_00020471", "target": "half_track"}]}