{"nodes": [{"id": "val_00028723", "group": 1.0, "part": 0, "shape": "circle"}, {"id": "val_00016735", "group": 1.0, "part": 0, "shape": "circle"}, {"id": "val_00043988", "group": 1.0, "part": 0, "shape": "circle"}, {"id": "cornet", "group": 4.0, "part": 0, "shape": "circle"}, {"id": "val_00031849", "group": 1.0, "part": 0, "shape": "circle"}, {"id": "val_00029358", "group": 1.0, "part": 1, "shape": "circle"}, {"id": "French_horn", "group": 4.0, "part": 1, "shape": "circle"}, {"id": "val_00048138", "group": 1.0, "part": 1, "shape": "circle"}, {"id": "val_00048637", "group": 1.0, "part": 1, "shape": "circle"}, {"id": "val_00004054", "group": 1.0, "part": 1, "shape": "circle"}], "links": [{"source": "French_horn", "target": "val_00004054"}, {"source": "French_horn", "target": "val_00016735"}, {"source": "French_horn", "target": "val_00031849"}, {"source": "French_horn", "target": "val_00043988"}, {"source": "French_horn", "target": "val_00048138"}, {"source": "French_horn", "target": "val_00048637"}, {"source": "cornet", "target": "val_00031849"}, {"source": "val_00004054", "target": "cornet"}, {"source": "val_00016735", "target": "cornet"}, {"source": "val_00028723", "target": "French_horn"}, {"source": "val_00028723", "target": "cornet"}, {"source": "val_00029358", "target": "French_horn"}, {"source": "val_00029358", "target": "cornet"}, {"source": "val_00043988", "target": "cornet"}, {"source": "val_00048138", "target": "cornet"}, {"source": "val_00048637", "target": "cornet"}]}