{"val_00044395": "/img/ILSVRC2012_val_00044395.JPEG", "val_00043075": "/img/ILSVRC2012_val_00043075.JPEG", "val_00005210": "/img/ILSVRC2012_val_00005210.JPEG", "sea_snake": "/img/None", "val_00007719": "/img/ILSVRC2012_val_00007719.JPEG", "val_00021332": "/img/ILSVRC2012_val_00021332.JPEG", "val_00028861": "/img/ILSVRC2012_val_00028861.JPEG", "val_00049933": "/img/ILSVRC2012_val_00049933.JPEG", "water_snake": "/img/None", "val_00033903": "/img/ILSVRC2012_val_00033903.JPEG", "val_00046516": "/img/ILSVRC2012_val_00046516.JPEG"}