{"nodes": [{"id": "val_00033714", "group": 1.0, "part": 0, "shape": "circle"}, {"id": "val_00032115", "group": 1.0, "part": 0, "shape": "circle"}, {"id": "val_00005308", "group": 1.0, "part": 0, "shape": "circle"}, {"id": "brassiere", "group": 4.0, "part": 0, "shape": "circle"}, {"id": "bikini", "group": 4.0, "part": 0, "shape": "circle"}, {"id": "val_00043179", "group": 1.0, "part": 0, "shape": "circle"}, {"id": "val_00032597", "group": 1.0, "part": 0, "shape": "circle"}], "links": [{"source": "bikini", "target": "val_00032597"}, {"source": "bikini", "target": "val_00043179"}, {"source": "brassiere", "target": "val_00032597"}, {"source": "brassiere", "target": "val_00043179"}, {"source": "val_00005308", "target": "bikini"}, {"source": "val_00005308", "target": "brassiere"}, {"source": "val_00032115", "target": "bikini"}, {"source": "val_00032115", "target": "brassiere"}, {"source": "val_00033714", "target": "bikini"}, {"source": "val_00033714", "target": "brassiere"}]}