{"nodes": [{"id": "val_00028245", "group": 1.0, "part": 0, "shape": "circle"}, {"id": "cassette", "group": 4.0, "part": 0, "shape": "circle"}, {"id": "val_00039821", "group": 1.0, "part": 0, "shape": "circle"}, {"id": "val_00017217", "group": 1.0, "part": 0, "shape": "circle"}, {"id": "val_00046777", "group": 1.0, "part": 0, "shape": "circle"}, {"id": "val_00008651", "group": 1.0, "part": 0, "shape": "circle"}, {"id": "val_00002358", "group": 1.0, "part": 0, "shape": "circle"}, {"id": "val_00034423", "group": 1.0, "part": 1, "shape": "circle"}, {"id": "cassette_player", "group": 4.0, "part": 1, "shape": "circle"}, {"id": "val_00016585", "group": 1.0, "part": 1, "shape": "circle"}, {"id": "val_00037104", "group": 1.0, "part": 1, "shape": "circle"}, {"id": "val_00034496", "group": 1.0, "part": 1, "shape": "circle"}, {"id": "val_00042982", "group": 1.0, "part": 1, "shape": "circle"}, {"id": "CD_player", "group": 4.0, "part": 2, "shape": "circle"}, {"id": "val_00020400", "group": 1.0, "part": 2, "shape": "circle"}, {"id": "val_00027673", "group": 1.0, "part": 2, "shape": "circle"}, {"id": "val_00038135", "group": 1.0, "part": 2, "shape": "circle"}, {"id": "val_00012468", "group": 1.0, "part": 2, "shape": "circle"}, {"id": "val_00023887", "group": 1.0, "part": 2, "shape": "circle"}, {"id": "tape_player", "group": 4.0, "part": 2, "shape": "circle"}, {"id": "val_00048478", "group": 1.0, "part": 2, "shape": "circle"}, {"id": "val_00036640", "group": 1.0, "part": 2, "shape": "circle"}, {"id": "val_00006037", "group": 1.0, "part": 2, "shape": "circle"}, {"id": "val_00037068", "group": 1.0, "part": 2, "shape": "circle"}], "links": [{"source": "CD_player", "target": "val_00002358"}, {"source": "CD_player", "target": "val_00006037"}, {"source": "CD_player", "target": "val_00008651"}, {"source": "CD_player", "target": "val_00012468"}, {"source": "CD_player", "target": "val_00020400"}, {"source": "CD_player", "target": "val_00023887"}, {"source": "CD_player", "target": "val_00027673"}, {"source": "CD_player", "target": "val_00034496"}, {"source": "CD_player", "target": "val_00036640"}, {"source": "CD_player", "target": "val_00037068"}, {"source": "CD_player", "target": "val_00038135"}, {"source": "CD_player", "target": "val_00042982"}, {"source": "CD_player", "target": "val_00048478"}, {"source": "cassette", "target": "val_00002358"}, {"source": "cassette", "target": "val_00006037"}, {"source": "cassette", "target": "val_00008651"}, {"source": "cassette", "target": "val_00017217"}, {"source": "cassette", "target": "val_00036640"}, {"source": "cassette", "target": "val_00039821"}, {"source": "cassette", "target": "val_00042982"}, {"source": "cassette", "target": "val_00046777"}, {"source": "cassette", "target": "val_00048478"}, {"source": "cassette_player", "target": "val_00002358"}, {"source": "cassette_player", "target": "val_00006037"}, {"source": "cassette_player", "target": "val_00008651"}, {"source": "cassette_player", "target": "val_00012468"}, {"source": "cassette_player", "target": "val_00016585"}, {"source": "cassette_player", "target": "val_00017217"}, {"source": "cassette_player", "target": "val_00020400"}, {"source": "cassette_player", "target": "val_00027673"}, {"source": "cassette_player", "target": "val_00034496"}, {"source": "cassette_player", "target": "val_00036640"}, {"source": "cassette_player", "target": "val_00037068"}, {"source": "cassette_player", "target": "val_00037104"}, {"source": "cassette_player", "target": "val_00038135"}, {"source": "cassette_player", "target": "val_00039821"}, {"source": "cassette_player", "target": "val_00042982"}, {"source": "cassette_player", "target": "val_00046777"}, {"source": "cassette_player", "target": "val_00048478"}, {"source": "tape_player", "target": "val_00002358"}, {"source": "tape_player", "target": "val_00006037"}, {"source": "tape_player", "target": "val_00008651"}, {"source": "tape_player", "target": "val_00017217"}, {"source": "tape_player", "target": "val_00034496"}, {"source": "tape_player", "target": "val_00036640"}, {"source": "tape_player", "target": "val_00037068"}, {"source": "tape_player", "target": "val_00039821"}, {"source": "tape_player", "target": "val_00042982"}, {"source": "tape_player", "target": "val_00046777"}, {"source": "tape_player", "target": "val_00048478"}, {"source": "val_00012468", "target": "cassette"}, {"source": "val_00012468", "target": "tape_player"}, {"source": "val_00016585", "target": "tape_player"}, {"source": "val_00020400", "target": "cassette"}, {"source": "val_00020400", "target": "tape_player"}, {"source": "val_00023887", "target": "tape_player"}, {"source": "val_00027673", "target": "cassette"}, {"source": "val_00027673", "target": "tape_player"}, {"source": "val_00028245", "target": "CD_player"}, {"source": "val_00028245", "target": "cassette"}, {"source": "val_00028245", "target": "cassette_player"}, {"source": "val_00028245", "target": "tape_player"}, {"source": "val_00034423", "target": "cassette_player"}, {"source": "val_00034423", "target": "tape_player"}, {"source": "val_00037104", "target": "tape_player"}, {"source": "val_00038135", "target": "cassette"}, {"source": "val_00038135", "target": "tape_player"}]}