{"val_00033278": "/img/ILSVRC2012_val_00033278.JPEG", "val_00030910": "/img/ILSVRC2012_val_00030910.JPEG", "val_00040549": "/img/ILSVRC2012_val_00040549.JPEG", "Lhasa": "/img/None", "val_00041384": "/img/ILSVRC2012_val_00041384.JPEG", "val_00024809": "/img/ILSVRC2012_val_00024809.JPEG", "val_00042556": "/img/ILSVRC2012_val_00042556.JPEG", "val_00033200": "/img/ILSVRC2012_val_00033200.JPEG", "val_00001955": "/img/ILSVRC2012_val_00001955.JPEG", "val_00026911": "/img/ILSVRC2012_val_00026911.JPEG", "val_00011895": "/img/ILSVRC2012_val_00011895.JPEG", "val_00012904": "/img/ILSVRC2012_val_00012904.JPEG", "Maltese_dog": "/img/None", "Shih-Tzu": "/img/None", "val_00007497": "/img/ILSVRC2012_val_00007497.JPEG", "val_00045741": "/img/ILSVRC2012_val_00045741.JPEG", "val_00021058": "/img/ILSVRC2012_val_00021058.JPEG", "val_00015807": "/img/ILSVRC2012_val_00015807.JPEG", "val_00014189": "/img/ILSVRC2012_val_00014189.JPEG", "val_00033199": "/img/ILSVRC2012_val_00033199.JPEG", "val_00049190": "/img/ILSVRC2012_val_00049190.JPEG", "Tibetan_terrier": "/img/None", "pug": "/img/None", "val_00015096": "/img/ILSVRC2012_val_00015096.JPEG", "val_00040409": "/img/ILSVRC2012_val_00040409.JPEG", "val_00012446": "/img/ILSVRC2012_val_00012446.JPEG", "val_00032850": "/img/ILSVRC2012_val_00032850.JPEG", "val_00035120": "/img/ILSVRC2012_val_00035120.JPEG", "affenpinscher": "/img/None", "val_00012394": "/img/ILSVRC2012_val_00012394.JPEG", "val_00030619": "/img/ILSVRC2012_val_00030619.JPEG", "val_00023827": "/img/ILSVRC2012_val_00023827.JPEG", "val_00007111": "/img/ILSVRC2012_val_00007111.JPEG", "val_00001389": "/img/ILSVRC2012_val_00001389.JPEG", "papillon": "/img/None", "val_00009576": "/img/ILSVRC2012_val_00009576.JPEG", "val_00020926": "/img/ILSVRC2012_val_00020926.JPEG", "val_00043776": "/img/ILSVRC2012_val_00043776.JPEG", "val_00046701": "/img/ILSVRC2012_val_00046701.JPEG", "val_00033222": "/img/ILSVRC2012_val_00033222.JPEG", "Japanese_spaniel": "/img/None", "val_00015730": "/img/ILSVRC2012_val_00015730.JPEG", "Pekinese": "/img/None"}