{"nodes": [{"id": "val_00031685", "group": 1.0, "part": 0, "shape": "circle"}, {"id": "entertainment_center", "group": 4.0, "part": 0, "shape": "circle"}, {"id": "val_00026668", "group": 1.0, "part": 0, "shape": "circle"}, {"id": "home_theater", "group": 4.0, "part": 0, "shape": "circle"}, {"id": "val_00043529", "group": 1.0, "part": 0, "shape": "circle"}, {"id": "val_00030898", "group": 1.0, "part": 0, "shape": "circle"}, {"id": "val_00016701", "group": 1.0, "part": 0, "shape": "circle"}, {"id": "val_00044315", "group": 1.0, "part": 0, "shape": "circle"}, {"id": "val_00034187", "group": 1.0, "part": 0, "shape": "circle"}, {"id": "val_00012376", "group": 1.0, "part": 0, "shape": "circle"}, {"id": "val_00000387", "group": 1.0, "part": 0, "shape": "circle"}, {"id": "val_00019035", "group": 1.0, "part": 0, "shape": "circle"}, {"id": "val_00007441", "group": 1.0, "part": 0, "shape": "circle"}, {"id": "val_00002910", "group": 1.0, "part": 0, "shape": "circle"}, {"id": "val_00020424", "group": 1.0, "part": 0, "shape": "circle"}, {"id": "val_00008081", "group": 1.0, "part": 0, "shape": "circle"}, {"id": "television", "group": 4.0, "part": 0, "shape": "circle"}, {"id": "val_00036174", "group": 1.0, "part": 0, "shape": "circle"}, {"id": "val_00039270", "group": 1.0, "part": 0, "shape": "circle"}, {"id": "val_00007900", "group": 1.0, "part": 0, "shape": "circle"}, {"id": "val_00011991", "group": 1.0, "part": 0, "shape": "circle"}, {"id": "val_00000162", "group": 1.0, "part": 1, "shape": "circle"}, {"id": "val_00018418", "group": 1.0, "part": 1, "shape": "circle"}, {"id": "val_00017579", "group": 1.0, "part": 1, "shape": "circle"}, {"id": "val_00003130", "group": 1.0, "part": 1, "shape": "circle"}, {"id": "val_00041408", "group": 1.0, "part": 1, "shape": "circle"}, {"id": "chiffonier", "group": 4.0, "part": 1, "shape": "circle"}, {"id": "val_00008305", "group": 1.0, "part": 1, "shape": "circle"}, {"id": "val_00035590", "group": 1.0, "part": 1, "shape": "circle"}, {"id": "wardrobe", "group": 4.0, "part": 1, "shape": "circle"}, {"id": "val_00003807", "group": 1.0, "part": 2, "shape": "circle"}, {"id": "val_00022464", "group": 1.0, "part": 2, "shape": "circle"}, {"id": "val_00002775", "group": 1.0, "part": 2, "shape": "circle"}, {"id": "val_00044550", "group": 1.0, "part": 2, "shape": "circle"}, {"id": "dining_table", "group": 4.0, "part": 2, "shape": "circle"}, {"id": "val_00046839", "group": 1.0, "part": 2, "shape": "circle"}, {"id": "val_00019878", "group": 1.0, "part": 2, "shape": "circle"}, {"id": "val_00023277", "group": 1.0, "part": 2, "shape": "circle"}, {"id": "val_00015035", "group": 1.0, "part": 2, "shape": "circle"}, {"id": "restaurant", "group": 4.0, "part": 2, "shape": "circle"}, {"id": "val_00023795", "group": 1.0, "part": 2, "shape": "circle"}, {"id": "val_00015231", "group": 1.0, "part": 2, "shape": "circle"}, {"id": "bookcase", "group": 4.0, "part": 3, "shape": "circle"}, {"id": "china_cabinet", "group": 4.0, "part": 3, "shape": "circle"}, {"id": "val_00023672", "group": 1.0, "part": 3, "shape": "circle"}, {"id": "val_00007272", "group": 1.0, "part": 3, "shape": "circle"}, {"id": "val_00020091", "group": 1.0, "part": 3, "shape": "circle"}, {"id": "plate_rack", "group": 4.0, "part": 3, "shape": "circle"}, {"id": "val_00027552", "group": 1.0, "part": 3, "shape": "circle"}, {"id": "val_00010121", "group": 1.0, "part": 3, "shape": "circle"}, {"id": "val_00042174", "group": 1.0, "part": 3, "shape": "circle"}, {"id": "val_00028820", "group": 1.0, "part": 3, "shape": "circle"}, {"id": "val_00046060", "group": 1.0, "part": 3, "shape": "circle"}], "links": [{"source": "bookcase", "target": "val_00008081"}, {"source": "bookcase", "target": "val_00008305"}, {"source": "bookcase", "target": "val_00010121"}, {"source": "bookcase", "target": "val_00012376"}, {"source": "bookcase", "target": "val_00016701"}, {"source": "bookcase", "target": "val_00020091"}, {"source": "bookcase", "target": "val_00023672"}, {"source": "bookcase", "target": "val_00028820"}, {"source": "bookcase", "target": "val_00030898"}, {"source": "bookcase", "target": "val_00034187"}, {"source": "bookcase", "target": "val_00042174"}, {"source": "bookcase", "target": "val_00043529"}, {"source": "bookcase", "target": "val_00046060"}, {"source": "chiffonier", "target": "val_00019035"}, {"source": "chiffonier", "target": "val_00035590"}, {"source": "chiffonier", "target": "val_00039270"}, {"source": "chiffonier", "target": "val_00042174"}, {"source": "china_cabinet", "target": "val_00002775"}, {"source": "china_cabinet", "target": "val_00007272"}, {"source": "china_cabinet", "target": "val_00010121"}, {"source": "china_cabinet", "target": "val_00015035"}, {"source": "china_cabinet", "target": "val_00017579"}, {"source": "china_cabinet", "target": "val_00023672"}, {"source": "china_cabinet", "target": "val_00023795"}, {"source": "china_cabinet", "target": "val_00028820"}, {"source": "china_cabinet", "target": "val_00034187"}, {"source": "china_cabinet", "target": "val_00041408"}, {"source": "china_cabinet", "target": "val_00042174"}, {"source": "china_cabinet", "target": "val_00046060"}, {"source": "dining_table", "target": "val_00015035"}, {"source": "dining_table", "target": "val_00023795"}, {"source": "dining_table", "target": "val_00028820"}, {"source": "dining_table", "target": "val_00042174"}, {"source": "dining_table", "target": "val_00046839"}, {"source": "entertainment_center", "target": "val_00008081"}, {"source": "entertainment_center", "target": "val_00010121"}, {"source": "entertainment_center", "target": "val_00011991"}, {"source": "entertainment_center", "target": "val_00012376"}, {"source": "entertainment_center", "target": "val_00016701"}, {"source": "entertainment_center", "target": "val_00019035"}, {"source": "entertainment_center", "target": "val_00020091"}, {"source": "entertainment_center", "target": "val_00020424"}, {"source": "entertainment_center", "target": "val_00023672"}, {"source": "entertainment_center", "target": "val_00030898"}, {"source": "entertainment_center", "target": "val_00034187"}, {"source": "entertainment_center", "target": "val_00036174"}, {"source": "entertainment_center", "target": "val_00039270"}, {"source": "entertainment_center", "target": "val_00041408"}, {"source": "entertainment_center", "target": "val_00043529"}, {"source": "entertainment_center", "target": "val_00044315"}, {"source": "home_theater", "target": "val_00000387"}, {"source": "home_theater", "target": "val_00002910"}, {"source": "home_theater", "target": "val_00007441"}, {"source": "home_theater", "target": "val_00007900"}, {"source": "home_theater", "target": "val_00008081"}, {"source": "home_theater", "target": "val_00011991"}, {"source": "home_theater", "target": "val_00012376"}, {"source": "home_theater", "target": "val_00019035"}, {"source": "home_theater", "target": "val_00030898"}, {"source": "home_theater", "target": "val_00034187"}, {"source": "home_theater", "target": "val_00036174"}, {"source": "home_theater", "target": "val_00039270"}, {"source": "home_theater", "target": "val_00043529"}, {"source": "home_theater", "target": "val_00044315"}, {"source": "plate_rack", "target": "val_00010121"}, {"source": "plate_rack", "target": "val_00027552"}, {"source": "plate_rack", "target": "val_00042174"}, {"source": "plate_rack", "target": "val_00046060"}, {"source": "restaurant", "target": "val_00015231"}, {"source": "television", "target": "val_00007900"}, {"source": "television", "target": "val_00011991"}, {"source": "television", "target": "val_00036174"}, {"source": "television", "target": "val_00039270"}, {"source": "val_00000162", "target": "chiffonier"}, {"source": "val_00000162", "target": "wardrobe"}, {"source": "val_00000387", "target": "television"}, {"source": "val_00002775", "target": "dining_table"}, {"source": "val_00002910", "target": "television"}, {"source": "val_00003130", "target": "chiffonier"}, {"source": "val_00003130", "target": "wardrobe"}, {"source": "val_00003807", "target": "dining_table"}, {"source": "val_00003807", "target": "restaurant"}, {"source": "val_00007272", "target": "chiffonier"}, {"source": "val_00007272", "target": "dining_table"}, {"source": "val_00007272", "target": "plate_rack"}, {"source": "val_00007441", "target": "television"}, {"source": "val_00008081", "target": "television"}, {"source": "val_00008305", "target": "wardrobe"}, {"source": "val_00012376", "target": "television"}, {"source": "val_00015035", "target": "restaurant"}, {"source": "val_00016701", "target": "television"}, {"source": "val_00017579", "target": "chiffonier"}, {"source": "val_00017579", "target": "wardrobe"}, {"source": "val_00018418", "target": "chiffonier"}, {"source": "val_00018418", "target": "china_cabinet"}, {"source": "val_00018418", "target": "wardrobe"}, {"source": "val_00019035", "target": "television"}, {"source": "val_00019878", "target": "restaurant"}, {"source": "val_00020424", "target": "television"}, {"source": "val_00022464", "target": "dining_table"}, {"source": "val_00023277", "target": "restaurant"}, {"source": "val_00023672", "target": "plate_rack"}, {"source": "val_00026668", "target": "home_theater"}, {"source": "val_00026668", "target": "television"}, {"source": "val_00030898", "target": "television"}, {"source": "val_00031685", "target": "entertainment_center"}, {"source": "val_00031685", "target": "home_theater"}, {"source": "val_00031685", "target": "television"}, {"source": "val_00034187", "target": "television"}, {"source": "val_00035590", "target": "wardrobe"}, {"source": "val_00041408", "target": "chiffonier"}, {"source": "val_00041408", "target": "wardrobe"}, {"source": "val_00043529", "target": "television"}, {"source": "val_00044315", "target": "chiffonier"}, {"source": "val_00044315", "target": "television"}, {"source": "val_00044550", "target": "dining_table"}, {"source": "val_00044550", "target": "restaurant"}, {"source": "val_00046839", "target": "restaurant"}, {"source": "wardrobe", "target": "val_00008081"}]}