{"val_00007123": "/img/ILSVRC2012_val_00007123.JPEG", "panpipe": "/img/None", "val_00028833": "/img/ILSVRC2012_val_00028833.JPEG", "val_00033814": "/img/ILSVRC2012_val_00033814.JPEG", "val_00008704": "/img/ILSVRC2012_val_00008704.JPEG", "val_00018402": "/img/ILSVRC2012_val_00018402.JPEG", "val_00047848": "/img/ILSVRC2012_val_00047848.JPEG", "val_00022794": "/img/ILSVRC2012_val_00022794.JPEG", "val_00007964": "/img/ILSVRC2012_val_00007964.JPEG", "val_00043409": "/img/ILSVRC2012_val_00043409.JPEG", "harp": "/img/None", "val_00019959": "/img/ILSVRC2012_val_00019959.JPEG"}