{"nodes": [{"id": "val_00012376", "group": 1.0, "part": 0, "shape": "circle"}, {"id": "home_theater", "group": 4.0, "part": 0, "shape": "circle"}, {"id": "val_00026668", "group": 1.0, "part": 0, "shape": "circle"}, {"id": "val_00008081", "group": 1.0, "part": 0, "shape": "circle"}, {"id": "val_00036174", "group": 1.0, "part": 0, "shape": "circle"}, {"id": "val_00007441", "group": 1.0, "part": 0, "shape": "circle"}, {"id": "val_00007900", "group": 1.0, "part": 0, "shape": "circle"}], "links": [{"source": "home_theater", "target": "val_00007441"}, {"source": "home_theater", "target": "val_00007900"}, {"source": "home_theater", "target": "val_00008081"}, {"source": "home_theater", "target": "val_00026668"}, {"source": "home_theater", "target": "val_00036174"}, {"source": "val_00012376", "target": "home_theater"}]}