{"val_00045746": "/img/ILSVRC2012_val_00045746.JPEG", "val_00039412": "/img/ILSVRC2012_val_00039412.JPEG", "val_00013364": "/img/ILSVRC2012_val_00013364.JPEG", "val_00048242": "/img/ILSVRC2012_val_00048242.JPEG", "val_00035476": "/img/ILSVRC2012_val_00035476.JPEG", "val_00046089": "/img/ILSVRC2012_val_00046089.JPEG", "val_00033162": "/img/ILSVRC2012_val_00033162.JPEG", "ruffed_grouse": "/img/None", "val_00020710": "/img/ILSVRC2012_val_00020710.JPEG", "val_00037719": "/img/ILSVRC2012_val_00037719.JPEG", "quail": "/img/None"}