{"nodes": [{"id": "val_00037104", "group": 1.0, "part": 0, "shape": "circle"}, {"id": "cassette_player", "group": 4.0, "part": 0, "shape": "circle"}, {"id": "val_00034496", "group": 1.0, "part": 0, "shape": "circle"}, {"id": "val_00034423", "group": 1.0, "part": 0, "shape": "circle"}, {"id": "val_00042982", "group": 1.0, "part": 0, "shape": "circle"}, {"id": "val_00016585", "group": 1.0, "part": 0, "shape": "circle"}], "links": [{"source": "cassette_player", "target": "val_00016585"}, {"source": "cassette_player", "target": "val_00034423"}, {"source": "cassette_player", "target": "val_00034496"}, {"source": "cassette_player", "target": "val_00042982"}, {"source": "val_00037104", "target": "cassette_player"}]}