{"nodes": [{"id": "val_00035906", "group": 1.0, "part": 0, "shape": "circle"}, {"id": "val_00044239", "group": 1.0, "part": 0, "shape": "circle"}, {"id": "tractor", "group": 4.0, "part": 0, "shape": "circle"}, {"id": "val_00028608", "group": 1.0, "part": 0, "shape": "circle"}, {"id": "val_00042081", "group": 1.0, "part": 0, "shape": "circle"}], "links": [{"source": "tractor", "target": "val_00028608"}, {"source": "tractor", "target": "val_00042081"}, {"source": "val_00035906", "target": "tractor"}, {"source": "val_00044239", "target": "tractor"}]}