{"nodes": [{"id": "theater_curtain", "group": 4.0, "part": 0, "shape": "circle"}, {"id": "val_00040620", "group": 1.0, "part": 0, "shape": "circle"}, {"id": "flute", "group": 4.0, "part": 0, "shape": "circle"}, {"id": "bow_tie", "group": 4.0, "part": 1, "shape": "circle"}, {"id": "drum", "group": 4.0, "part": 1, "shape": "circle"}, {"id": "val_00029574", "group": 1.0, "part": 1, "shape": "circle"}, {"id": "Windsor_tie", "group": 4.0, "part": 1, "shape": "circle"}, {"id": "val_00003553", "group": 1.0, "part": 1, "shape": "circle"}, {"id": "val_00026322", "group": 1.0, "part": 2, "shape": "circle"}, {"id": "horizontal_bar", "group": 4.0, "part": 2, "shape": "circle"}, {"id": "val_00015866", "group": 1.0, "part": 2, "shape": "circle"}, {"id": "electric_guitar", "group": 4.0, "part": 2, "shape": "circle"}, {"id": "stage", "group": 4.0, "part": 2, "shape": "circle"}], "links": [{"source": "Windsor_tie", "target": "val_00003553"}, {"source": "bow_tie", "target": "val_00003553"}, {"source": "drum", "target": "val_00003553"}, {"source": "drum", "target": "val_00029574"}, {"source": "horizontal_bar", "target": "val_00015866"}, {"source": "theater_curtain", "target": "val_00040620"}, {"source": "val_00015866", "target": "electric_guitar"}, {"source": "val_00015866", "target": "stage"}, {"source": "val_00026322", "target": "drum"}, {"source": "val_00026322", "target": "electric_guitar"}, {"source": "val_00026322", "target": "stage"}, {"source": "val_00029574", "target": "flute"}, {"source": "val_00040620", "target": "flute"}, {"source": "val_00040620", "target": "stage"}]}