{"nodes": [{"id": "tow_truck", "group": 4.0, "part": 0, "shape": "circle"}, {"id": "val_00041588", "group": 1.0, "part": 0, "shape": "circle"}, {"id": "val_00014564", "group": 1.0, "part": 0, "shape": "circle"}, {"id": "val_00018687", "group": 1.0, "part": 1, "shape": "circle"}, {"id": "val_00015118", "group": 1.0, "part": 1, "shape": "circle"}, {"id": "trailer_truck", "group": 4.0, "part": 1, "shape": "circle"}], "links": [{"source": "tow_truck", "target": "val_00014564"}, {"source": "tow_truck", "target": "val_00015118"}, {"source": "tow_truck", "target": "val_00018687"}, {"source": "tow_truck", "target": "val_00041588"}, {"source": "val_00014564", "target": "trailer_truck"}, {"source": "val_00015118", "target": "trailer_truck"}, {"source": "val_00018687", "target": "trailer_truck"}, {"source": "val_00041588", "target": "trailer_truck"}]}