{"nodes": [{"id": "bell_cote", "group": 4.0, "part": 0, "shape": "circle"}, {"id": "val_00011842", "group": 1.0, "part": 0, "shape": "circle"}, {"id": "val_00031338", "group": 1.0, "part": 0, "shape": "circle"}, {"id": "val_00036909", "group": 1.0, "part": 0, "shape": "circle"}, {"id": "val_00044962", "group": 1.0, "part": 0, "shape": "circle"}, {"id": "val_00026287", "group": 1.0, "part": 1, "shape": "circle"}, {"id": "val_00021702", "group": 1.0, "part": 1, "shape": "circle"}, {"id": "val_00023153", "group": 1.0, "part": 1, "shape": "circle"}, {"id": "val_00008723", "group": 1.0, "part": 1, "shape": "circle"}, {"id": "val_00035792", "group": 1.0, "part": 1, "shape": "circle"}, {"id": "chime", "group": 4.0, "part": 1, "shape": "circle"}, {"id": "gong", "group": 4.0, "part": 1, "shape": "circle"}, {"id": "val_00006388", "group": 1.0, "part": 1, "shape": "circle"}, {"id": "val_00018148", "group": 1.0, "part": 1, "shape": "circle"}], "links": [{"source": "bell_cote", "target": "val_00008723"}, {"source": "bell_cote", "target": "val_00011842"}, {"source": "bell_cote", "target": "val_00023153"}, {"source": "bell_cote", "target": "val_00031338"}, {"source": "bell_cote", "target": "val_00036909"}, {"source": "bell_cote", "target": "val_00044962"}, {"source": "chime", "target": "val_00006388"}, {"source": "chime", "target": "val_00018148"}, {"source": "gong", "target": "val_00006388"}, {"source": "gong", "target": "val_00018148"}, {"source": "val_00008723", "target": "chime"}, {"source": "val_00008723", "target": "gong"}, {"source": "val_00011842", "target": "chime"}, {"source": "val_00021702", "target": "chime"}, {"source": "val_00021702", "target": "gong"}, {"source": "val_00023153", "target": "chime"}, {"source": "val_00023153", "target": "gong"}, {"source": "val_00026287", "target": "chime"}, {"source": "val_00026287", "target": "gong"}, {"source": "val_00031338", "target": "chime"}, {"source": "val_00031338", "target": "gong"}, {"source": "val_00035792", "target": "chime"}, {"source": "val_00035792", "target": "gong"}, {"source": "val_00036909", "target": "chime"}, {"source": "val_00036909", "target": "gong"}, {"source": "val_00044962", "target": "chime"}, {"source": "val_00044962", "target": "gong"}]}