{"nodes": [{"id": "mongoose", "group": 4.0, "part": 0, "shape": "circle"}, {"id": "indri", "group": 4.0, "part": 0, "shape": "circle"}, {"id": "Madagascar_cat", "group": 4.0, "part": 0, "shape": "circle"}, {"id": "patas", "group": 4.0, "part": 0, "shape": "circle"}, {"id": "val_00039636", "group": 1.0, "part": 0, "shape": "circle"}], "links": [{"source": "Madagascar_cat", "target": "val_00039636"}, {"source": "indri", "target": "val_00039636"}, {"source": "mongoose", "target": "val_00039636"}, {"source": "patas", "target": "val_00039636"}]}