{"nodes": [{"id": "val_00001915", "group": 1.0, "part": 0, "shape": "circle"}, {"id": "val_00035303", "group": 1.0, "part": 0, "shape": "circle"}, {"id": "val_00017017", "group": 1.0, "part": 0, "shape": "circle"}, {"id": "chickadee", "group": 4.0, "part": 0, "shape": "circle"}, {"id": "junco", "group": 4.0, "part": 1, "shape": "circle"}, {"id": "val_00045568", "group": 1.0, "part": 1, "shape": "circle"}, {"id": "val_00004245", "group": 1.0, "part": 1, "shape": "circle"}, {"id": "val_00047333", "group": 1.0, "part": 1, "shape": "circle"}], "links": [{"source": "junco", "target": "val_00004245"}, {"source": "junco", "target": "val_00017017"}, {"source": "junco", "target": "val_00045568"}, {"source": "junco", "target": "val_00047333"}, {"source": "val_00001915", "target": "chickadee"}, {"source": "val_00001915", "target": "junco"}, {"source": "val_00004245", "target": "chickadee"}, {"source": "val_00017017", "target": "chickadee"}, {"source": "val_00035303", "target": "chickadee"}, {"source": "val_00035303", "target": "junco"}, {"source": "val_00045568", "target": "chickadee"}, {"source": "val_00047333", "target": "chickadee"}]}