{"nodes": [{"id": "sock", "group": 4.0, "part": 0, "shape": "circle"}, {"id": "bonnet", "group": 4.0, "part": 0, "shape": "circle"}, {"id": "cardigan", "group": 4.0, "part": 0, "shape": "circle"}, {"id": "val_00010598", "group": 1.0, "part": 0, "shape": "circle"}, {"id": "val_00001064", "group": 1.0, "part": 0, "shape": "circle"}, {"id": "cucumber", "group": 4.0, "part": 1, "shape": "circle"}, {"id": "poncho", "group": 4.0, "part": 1, "shape": "circle"}, {"id": "val_00016535", "group": 1.0, "part": 1, "shape": "circle"}, {"id": "mitten", "group": 4.0, "part": 2, "shape": "circle"}, {"id": "mailbag", "group": 4.0, "part": 2, "shape": "circle"}, {"id": "val_00012369", "group": 1.0, "part": 2, "shape": "circle"}, {"id": "wool", "group": 4.0, "part": 2, "shape": "circle"}, {"id": "val_00027594", "group": 1.0, "part": 2, "shape": "circle"}, {"id": "diaper", "group": 4.0, "part": 2, "shape": "circle"}, {"id": "val_00014900", "group": 1.0, "part": 2, "shape": "circle"}], "links": [{"source": "bonnet", "target": "val_00001064"}, {"source": "cardigan", "target": "val_00001064"}, {"source": "cardigan", "target": "val_00010598"}, {"source": "cucumber", "target": "val_00016535"}, {"source": "diaper", "target": "val_00014900"}, {"source": "mailbag", "target": "val_00027594"}, {"source": "mitten", "target": "val_00001064"}, {"source": "mitten", "target": "val_00012369"}, {"source": "mitten", "target": "val_00014900"}, {"source": "mitten", "target": "val_00016535"}, {"source": "mitten", "target": "val_00027594"}, {"source": "poncho", "target": "val_00001064"}, {"source": "poncho", "target": "val_00016535"}, {"source": "sock", "target": "val_00001064"}, {"source": "sock", "target": "val_00010598"}, {"source": "sock", "target": "val_00014900"}, {"source": "sock", "target": "val_00016535"}, {"source": "wool", "target": "val_00014900"}, {"source": "wool", "target": "val_00016535"}, {"source": "wool", "target": "val_00027594"}]}