{"val_00048710": "/img/ILSVRC2012_val_00048710.JPEG", "val_00023438": "/img/ILSVRC2012_val_00023438.JPEG", "val_00023573": "/img/ILSVRC2012_val_00023573.JPEG", "val_00001274": "/img/ILSVRC2012_val_00001274.JPEG", "val_00002023": "/img/ILSVRC2012_val_00002023.JPEG", "robin": "/img/None", "val_00028791": "/img/ILSVRC2012_val_00028791.JPEG", "val_00013456": "/img/ILSVRC2012_val_00013456.JPEG", "val_00025151": "/img/ILSVRC2012_val_00025151.JPEG", "val_00001598": "/img/ILSVRC2012_val_00001598.JPEG", "val_00045172": "/img/ILSVRC2012_val_00045172.JPEG", "val_00000651": "/img/ILSVRC2012_val_00000651.JPEG", "brambling": "/img/None", "val_00028488": "/img/ILSVRC2012_val_00028488.JPEG", "goldfinch": "/img/None", "val_00041252": "/img/ILSVRC2012_val_00041252.JPEG", "val_00043300": "/img/ILSVRC2012_val_00043300.JPEG", "val_00029581": "/img/ILSVRC2012_val_00029581.JPEG", "indigo_bunting": "/img/None", "val_00002191": "/img/ILSVRC2012_val_00002191.JPEG", "val_00027535": "/img/ILSVRC2012_val_00027535.JPEG", "house_finch": "/img/None", "val_00043392": "/img/ILSVRC2012_val_00043392.JPEG", "junco": "/img/None", "val_00035303": "/img/ILSVRC2012_val_00035303.JPEG", "val_00045568": "/img/ILSVRC2012_val_00045568.JPEG", "val_00017017": "/img/ILSVRC2012_val_00017017.JPEG", "val_00041631": "/img/ILSVRC2012_val_00041631.JPEG", "chickadee": "/img/None", "val_00019788": "/img/ILSVRC2012_val_00019788.JPEG", "val_00049827": "/img/ILSVRC2012_val_00049827.JPEG", "val_00023874": "/img/ILSVRC2012_val_00023874.JPEG", "val_00004245": "/img/ILSVRC2012_val_00004245.JPEG", "val_00047333": "/img/ILSVRC2012_val_00047333.JPEG", "birdhouse": "/img/None", "val_00016660": "/img/ILSVRC2012_val_00016660.JPEG", "val_00001915": "/img/ILSVRC2012_val_00001915.JPEG", "val_00041362": "/img/ILSVRC2012_val_00041362.JPEG", "val_00036431": "/img/ILSVRC2012_val_00036431.JPEG", "val_00037471": "/img/ILSVRC2012_val_00037471.JPEG", "val_00013085": "/img/ILSVRC2012_val_00013085.JPEG", "bee_eater": "/img/None", "val_00039463": "/img/ILSVRC2012_val_00039463.JPEG", "val_00033977": "/img/ILSVRC2012_val_00033977.JPEG", "jacamar": "/img/None", "val_00025449": "/img/ILSVRC2012_val_00025449.JPEG", "val_00005634": "/img/ILSVRC2012_val_00005634.JPEG", "val_00023796": "/img/ILSVRC2012_val_00023796.JPEG", "hummingbird": "/img/None", "val_00025616": "/img/ILSVRC2012_val_00025616.JPEG", "val_00039281": "/img/ILSVRC2012_val_00039281.JPEG", "water_ouzel": "/img/None"}