{"nodes": [{"id": "ibex", "group": 4.0, "part": 0, "shape": "circle"}, {"id": "val_00044438", "group": 1.0, "part": 0, "shape": "circle"}, {"id": "val_00033087", "group": 1.0, "part": 0, "shape": "circle"}, {"id": "ram", "group": 4.0, "part": 0, "shape": "circle"}, {"id": "val_00011631", "group": 1.0, "part": 0, "shape": "circle"}, {"id": "val_00019446", "group": 1.0, "part": 0, "shape": "circle"}, {"id": "val_00017145", "group": 1.0, "part": 0, "shape": "circle"}, {"id": "bighorn", "group": 4.0, "part": 0, "shape": "circle"}, {"id": "val_00011977", "group": 1.0, "part": 0, "shape": "circle"}, {"id": "val_00049562", "group": 1.0, "part": 0, "shape": "circle"}, {"id": "val_00046345", "group": 1.0, "part": 0, "shape": "circle"}, {"id": "geyser", "group": 4.0, "part": 1, "shape": "circle"}, {"id": "val_00043647", "group": 1.0, "part": 1, "shape": "circle"}, {"id": "val_00034662", "group": 1.0, "part": 1, "shape": "circle"}, {"id": "val_00001350", "group": 1.0, "part": 1, "shape": "circle"}, {"id": "val_00010873", "group": 1.0, "part": 1, "shape": "circle"}, {"id": "val_00043251", "group": 1.0, "part": 1, "shape": "circle"}, {"id": "val_00045179", "group": 1.0, "part": 1, "shape": "circle"}, {"id": "fountain", "group": 4.0, "part": 1, "shape": "circle"}, {"id": "val_00040101", "group": 1.0, "part": 2, "shape": "circle"}, {"id": "val_00024735", "group": 1.0, "part": 2, "shape": "circle"}, {"id": "val_00003084", "group": 1.0, "part": 2, "shape": "circle"}, {"id": "val_00040782", "group": 1.0, "part": 2, "shape": "circle"}, {"id": "ski", "group": 4.0, "part": 2, "shape": "circle"}, {"id": "val_00018560", "group": 1.0, "part": 3, "shape": "circle"}, {"id": "val_00007212", "group": 1.0, "part": 3, "shape": "circle"}, {"id": "val_00015689", "group": 1.0, "part": 3, "shape": "circle"}, {"id": "volcano", "group": 4.0, "part": 3, "shape": "circle"}, {"id": "val_00032531", "group": 1.0, "part": 3, "shape": "circle"}, {"id": "val_00037959", "group": 1.0, "part": 3, "shape": "circle"}, {"id": "val_00009559", "group": 1.0, "part": 3, "shape": "circle"}, {"id": "alp", "group": 4.0, "part": 3, "shape": "circle"}, {"id": "val_00038916", "group": 1.0, "part": 3, "shape": "circle"}], "links": [{"source": "alp", "target": "val_00038916"}, {"source": "alp", "target": "val_00046345"}, {"source": "bighorn", "target": "val_00011977"}, {"source": "bighorn", "target": "val_00046345"}, {"source": "bighorn", "target": "val_00049562"}, {"source": "geyser", "target": "val_00001350"}, {"source": "geyser", "target": "val_00010873"}, {"source": "geyser", "target": "val_00034662"}, {"source": "geyser", "target": "val_00043251"}, {"source": "geyser", "target": "val_00043647"}, {"source": "geyser", "target": "val_00045179"}, {"source": "ibex", "target": "val_00009559"}, {"source": "ibex", "target": "val_00011631"}, {"source": "ibex", "target": "val_00011977"}, {"source": "ibex", "target": "val_00015689"}, {"source": "ibex", "target": "val_00033087"}, {"source": "ibex", "target": "val_00044438"}, {"source": "ibex", "target": "val_00046345"}, {"source": "ram", "target": "val_00011631"}, {"source": "ram", "target": "val_00011977"}, {"source": "ram", "target": "val_00017145"}, {"source": "ram", "target": "val_00019446"}, {"source": "ram", "target": "val_00046345"}, {"source": "ram", "target": "val_00049562"}, {"source": "val_00001350", "target": "fountain"}, {"source": "val_00003084", "target": "alp"}, {"source": "val_00003084", "target": "ski"}, {"source": "val_00007212", "target": "alp"}, {"source": "val_00007212", "target": "bighorn"}, {"source": "val_00009559", "target": "alp"}, {"source": "val_00010873", "target": "fountain"}, {"source": "val_00010873", "target": "volcano"}, {"source": "val_00011631", "target": "alp"}, {"source": "val_00011631", "target": "bighorn"}, {"source": "val_00011977", "target": "alp"}, {"source": "val_00015689", "target": "alp"}, {"source": "val_00017145", "target": "bighorn"}, {"source": "val_00018560", "target": "alp"}, {"source": "val_00018560", "target": "volcano"}, {"source": "val_00019446", "target": "bighorn"}, {"source": "val_00024735", "target": "ski"}, {"source": "val_00032531", "target": "alp"}, {"source": "val_00033087", "target": "bighorn"}, {"source": "val_00033087", "target": "ram"}, {"source": "val_00034662", "target": "fountain"}, {"source": "val_00034662", "target": "volcano"}, {"source": "val_00037959", "target": "alp"}, {"source": "val_00040101", "target": "alp"}, {"source": "val_00040101", "target": "ski"}, {"source": "val_00040782", "target": "alp"}, {"source": "val_00040782", "target": "ski"}, {"source": "val_00043251", "target": "fountain"}, {"source": "val_00043647", "target": "fountain"}, {"source": "val_00043647", "target": "volcano"}, {"source": "val_00044438", "target": "bighorn"}, {"source": "val_00044438", "target": "ram"}, {"source": "val_00045179", "target": "fountain"}, {"source": "volcano", "target": "val_00032531"}, {"source": "volcano", "target": "val_00037959"}, {"source": "volcano", "target": "val_00038916"}]}