{"nodes": [{"id": "val_00033282", "group": 1.0, "part": 0, "shape": "circle"}, {"id": "abacus", "group": 4.0, "part": 0, "shape": "circle"}, {"id": "val_00002148", "group": 1.0, "part": 0, "shape": "circle"}, {"id": "val_00025605", "group": 1.0, "part": 0, "shape": "circle"}, {"id": "val_00049953", "group": 1.0, "part": 0, "shape": "circle"}], "links": [{"source": "abacus", "target": "val_00002148"}, {"source": "abacus", "target": "val_00025605"}, {"source": "abacus", "target": "val_00049953"}, {"source": "val_00033282", "target": "abacus"}]}