{"nodes": [{"id": "face_powder", "group": 4.0, "part": 1, "shape": "circle"}, {"id": "backpack", "group": 4.0, "part": 1, "shape": "circle"}, {"id": "val_00025458", "group": 1.0, "part": 1, "shape": "circle"}, {"id": "rubber_eraser", "group": 4.0, "part": 1, "shape": "circle"}, {"id": "pencil_sharpener", "group": 4.0, "part": 0, "shape": "circle"}, {"id": "val_00043036", "group": 1.0, "part": 0, "shape": "circle"}, {"id": "rule", "group": 4.0, "part": 0, "shape": "circle"}, {"id": "pencil_box", "group": 4.0, "part": 0, "shape": "circle"}], "links": [{"source": "backpack", "target": "val_00025458"}, {"source": "face_powder", "target": "val_00025458"}, {"source": "pencil_sharpener", "target": "val_00043036"}, {"source": "val_00025458", "target": "pencil_box"}, {"source": "val_00025458", "target": "rubber_eraser"}, {"source": "val_00043036", "target": "pencil_box"}, {"source": "val_00043036", "target": "rubber_eraser"}, {"source": "val_00043036", "target": "rule"}]}