{"nodes": [{"id": "val_00012116", "group": 1.0, "part": 0, "shape": "circle"}, {"id": "val_00021033", "group": 1.0, "part": 0, "shape": "circle"}, {"id": "val_00043589", "group": 1.0, "part": 0, "shape": "circle"}, {"id": "val_00022346", "group": 1.0, "part": 0, "shape": "circle"}, {"id": "binoculars", "group": 4.0, "part": 0, "shape": "circle"}], "links": [{"source": "val_00012116", "target": "binoculars"}, {"source": "val_00021033", "target": "binoculars"}, {"source": "val_00022346", "target": "binoculars"}, {"source": "val_00043589", "target": "binoculars"}]}