{"nodes": [{"id": "val_00009423", "group": 1.0, "part": 0, "shape": "circle"}, {"id": "val_00029074", "group": 1.0, "part": 0, "shape": "circle"}, {"id": "val_00045579", "group": 1.0, "part": 0, "shape": "circle"}, {"id": "val_00028874", "group": 1.0, "part": 0, "shape": "circle"}, {"id": "oscilloscope", "group": 4.0, "part": 0, "shape": "circle"}, {"id": "val_00034501", "group": 1.0, "part": 1, "shape": "circle"}, {"id": "val_00041536", "group": 1.0, "part": 1, "shape": "circle"}, {"id": "val_00022274", "group": 1.0, "part": 1, "shape": "circle"}, {"id": "screen", "group": 4.0, "part": 1, "shape": "circle"}, {"id": "val_00016917", "group": 1.0, "part": 1, "shape": "circle"}, {"id": "val_00022267", "group": 1.0, "part": 1, "shape": "circle"}, {"id": "monitor", "group": 4.0, "part": 1, "shape": "circle"}, {"id": "val_00028157", "group": 1.0, "part": 1, "shape": "circle"}], "links": [{"source": "monitor", "target": "val_00028157"}, {"source": "monitor", "target": "val_00028874"}, {"source": "monitor", "target": "val_00045579"}, {"source": "screen", "target": "val_00016917"}, {"source": "screen", "target": "val_00022267"}, {"source": "screen", "target": "val_00028157"}, {"source": "screen", "target": "val_00028874"}, {"source": "screen", "target": "val_00045579"}, {"source": "val_00009423", "target": "monitor"}, {"source": "val_00009423", "target": "oscilloscope"}, {"source": "val_00009423", "target": "screen"}, {"source": "val_00016917", "target": "monitor"}, {"source": "val_00016917", "target": "oscilloscope"}, {"source": "val_00022267", "target": "monitor"}, {"source": "val_00022267", "target": "oscilloscope"}, {"source": "val_00022274", "target": "monitor"}, {"source": "val_00022274", "target": "screen"}, {"source": "val_00028874", "target": "oscilloscope"}, {"source": "val_00029074", "target": "monitor"}, {"source": "val_00029074", "target": "oscilloscope"}, {"source": "val_00029074", "target": "screen"}, {"source": "val_00034501", "target": "monitor"}, {"source": "val_00034501", "target": "screen"}, {"source": "val_00041536", "target": "monitor"}, {"source": "val_00041536", "target": "screen"}, {"source": "val_00045579", "target": "oscilloscope"}]}