{"remote_control": "/img/None", "val_00045856": "/img/ILSVRC2012_val_00045856.JPEG", "val_00016214": "/img/ILSVRC2012_val_00016214.JPEG", "val_00020155": "/img/ILSVRC2012_val_00020155.JPEG", "joystick": "/img/None", "switch": "/img/None", "val_00024696": "/img/ILSVRC2012_val_00024696.JPEG", "val_00015844": "/img/ILSVRC2012_val_00015844.JPEG", "val_00021732": "/img/ILSVRC2012_val_00021732.JPEG", "val_00008563": "/img/ILSVRC2012_val_00008563.JPEG", "val_00030988": "/img/ILSVRC2012_val_00030988.JPEG", "val_00005803": "/img/ILSVRC2012_val_00005803.JPEG"}