{"val_00021593": "/img/ILSVRC2012_val_00021593.JPEG", "green_snake": "/img/None", "val_00015794": "/img/ILSVRC2012_val_00015794.JPEG", "val_00018204": "/img/ILSVRC2012_val_00018204.JPEG", "val_00041931": "/img/ILSVRC2012_val_00041931.JPEG", "val_00007710": "/img/ILSVRC2012_val_00007710.JPEG", "val_00036990": "/img/ILSVRC2012_val_00036990.JPEG", "val_00039780": "/img/ILSVRC2012_val_00039780.JPEG", "val_00048574": "/img/ILSVRC2012_val_00048574.JPEG", "vine_snake": "/img/None", "val_00000029": "/img/ILSVRC2012_val_00000029.JPEG", "val_00022436": "/img/ILSVRC2012_val_00022436.JPEG", "green_mamba": "/img/None"}