{"nodes": [{"id": "val_00032192", "group": 1.0, "part": 0, "shape": "circle"}, {"id": "val_00036641", "group": 1.0, "part": 0, "shape": "circle"}, {"id": "val_00009500", "group": 1.0, "part": 0, "shape": "circle"}, {"id": "val_00013841", "group": 1.0, "part": 0, "shape": "circle"}, {"id": "lawn_mower", "group": 4.0, "part": 0, "shape": "circle"}, {"id": "val_00026632", "group": 1.0, "part": 0, "shape": "circle"}, {"id": "val_00033704", "group": 1.0, "part": 0, "shape": "circle"}, {"id": "val_00039830", "group": 1.0, "part": 1, "shape": "circle"}, {"id": "val_00014167", "group": 1.0, "part": 1, "shape": "circle"}, {"id": "tractor", "group": 4.0, "part": 1, "shape": "circle"}, {"id": "val_00028608", "group": 1.0, "part": 1, "shape": "circle"}, {"id": "val_00035906", "group": 1.0, "part": 1, "shape": "circle"}, {"id": "harvester", "group": 4.0, "part": 1, "shape": "circle"}, {"id": "val_00044239", "group": 1.0, "part": 1, "shape": "circle"}, {"id": "val_00012970", "group": 1.0, "part": 1, "shape": "circle"}, {"id": "val_00035513", "group": 1.0, "part": 1, "shape": "circle"}, {"id": "val_00046012", "group": 1.0, "part": 1, "shape": "circle"}, {"id": "val_00036517", "group": 1.0, "part": 1, "shape": "circle"}, {"id": "val_00048862", "group": 1.0, "part": 1, "shape": "circle"}, {"id": "thresher", "group": 4.0, "part": 1, "shape": "circle"}, {"id": "val_00042081", "group": 1.0, "part": 1, "shape": "circle"}, {"id": "val_00007544", "group": 1.0, "part": 1, "shape": "circle"}, {"id": "val_00001159", "group": 1.0, "part": 2, "shape": "circle"}, {"id": "val_00044833", "group": 1.0, "part": 2, "shape": "circle"}, {"id": "plow", "group": 4.0, "part": 2, "shape": "circle"}, {"id": "val_00021507", "group": 1.0, "part": 2, "shape": "circle"}, {"id": "val_00006380", "group": 1.0, "part": 2, "shape": "circle"}, {"id": "val_00047855", "group": 1.0, "part": 2, "shape": "circle"}, {"id": "val_00025966", "group": 1.0, "part": 2, "shape": "circle"}], "links": [{"source": "harvester", "target": "val_00007544"}, {"source": "harvester", "target": "val_00012970"}, {"source": "harvester", "target": "val_00026632"}, {"source": "harvester", "target": "val_00033704"}, {"source": "harvester", "target": "val_00035513"}, {"source": "harvester", "target": "val_00036517"}, {"source": "harvester", "target": "val_00042081"}, {"source": "harvester", "target": "val_00044239"}, {"source": "harvester", "target": "val_00046012"}, {"source": "harvester", "target": "val_00048862"}, {"source": "lawn_mower", "target": "val_00026632"}, {"source": "lawn_mower", "target": "val_00033704"}, {"source": "lawn_mower", "target": "val_00046012"}, {"source": "lawn_mower", "target": "val_00048862"}, {"source": "plow", "target": "val_00006380"}, {"source": "plow", "target": "val_00009500"}, {"source": "plow", "target": "val_00013841"}, {"source": "plow", "target": "val_00021507"}, {"source": "plow", "target": "val_00025966"}, {"source": "plow", "target": "val_00028608"}, {"source": "plow", "target": "val_00035513"}, {"source": "plow", "target": "val_00036517"}, {"source": "plow", "target": "val_00046012"}, {"source": "plow", "target": "val_00047855"}, {"source": "thresher", "target": "val_00007544"}, {"source": "tractor", "target": "val_00006380"}, {"source": "tractor", "target": "val_00007544"}, {"source": "tractor", "target": "val_00013841"}, {"source": "tractor", "target": "val_00021507"}, {"source": "tractor", "target": "val_00025966"}, {"source": "tractor", "target": "val_00026632"}, {"source": "tractor", "target": "val_00028608"}, {"source": "tractor", "target": "val_00033704"}, {"source": "tractor", "target": "val_00035513"}, {"source": "tractor", "target": "val_00035906"}, {"source": "tractor", "target": "val_00036517"}, {"source": "tractor", "target": "val_00042081"}, {"source": "tractor", "target": "val_00044239"}, {"source": "tractor", "target": "val_00046012"}, {"source": "tractor", "target": "val_00047855"}, {"source": "tractor", "target": "val_00048862"}, {"source": "val_00001159", "target": "harvester"}, {"source": "val_00001159", "target": "plow"}, {"source": "val_00006380", "target": "harvester"}, {"source": "val_00006380", "target": "thresher"}, {"source": "val_00009500", "target": "lawn_mower"}, {"source": "val_00012970", "target": "thresher"}, {"source": "val_00013841", "target": "harvester"}, {"source": "val_00013841", "target": "lawn_mower"}, {"source": "val_00013841", "target": "thresher"}, {"source": "val_00014167", "target": "harvester"}, {"source": "val_00014167", "target": "thresher"}, {"source": "val_00014167", "target": "tractor"}, {"source": "val_00021507", "target": "harvester"}, {"source": "val_00021507", "target": "lawn_mower"}, {"source": "val_00021507", "target": "thresher"}, {"source": "val_00026632", "target": "thresher"}, {"source": "val_00028608", "target": "harvester"}, {"source": "val_00028608", "target": "lawn_mower"}, {"source": "val_00028608", "target": "thresher"}, {"source": "val_00032192", "target": "harvester"}, {"source": "val_00032192", "target": "lawn_mower"}, {"source": "val_00032192", "target": "thresher"}, {"source": "val_00035513", "target": "thresher"}, {"source": "val_00035906", "target": "harvester"}, {"source": "val_00036517", "target": "thresher"}, {"source": "val_00036641", "target": "harvester"}, {"source": "val_00036641", "target": "lawn_mower"}, {"source": "val_00036641", "target": "tractor"}, {"source": "val_00039830", "target": "harvester"}, {"source": "val_00039830", "target": "lawn_mower"}, {"source": "val_00039830", "target": "thresher"}, {"source": "val_00039830", "target": "tractor"}, {"source": "val_00044833", "target": "plow"}, {"source": "val_00044833", "target": "tractor"}, {"source": "val_00046012", "target": "thresher"}, {"source": "val_00047855", "target": "harvester"}, {"source": "val_00048862", "target": "thresher"}]}