{"nodes": [{"id": "val_00047769", "group": 1.0, "part": 0, "shape": "circle"}, {"id": "val_00022616", "group": 1.0, "part": 0, "shape": "circle"}, {"id": "val_00023034", "group": 1.0, "part": 0, "shape": "circle"}, {"id": "hamster", "group": 4.0, "part": 0, "shape": "circle"}, {"id": "val_00029758", "group": 1.0, "part": 0, "shape": "circle"}], "links": [{"source": "hamster", "target": "val_00029758"}, {"source": "val_00022616", "target": "hamster"}, {"source": "val_00023034", "target": "hamster"}, {"source": "val_00047769", "target": "hamster"}]}