{"nodes": [{"id": "val_00034263", "group": 1.0, "part": 0, "shape": "circle"}, {"id": "val_00000178", "group": 1.0, "part": 0, "shape": "circle"}, {"id": "val_00006232", "group": 1.0, "part": 0, "shape": "circle"}, {"id": "val_00013737", "group": 1.0, "part": 0, "shape": "circle"}, {"id": "val_00023615", "group": 1.0, "part": 0, "shape": "circle"}, {"id": "val_00046768", "group": 1.0, "part": 0, "shape": "circle"}, {"id": "val_00005446", "group": 1.0, "part": 0, "shape": "circle"}, {"id": "val_00030708", "group": 1.0, "part": 0, "shape": "circle"}, {"id": "malamute", "group": 4.0, "part": 0, "shape": "circle"}, {"id": "Siberian_husky", "group": 4.0, "part": 0, "shape": "circle"}, {"id": "val_00012657", "group": 1.0, "part": 1, "shape": "circle"}, {"id": "val_00002004", "group": 1.0, "part": 1, "shape": "circle"}, {"id": "val_00041189", "group": 1.0, "part": 1, "shape": "circle"}, {"id": "val_00002266", "group": 1.0, "part": 1, "shape": "circle"}, {"id": "dogsled", "group": 4.0, "part": 1, "shape": "circle"}, {"id": "val_00043958", "group": 1.0, "part": 1, "shape": "circle"}, {"id": "Eskimo_dog", "group": 4.0, "part": 1, "shape": "circle"}, {"id": "val_00031001", "group": 1.0, "part": 1, "shape": "circle"}, {"id": "val_00033569", "group": 1.0, "part": 1, "shape": "circle"}], "links": [{"source": "Eskimo_dog", "target": "val_00005446"}, {"source": "Eskimo_dog", "target": "val_00030708"}, {"source": "Eskimo_dog", "target": "val_00031001"}, {"source": "Eskimo_dog", "target": "val_00033569"}, {"source": "dogsled", "target": "val_00031001"}, {"source": "dogsled", "target": "val_00033569"}, {"source": "dogsled", "target": "val_00043958"}, {"source": "val_00000178", "target": "Eskimo_dog"}, {"source": "val_00000178", "target": "Siberian_husky"}, {"source": "val_00000178", "target": "malamute"}, {"source": "val_00002004", "target": "Eskimo_dog"}, {"source": "val_00002004", "target": "Siberian_husky"}, {"source": "val_00002004", "target": "dogsled"}, {"source": "val_00002004", "target": "malamute"}, {"source": "val_00002266", "target": "Eskimo_dog"}, {"source": "val_00002266", "target": "dogsled"}, {"source": "val_00005446", "target": "Siberian_husky"}, {"source": "val_00005446", "target": "malamute"}, {"source": "val_00006232", "target": "Eskimo_dog"}, {"source": "val_00006232", "target": "Siberian_husky"}, {"source": "val_00006232", "target": "malamute"}, {"source": "val_00012657", "target": "Eskimo_dog"}, {"source": "val_00012657", "target": "Siberian_husky"}, {"source": "val_00012657", "target": "dogsled"}, {"source": "val_00013737", "target": "Eskimo_dog"}, {"source": "val_00013737", "target": "Siberian_husky"}, {"source": "val_00013737", "target": "malamute"}, {"source": "val_00023615", "target": "Eskimo_dog"}, {"source": "val_00023615", "target": "Siberian_husky"}, {"source": "val_00023615", "target": "malamute"}, {"source": "val_00030708", "target": "Siberian_husky"}, {"source": "val_00030708", "target": "malamute"}, {"source": "val_00031001", "target": "Siberian_husky"}, {"source": "val_00031001", "target": "malamute"}, {"source": "val_00033569", "target": "Siberian_husky"}, {"source": "val_00034263", "target": "Eskimo_dog"}, {"source": "val_00034263", "target": "Siberian_husky"}, {"source": "val_00034263", "target": "malamute"}, {"source": "val_00041189", "target": "Eskimo_dog"}, {"source": "val_00041189", "target": "Siberian_husky"}, {"source": "val_00041189", "target": "dogsled"}, {"source": "val_00041189", "target": "malamute"}, {"source": "val_00043958", "target": "Eskimo_dog"}, {"source": "val_00043958", "target": "Siberian_husky"}, {"source": "val_00043958", "target": "malamute"}, {"source": "val_00046768", "target": "Eskimo_dog"}, {"source": "val_00046768", "target": "malamute"}]}