{"nodes": [{"id": "val_00000580", "group": 1.0, "part": 1, "shape": "circle"}, {"id": "grocery_store", "group": 4.0, "part": 1, "shape": "circle"}, {"id": "vending_machine", "group": 4.0, "part": 1, "shape": "circle"}, {"id": "confectionery", "group": 4.0, "part": 1, "shape": "circle"}, {"id": "toyshop", "group": 4.0, "part": 2, "shape": "circle"}, {"id": "val_00033814", "group": 1.0, "part": 2, "shape": "circle"}, {"id": "val_00007133", "group": 1.0, "part": 3, "shape": "circle"}, {"id": "tobacco_shop", "group": 4.0, "part": 3, "shape": "circle"}, {"id": "Angora", "group": 4.0, "part": 0, "shape": "circle"}, {"id": "Maltese_dog", "group": 4.0, "part": 0, "shape": "circle"}, {"id": "val_00047526", "group": 1.0, "part": 0, "shape": "circle"}], "links": [{"source": "Angora", "target": "val_00047526"}, {"source": "Maltese_dog", "target": "val_00047526"}, {"source": "tobacco_shop", "target": "val_00047526"}, {"source": "toyshop", "target": "val_00033814"}, {"source": "toyshop", "target": "val_00047526"}, {"source": "val_00000580", "target": "confectionery"}, {"source": "val_00000580", "target": "grocery_store"}, {"source": "val_00000580", "target": "tobacco_shop"}, {"source": "val_00000580", "target": "toyshop"}, {"source": "val_00000580", "target": "vending_machine"}, {"source": "val_00007133", "target": "tobacco_shop"}]}