{"nodes": [{"id": "three-toed_sloth", "group": 4.0, "part": 1, "shape": "circle"}, {"id": "val_00009177", "group": 1.0, "part": 1, "shape": "circle"}, {"id": "val_00026524", "group": 1.0, "part": 1, "shape": "circle"}, {"id": "val_00010582", "group": 1.0, "part": 0, "shape": "circle"}, {"id": "carbonara", "group": 4.0, "part": 0, "shape": "circle"}, {"id": "val_00046495", "group": 1.0, "part": 0, "shape": "circle"}], "links": [{"source": "carbonara", "target": "val_00046495"}, {"source": "three-toed_sloth", "target": "val_00009177"}, {"source": "three-toed_sloth", "target": "val_00026524"}, {"source": "three-toed_sloth", "target": "val_00046495"}, {"source": "val_00010582", "target": "carbonara"}, {"source": "val_00026524", "target": "carbonara"}]}