{"nodes": [{"id": "val_00029895", "group": 1.0, "part": 0, "shape": "circle"}, {"id": "gasmask", "group": 4.0, "part": 0, "shape": "circle"}, {"id": "val_00024197", "group": 1.0, "part": 0, "shape": "circle"}, {"id": "val_00031381", "group": 1.0, "part": 0, "shape": "circle"}, {"id": "val_00047780", "group": 1.0, "part": 0, "shape": "circle"}], "links": [{"source": "gasmask", "target": "val_00024197"}, {"source": "gasmask", "target": "val_00031381"}, {"source": "gasmask", "target": "val_00047780"}, {"source": "val_00029895", "target": "gasmask"}]}