{"nodes": [{"id": "mortar", "group": 4.0, "part": 0, "shape": "circle"}, {"id": "val_00000596", "group": 1.0, "part": 0, "shape": "circle"}, {"id": "val_00020752", "group": 1.0, "part": 0, "shape": "circle"}, {"id": "val_00016894", "group": 1.0, "part": 0, "shape": "circle"}, {"id": "val_00018756", "group": 1.0, "part": 0, "shape": "circle"}, {"id": "val_00036357", "group": 1.0, "part": 1, "shape": "circle"}, {"id": "val_00002120", "group": 1.0, "part": 1, "shape": "circle"}, {"id": "val_00045163", "group": 1.0, "part": 1, "shape": "circle"}, {"id": "val_00046125", "group": 1.0, "part": 1, "shape": "circle"}, {"id": "cannon", "group": 4.0, "part": 1, "shape": "circle"}], "links": [{"source": "cannon", "target": "val_00016894"}, {"source": "cannon", "target": "val_00018756"}, {"source": "mortar", "target": "val_00000596"}, {"source": "mortar", "target": "val_00002120"}, {"source": "mortar", "target": "val_00016894"}, {"source": "mortar", "target": "val_00018756"}, {"source": "mortar", "target": "val_00020752"}, {"source": "mortar", "target": "val_00036357"}, {"source": "val_00000596", "target": "cannon"}, {"source": "val_00002120", "target": "cannon"}, {"source": "val_00020752", "target": "cannon"}, {"source": "val_00036357", "target": "cannon"}, {"source": "val_00045163", "target": "cannon"}, {"source": "val_00046125", "target": "cannon"}]}