{"val_00033267": "/img/ILSVRC2012_val_00033267.JPEG", "Scottish_deerhound": "/img/None", "val_00020613": "/img/ILSVRC2012_val_00020613.JPEG", "val_00042158": "/img/ILSVRC2012_val_00042158.JPEG", "val_00009167": "/img/ILSVRC2012_val_00009167.JPEG", "val_00013361": "/img/ILSVRC2012_val_00013361.JPEG", "val_00020070": "/img/ILSVRC2012_val_00020070.JPEG", "val_00031545": "/img/ILSVRC2012_val_00031545.JPEG", "Irish_wolfhound": "/img/None", "val_00001206": "/img/ILSVRC2012_val_00001206.JPEG", "val_00006720": "/img/ILSVRC2012_val_00006720.JPEG"}