{"nodes": [{"id": "geyser", "group": 4.0, "part": 0, "shape": "circle"}, {"id": "val_00014588", "group": 1.0, "part": 0, "shape": "circle"}, {"id": "val_00003965", "group": 1.0, "part": 1, "shape": "circle"}, {"id": "tray", "group": 4.0, "part": 1, "shape": "circle"}, {"id": "book_jacket", "group": 4.0, "part": 1, "shape": "circle"}, {"id": "val_00046353", "group": 1.0, "part": 1, "shape": "circle"}], "links": [{"source": "book_jacket", "target": "val_00046353"}, {"source": "geyser", "target": "val_00014588"}, {"source": "tray", "target": "val_00014588"}, {"source": "tray", "target": "val_00046353"}, {"source": "val_00003965", "target": "book_jacket"}, {"source": "val_00003965", "target": "tray"}]}