{"nodes": [{"id": "val_00042408", "group": 1.0, "part": 0, "shape": "circle"}, {"id": "burrito", "group": 4.0, "part": 0, "shape": "circle"}, {"id": "val_00029061", "group": 1.0, "part": 0, "shape": "circle"}, {"id": "val_00026100", "group": 1.0, "part": 0, "shape": "circle"}, {"id": "val_00049358", "group": 1.0, "part": 0, "shape": "circle"}], "links": [{"source": "burrito", "target": "val_00026100"}, {"source": "burrito", "target": "val_00029061"}, {"source": "burrito", "target": "val_00049358"}, {"source": "val_00042408", "target": "burrito"}]}