{"nodes": [{"id": "val_00019032", "group": 1.0, "part": 0, "shape": "circle"}, {"id": "space_bar", "group": 4.0, "part": 0, "shape": "circle"}, {"id": "computer_keyboard", "group": 4.0, "part": 1, "shape": "circle"}, {"id": "val_00027770", "group": 1.0, "part": 1, "shape": "circle"}], "links": [{"source": "computer_keyboard", "target": "val_00027770"}, {"source": "space_bar", "target": "val_00027770"}, {"source": "val_00019032", "target": "computer_keyboard"}, {"source": "val_00019032", "target": "space_bar"}]}