{"giant_schnauzer": "/img/None", "val_00029670": "/img/ILSVRC2012_val_00029670.JPEG", "Kerry_blue_terrier": "/img/None", "val_00029435": "/img/ILSVRC2012_val_00029435.JPEG", "val_00026283": "/img/ILSVRC2012_val_00026283.JPEG", "val_00003731": "/img/ILSVRC2012_val_00003731.JPEG", "val_00040836": "/img/ILSVRC2012_val_00040836.JPEG", "val_00041947": "/img/ILSVRC2012_val_00041947.JPEG", "val_00004248": "/img/ILSVRC2012_val_00004248.JPEG", "Bouvier_des_Flandres": "/img/None", "val_00019712": "/img/ILSVRC2012_val_00019712.JPEG", "val_00030920": "/img/ILSVRC2012_val_00030920.JPEG", "val_00022042": "/img/ILSVRC2012_val_00022042.JPEG", "val_00046078": "/img/ILSVRC2012_val_00046078.JPEG", "val_00009772": "/img/ILSVRC2012_val_00009772.JPEG", "val_00025606": "/img/ILSVRC2012_val_00025606.JPEG", "val_00038992": "/img/ILSVRC2012_val_00038992.JPEG", "val_00047084": "/img/ILSVRC2012_val_00047084.JPEG", "val_00014477": "/img/ILSVRC2012_val_00014477.JPEG", "val_00028135": "/img/ILSVRC2012_val_00028135.JPEG", "val_00028518": "/img/ILSVRC2012_val_00028518.JPEG", "standard_schnauzer": "/img/None", "val_00023774": "/img/ILSVRC2012_val_00023774.JPEG", "miniature_schnauzer": "/img/None", "val_00032381": "/img/ILSVRC2012_val_00032381.JPEG", "val_00007388": "/img/ILSVRC2012_val_00007388.JPEG", "val_00018881": "/img/ILSVRC2012_val_00018881.JPEG"}