{"ringlet": "/img/None", "val_00025210": "/img/ILSVRC2012_val_00025210.JPEG", "val_00042337": "/img/ILSVRC2012_val_00042337.JPEG", "admiral": "/img/None", "val_00011074": "/img/ILSVRC2012_val_00011074.JPEG", "val_00029192": "/img/ILSVRC2012_val_00029192.JPEG", "val_00043381": "/img/ILSVRC2012_val_00043381.JPEG", "val_00005786": "/img/ILSVRC2012_val_00005786.JPEG", "val_00035673": "/img/ILSVRC2012_val_00035673.JPEG", "val_00011143": "/img/ILSVRC2012_val_00011143.JPEG", "val_00011911": "/img/ILSVRC2012_val_00011911.JPEG", "val_00027546": "/img/ILSVRC2012_val_00027546.JPEG", "val_00005904": "/img/ILSVRC2012_val_00005904.JPEG", "val_00000618": "/img/ILSVRC2012_val_00000618.JPEG", "val_00004011": "/img/ILSVRC2012_val_00004011.JPEG", "val_00032927": "/img/ILSVRC2012_val_00032927.JPEG", "val_00019900": "/img/ILSVRC2012_val_00019900.JPEG", "lycaenid": "/img/None", "val_00021806": "/img/ILSVRC2012_val_00021806.JPEG", "sulphur_butterfly": "/img/None", "val_00024536": "/img/ILSVRC2012_val_00024536.JPEG", "cabbage_butterfly": "/img/None", "val_00021992": "/img/ILSVRC2012_val_00021992.JPEG", "val_00049418": "/img/ILSVRC2012_val_00049418.JPEG", "val_00039804": "/img/ILSVRC2012_val_00039804.JPEG", "val_00023111": "/img/ILSVRC2012_val_00023111.JPEG", "monarch": "/img/None", "val_00037965": "/img/ILSVRC2012_val_00037965.JPEG"}