{"val_00049168": "/img/ILSVRC2012_val_00049168.JPEG", "rhinoceros_beetle": "/img/None", "val_00003191": "/img/ILSVRC2012_val_00003191.JPEG", "val_00045513": "/img/ILSVRC2012_val_00045513.JPEG", "val_00024257": "/img/ILSVRC2012_val_00024257.JPEG", "val_00017710": "/img/ILSVRC2012_val_00017710.JPEG", "val_00018686": "/img/ILSVRC2012_val_00018686.JPEG", "armadillo": "/img/None", "val_00037889": "/img/ILSVRC2012_val_00037889.JPEG", "val_00037987": "/img/ILSVRC2012_val_00037987.JPEG", "val_00003572": "/img/ILSVRC2012_val_00003572.JPEG", "val_00034954": "/img/ILSVRC2012_val_00034954.JPEG", "dung_beetle": "/img/None", "val_00041506": "/img/ILSVRC2012_val_00041506.JPEG", "val_00014060": "/img/ILSVRC2012_val_00014060.JPEG", "val_00045910": "/img/ILSVRC2012_val_00045910.JPEG", "tiger_beetle": "/img/None", "val_00049611": "/img/ILSVRC2012_val_00049611.JPEG", "val_00030936": "/img/ILSVRC2012_val_00030936.JPEG", "val_00017893": "/img/ILSVRC2012_val_00017893.JPEG", "val_00012894": "/img/ILSVRC2012_val_00012894.JPEG", "val_00032871": "/img/ILSVRC2012_val_00032871.JPEG", "val_00048676": "/img/ILSVRC2012_val_00048676.JPEG", "val_00014408": "/img/ILSVRC2012_val_00014408.JPEG", "val_00002279": "/img/ILSVRC2012_val_00002279.JPEG", "val_00037453": "/img/ILSVRC2012_val_00037453.JPEG", "ground_beetle": "/img/None", "long-horned_beetle": "/img/None", "val_00022273": "/img/ILSVRC2012_val_00022273.JPEG", "val_00039612": "/img/ILSVRC2012_val_00039612.JPEG", "val_00035497": "/img/ILSVRC2012_val_00035497.JPEG", "leaf_beetle": "/img/None", "val_00022351": "/img/ILSVRC2012_val_00022351.JPEG", "val_00045770": "/img/ILSVRC2012_val_00045770.JPEG", "weevil": "/img/None", "val_00019202": "/img/ILSVRC2012_val_00019202.JPEG", "val_00040156": "/img/ILSVRC2012_val_00040156.JPEG", "val_00039406": "/img/ILSVRC2012_val_00039406.JPEG", "val_00001570": "/img/ILSVRC2012_val_00001570.JPEG", "val_00014134": "/img/ILSVRC2012_val_00014134.JPEG"}