{"nodes": [{"id": "val_00027461", "group": 1.0, "part": 0, "shape": "circle"}, {"id": "val_00025216", "group": 1.0, "part": 0, "shape": "circle"}, {"id": "knot", "group": 4.0, "part": 0, "shape": "circle"}, {"id": "hook", "group": 4.0, "part": 0, "shape": "circle"}, {"id": "val_00047248", "group": 1.0, "part": 0, "shape": "circle"}, {"id": "val_00044411", "group": 1.0, "part": 0, "shape": "circle"}, {"id": "val_00041071", "group": 1.0, "part": 0, "shape": "circle"}, {"id": "val_00021018", "group": 1.0, "part": 0, "shape": "circle"}, {"id": "val_00012674", "group": 1.0, "part": 0, "shape": "circle"}, {"id": "val_00019463", "group": 1.0, "part": 0, "shape": "circle"}, {"id": "chain", "group": 4.0, "part": 1, "shape": "circle"}, {"id": "val_00027515", "group": 1.0, "part": 1, "shape": "circle"}, {"id": "val_00046589", "group": 1.0, "part": 1, "shape": "circle"}, {"id": "val_00016078", "group": 1.0, "part": 1, "shape": "circle"}, {"id": "val_00004165", "group": 1.0, "part": 1, "shape": "circle"}, {"id": "val_00045419", "group": 1.0, "part": 1, "shape": "circle"}, {"id": "val_00001734", "group": 1.0, "part": 1, "shape": "circle"}], "links": [{"source": "chain", "target": "val_00001734"}, {"source": "chain", "target": "val_00004165"}, {"source": "chain", "target": "val_00016078"}, {"source": "chain", "target": "val_00019463"}, {"source": "chain", "target": "val_00027515"}, {"source": "chain", "target": "val_00041071"}, {"source": "chain", "target": "val_00045419"}, {"source": "chain", "target": "val_00046589"}, {"source": "chain", "target": "val_00047248"}, {"source": "hook", "target": "val_00004165"}, {"source": "hook", "target": "val_00012674"}, {"source": "hook", "target": "val_00016078"}, {"source": "hook", "target": "val_00019463"}, {"source": "hook", "target": "val_00021018"}, {"source": "hook", "target": "val_00041071"}, {"source": "hook", "target": "val_00044411"}, {"source": "hook", "target": "val_00046589"}, {"source": "hook", "target": "val_00047248"}, {"source": "knot", "target": "val_00012674"}, {"source": "knot", "target": "val_00019463"}, {"source": "knot", "target": "val_00021018"}, {"source": "knot", "target": "val_00041071"}, {"source": "knot", "target": "val_00044411"}, {"source": "knot", "target": "val_00045419"}, {"source": "knot", "target": "val_00046589"}, {"source": "knot", "target": "val_00047248"}, {"source": "val_00025216", "target": "chain"}, {"source": "val_00025216", "target": "hook"}, {"source": "val_00025216", "target": "knot"}, {"source": "val_00027461", "target": "hook"}, {"source": "val_00027461", "target": "knot"}]}