{"nodes": [{"id": "tub", "group": 4.0, "part": 0, "shape": "circle"}, {"id": "val_00002563", "group": 1.0, "part": 0, "shape": "circle"}, {"id": "val_00006079", "group": 1.0, "part": 0, "shape": "circle"}, {"id": "val_00045417", "group": 1.0, "part": 0, "shape": "circle"}, {"id": "val_00041632", "group": 1.0, "part": 1, "shape": "circle"}, {"id": "val_00045749", "group": 1.0, "part": 1, "shape": "circle"}, {"id": "val_00023370", "group": 1.0, "part": 1, "shape": "circle"}, {"id": "bathtub", "group": 4.0, "part": 1, "shape": "circle"}], "links": [{"source": "bathtub", "target": "val_00045417"}, {"source": "tub", "target": "val_00002563"}, {"source": "tub", "target": "val_00006079"}, {"source": "tub", "target": "val_00023370"}, {"source": "tub", "target": "val_00041632"}, {"source": "tub", "target": "val_00045417"}, {"source": "tub", "target": "val_00045749"}, {"source": "val_00002563", "target": "bathtub"}, {"source": "val_00006079", "target": "bathtub"}, {"source": "val_00023370", "target": "bathtub"}, {"source": "val_00041632", "target": "bathtub"}, {"source": "val_00045749", "target": "bathtub"}]}