{"nodes": [{"id": "val_00007270", "group": 1.0, "part": 0, "shape": "circle"}, {"id": "val_00038560", "group": 1.0, "part": 0, "shape": "circle"}, {"id": "val_00032509", "group": 1.0, "part": 0, "shape": "circle"}, {"id": "val_00009689", "group": 1.0, "part": 0, "shape": "circle"}, {"id": "printer", "group": 4.0, "part": 0, "shape": "circle"}, {"id": "val_00022650", "group": 1.0, "part": 0, "shape": "circle"}, {"id": "val_00038222", "group": 1.0, "part": 0, "shape": "circle"}, {"id": "val_00013073", "group": 1.0, "part": 1, "shape": "circle"}, {"id": "val_00033539", "group": 1.0, "part": 1, "shape": "circle"}, {"id": "val_00046979", "group": 1.0, "part": 1, "shape": "circle"}, {"id": "val_00033653", "group": 1.0, "part": 1, "shape": "circle"}, {"id": "val_00037742", "group": 1.0, "part": 1, "shape": "circle"}, {"id": "file", "group": 4.0, "part": 1, "shape": "circle"}, {"id": "val_00038997", "group": 1.0, "part": 1, "shape": "circle"}, {"id": "photocopier", "group": 4.0, "part": 1, "shape": "circle"}, {"id": "val_00047747", "group": 1.0, "part": 1, "shape": "circle"}, {"id": "val_00026874", "group": 1.0, "part": 1, "shape": "circle"}, {"id": "val_00005015", "group": 1.0, "part": 1, "shape": "circle"}], "links": [{"source": "file", "target": "val_00022650"}, {"source": "file", "target": "val_00026874"}, {"source": "file", "target": "val_00038997"}, {"source": "file", "target": "val_00047747"}, {"source": "photocopier", "target": "val_00005015"}, {"source": "photocopier", "target": "val_00022650"}, {"source": "photocopier", "target": "val_00026874"}, {"source": "photocopier", "target": "val_00038222"}, {"source": "photocopier", "target": "val_00047747"}, {"source": "printer", "target": "val_00005015"}, {"source": "printer", "target": "val_00022650"}, {"source": "printer", "target": "val_00026874"}, {"source": "printer", "target": "val_00038222"}, {"source": "printer", "target": "val_00047747"}, {"source": "val_00007270", "target": "photocopier"}, {"source": "val_00007270", "target": "printer"}, {"source": "val_00009689", "target": "photocopier"}, {"source": "val_00009689", "target": "printer"}, {"source": "val_00013073", "target": "file"}, {"source": "val_00013073", "target": "photocopier"}, {"source": "val_00013073", "target": "printer"}, {"source": "val_00032509", "target": "photocopier"}, {"source": "val_00032509", "target": "printer"}, {"source": "val_00033539", "target": "file"}, {"source": "val_00033539", "target": "photocopier"}, {"source": "val_00033653", "target": "file"}, {"source": "val_00033653", "target": "photocopier"}, {"source": "val_00033653", "target": "printer"}, {"source": "val_00037742", "target": "file"}, {"source": "val_00037742", "target": "photocopier"}, {"source": "val_00037742", "target": "printer"}, {"source": "val_00038560", "target": "photocopier"}, {"source": "val_00038560", "target": "printer"}, {"source": "val_00038997", "target": "photocopier"}, {"source": "val_00038997", "target": "printer"}, {"source": "val_00046979", "target": "file"}, {"source": "val_00046979", "target": "photocopier"}]}