{"nodes": [{"id": "val_00020645", "group": 1.0, "part": 0, "shape": "circle"}, {"id": "val_00024316", "group": 1.0, "part": 0, "shape": "circle"}, {"id": "mountain_tent", "group": 4.0, "part": 0, "shape": "circle"}, {"id": "val_00022898", "group": 1.0, "part": 0, "shape": "circle"}, {"id": "val_00005645", "group": 1.0, "part": 0, "shape": "circle"}, {"id": "val_00021122", "group": 1.0, "part": 1, "shape": "circle"}, {"id": "val_00043804", "group": 1.0, "part": 1, "shape": "circle"}, {"id": "yurt", "group": 4.0, "part": 1, "shape": "circle"}, {"id": "val_00026625", "group": 1.0, "part": 1, "shape": "circle"}], "links": [{"source": "mountain_tent", "target": "val_00005645"}, {"source": "mountain_tent", "target": "val_00022898"}, {"source": "mountain_tent", "target": "val_00026625"}, {"source": "val_00020645", "target": "mountain_tent"}, {"source": "val_00020645", "target": "yurt"}, {"source": "val_00021122", "target": "mountain_tent"}, {"source": "val_00021122", "target": "yurt"}, {"source": "val_00024316", "target": "mountain_tent"}, {"source": "val_00043804", "target": "mountain_tent"}, {"source": "val_00043804", "target": "yurt"}, {"source": "yurt", "target": "val_00005645"}, {"source": "yurt", "target": "val_00022898"}, {"source": "yurt", "target": "val_00026625"}]}