{"nodes": [{"id": "val_00008911", "group": 1.0, "part": 0, "shape": "circle"}, {"id": "megalith", "group": 4.0, "part": 0, "shape": "circle"}, {"id": "sundial", "group": 4.0, "part": 0, "shape": "circle"}, {"id": "stone_wall", "group": 4.0, "part": 0, "shape": "circle"}, {"id": "brass", "group": 4.0, "part": 0, "shape": "circle"}], "links": [{"source": "val_00008911", "target": "brass"}, {"source": "val_00008911", "target": "megalith"}, {"source": "val_00008911", "target": "stone_wall"}, {"source": "val_00008911", "target": "sundial"}]}