{"val_00034183": "/img/ILSVRC2012_val_00034183.JPEG", "val_00032204": "/img/ILSVRC2012_val_00032204.JPEG", "val_00026135": "/img/ILSVRC2012_val_00026135.JPEG", "val_00013809": "/img/ILSVRC2012_val_00013809.JPEG", "suspension_bridge": "/img/None", "val_00029602": "/img/ILSVRC2012_val_00029602.JPEG", "val_00047364": "/img/ILSVRC2012_val_00047364.JPEG", "val_00042606": "/img/ILSVRC2012_val_00042606.JPEG", "val_00002257": "/img/ILSVRC2012_val_00002257.JPEG", "pier": "/img/None", "val_00040521": "/img/ILSVRC2012_val_00040521.JPEG", "val_00039577": "/img/ILSVRC2012_val_00039577.JPEG", "val_00003103": "/img/ILSVRC2012_val_00003103.JPEG", "steel_arch_bridge": "/img/None", "val_00041695": "/img/ILSVRC2012_val_00041695.JPEG", "val_00041160": "/img/ILSVRC2012_val_00041160.JPEG", "val_00009286": "/img/ILSVRC2012_val_00009286.JPEG", "val_00002689": "/img/ILSVRC2012_val_00002689.JPEG", "viaduct": "/img/None"}