{"val_00040753": "/img/ILSVRC2012_val_00040753.JPEG", "val_00033689": "/img/ILSVRC2012_val_00033689.JPEG", "ice_bear": "/img/None", "val_00032762": "/img/ILSVRC2012_val_00032762.JPEG", "val_00027563": "/img/ILSVRC2012_val_00027563.JPEG", "val_00007713": "/img/ILSVRC2012_val_00007713.JPEG", "val_00033241": "/img/ILSVRC2012_val_00033241.JPEG", "val_00031645": "/img/ILSVRC2012_val_00031645.JPEG", "val_00013052": "/img/ILSVRC2012_val_00013052.JPEG", "val_00009976": "/img/ILSVRC2012_val_00009976.JPEG", "val_00043182": "/img/ILSVRC2012_val_00043182.JPEG", "val_00016050": "/img/ILSVRC2012_val_00016050.JPEG", "val_00031253": "/img/ILSVRC2012_val_00031253.JPEG", "sloth_bear": "/img/None", "val_00033328": "/img/ILSVRC2012_val_00033328.JPEG", "val_00022112": "/img/ILSVRC2012_val_00022112.JPEG", "val_00020362": "/img/ILSVRC2012_val_00020362.JPEG", "American_black_bear": "/img/None", "val_00034153": "/img/ILSVRC2012_val_00034153.JPEG"}