{"nodes": [{"id": "val_00021800", "group": 1.0, "part": 0, "shape": "circle"}, {"id": "val_00013302", "group": 1.0, "part": 0, "shape": "circle"}, {"id": "ski_mask", "group": 4.0, "part": 0, "shape": "circle"}, {"id": "val_00001756", "group": 1.0, "part": 0, "shape": "circle"}, {"id": "val_00000550", "group": 1.0, "part": 0, "shape": "circle"}, {"id": "val_00023141", "group": 1.0, "part": 0, "shape": "circle"}], "links": [{"source": "ski_mask", "target": "val_00000550"}, {"source": "ski_mask", "target": "val_00001756"}, {"source": "ski_mask", "target": "val_00023141"}, {"source": "val_00013302", "target": "ski_mask"}, {"source": "val_00021800", "target": "ski_mask"}]}