{"nodes": [{"id": "tiger_shark", "group": 4.0, "part": 0, "shape": "circle"}, {"id": "val_00000312", "group": 1.0, "part": 0, "shape": "circle"}, {"id": "val_00027514", "group": 1.0, "part": 0, "shape": "circle"}, {"id": "val_00014467", "group": 1.0, "part": 0, "shape": "circle"}, {"id": "val_00030127", "group": 1.0, "part": 0, "shape": "circle"}, {"id": "val_00039588", "group": 1.0, "part": 1, "shape": "circle"}, {"id": "val_00016259", "group": 1.0, "part": 1, "shape": "circle"}, {"id": "great_white_shark", "group": 4.0, "part": 1, "shape": "circle"}, {"id": "val_00039445", "group": 1.0, "part": 1, "shape": "circle"}, {"id": "val_00042324", "group": 1.0, "part": 1, "shape": "circle"}, {"id": "val_00027160", "group": 1.0, "part": 2, "shape": "circle"}, {"id": "val_00019409", "group": 1.0, "part": 2, "shape": "circle"}, {"id": "val_00007875", "group": 1.0, "part": 2, "shape": "circle"}, {"id": "hammerhead", "group": 4.0, "part": 2, "shape": "circle"}, {"id": "val_00026001", "group": 1.0, "part": 2, "shape": "circle"}], "links": [{"source": "great_white_shark", "target": "val_00007875"}, {"source": "great_white_shark", "target": "val_00026001"}, {"source": "great_white_shark", "target": "val_00039445"}, {"source": "great_white_shark", "target": "val_00042324"}, {"source": "hammerhead", "target": "val_00026001"}, {"source": "hammerhead", "target": "val_00042324"}, {"source": "tiger_shark", "target": "val_00000312"}, {"source": "tiger_shark", "target": "val_00007875"}, {"source": "tiger_shark", "target": "val_00014467"}, {"source": "tiger_shark", "target": "val_00016259"}, {"source": "tiger_shark", "target": "val_00019409"}, {"source": "tiger_shark", "target": "val_00026001"}, {"source": "tiger_shark", "target": "val_00027160"}, {"source": "tiger_shark", "target": "val_00027514"}, {"source": "tiger_shark", "target": "val_00030127"}, {"source": "tiger_shark", "target": "val_00039445"}, {"source": "tiger_shark", "target": "val_00039588"}, {"source": "val_00000312", "target": "great_white_shark"}, {"source": "val_00007875", "target": "hammerhead"}, {"source": "val_00014467", "target": "great_white_shark"}, {"source": "val_00014467", "target": "hammerhead"}, {"source": "val_00016259", "target": "great_white_shark"}, {"source": "val_00016259", "target": "hammerhead"}, {"source": "val_00019409", "target": "great_white_shark"}, {"source": "val_00019409", "target": "hammerhead"}, {"source": "val_00027160", "target": "great_white_shark"}, {"source": "val_00027160", "target": "hammerhead"}, {"source": "val_00027514", "target": "great_white_shark"}, {"source": "val_00030127", "target": "great_white_shark"}, {"source": "val_00030127", "target": "hammerhead"}, {"source": "val_00039588", "target": "great_white_shark"}, {"source": "val_00039588", "target": "hammerhead"}]}