{"val_00007323": "/img/ILSVRC2012_val_00007323.JPEG", "val_00014917": "/img/ILSVRC2012_val_00014917.JPEG", "val_00047404": "/img/ILSVRC2012_val_00047404.JPEG", "cock": "/img/None", "val_00019101": "/img/ILSVRC2012_val_00019101.JPEG", "val_00020239": "/img/ILSVRC2012_val_00020239.JPEG", "val_00002395": "/img/ILSVRC2012_val_00002395.JPEG", "prairie_chicken": "/img/None", "val_00019885": "/img/ILSVRC2012_val_00019885.JPEG", "black_grouse": "/img/None", "val_00012484": "/img/ILSVRC2012_val_00012484.JPEG", "val_00007126": "/img/ILSVRC2012_val_00007126.JPEG"}