{"nodes": [{"id": "val_00013158", "group": 1.0, "part": 1, "shape": "circle"}, {"id": "val_00031197", "group": 1.0, "part": 1, "shape": "circle"}, {"id": "val_00049984", "group": 1.0, "part": 1, "shape": "circle"}, {"id": "val_00033641", "group": 1.0, "part": 1, "shape": "circle"}, {"id": "red_fox", "group": 4.0, "part": 1, "shape": "circle"}, {"id": "val_00006964", "group": 1.0, "part": 1, "shape": "circle"}, {"id": "val_00018381", "group": 1.0, "part": 1, "shape": "circle"}, {"id": "val_00047850", "group": 1.0, "part": 1, "shape": "circle"}, {"id": "grey_fox", "group": 4.0, "part": 0, "shape": "circle"}, {"id": "val_00043254", "group": 1.0, "part": 0, "shape": "circle"}, {"id": "val_00006818", "group": 1.0, "part": 0, "shape": "circle"}, {"id": "val_00034043", "group": 1.0, "part": 0, "shape": "circle"}, {"id": "val_00046388", "group": 1.0, "part": 0, "shape": "circle"}, {"id": "val_00017444", "group": 1.0, "part": 0, "shape": "circle"}, {"id": "val_00010241", "group": 1.0, "part": 0, "shape": "circle"}, {"id": "val_00045465", "group": 1.0, "part": 0, "shape": "circle"}], "links": [{"source": "grey_fox", "target": "val_00006818"}, {"source": "grey_fox", "target": "val_00006964"}, {"source": "grey_fox", "target": "val_00010241"}, {"source": "grey_fox", "target": "val_00017444"}, {"source": "grey_fox", "target": "val_00018381"}, {"source": "grey_fox", "target": "val_00033641"}, {"source": "grey_fox", "target": "val_00034043"}, {"source": "grey_fox", "target": "val_00043254"}, {"source": "grey_fox", "target": "val_00045465"}, {"source": "grey_fox", "target": "val_00046388"}, {"source": "grey_fox", "target": "val_00049984"}, {"source": "red_fox", "target": "val_00006964"}, {"source": "red_fox", "target": "val_00010241"}, {"source": "red_fox", "target": "val_00017444"}, {"source": "red_fox", "target": "val_00018381"}, {"source": "red_fox", "target": "val_00034043"}, {"source": "red_fox", "target": "val_00045465"}, {"source": "red_fox", "target": "val_00046388"}, {"source": "red_fox", "target": "val_00047850"}, {"source": "val_00006818", "target": "red_fox"}, {"source": "val_00013158", "target": "grey_fox"}, {"source": "val_00013158", "target": "red_fox"}, {"source": "val_00031197", "target": "grey_fox"}, {"source": "val_00031197", "target": "red_fox"}, {"source": "val_00033641", "target": "red_fox"}, {"source": "val_00043254", "target": "red_fox"}, {"source": "val_00049984", "target": "red_fox"}]}