{"nodes": [{"id": "val_00029920", "group": 1.0, "part": 0, "shape": "circle"}, {"id": "val_00049423", "group": 1.0, "part": 0, "shape": "circle"}, {"id": "val_00014812", "group": 1.0, "part": 0, "shape": "circle"}, {"id": "val_00014997", "group": 1.0, "part": 0, "shape": "circle"}, {"id": "val_00014344", "group": 1.0, "part": 0, "shape": "circle"}, {"id": "val_00029403", "group": 1.0, "part": 0, "shape": "circle"}, {"id": "val_00015214", "group": 1.0, "part": 0, "shape": "circle"}, {"id": "screwdriver", "group": 4.0, "part": 0, "shape": "circle"}, {"id": "screw", "group": 4.0, "part": 0, "shape": "circle"}, {"id": "val_00033137", "group": 1.0, "part": 0, "shape": "circle"}, {"id": "val_00011209", "group": 1.0, "part": 0, "shape": "circle"}, {"id": "val_00003609", "group": 1.0, "part": 0, "shape": "circle"}, {"id": "val_00015880", "group": 1.0, "part": 1, "shape": "circle"}, {"id": "val_00043967", "group": 1.0, "part": 1, "shape": "circle"}, {"id": "val_00034946", "group": 1.0, "part": 1, "shape": "circle"}, {"id": "val_00004966", "group": 1.0, "part": 1, "shape": "circle"}, {"id": "nail", "group": 4.0, "part": 1, "shape": "circle"}, {"id": "val_00041327", "group": 1.0, "part": 1, "shape": "circle"}, {"id": "val_00037346", "group": 1.0, "part": 1, "shape": "circle"}], "links": [{"source": "nail", "target": "val_00037346"}, {"source": "nail", "target": "val_00041327"}, {"source": "screw", "target": "val_00003609"}, {"source": "screw", "target": "val_00004966"}, {"source": "screw", "target": "val_00011209"}, {"source": "screw", "target": "val_00033137"}, {"source": "screw", "target": "val_00037346"}, {"source": "screw", "target": "val_00041327"}, {"source": "screwdriver", "target": "val_00003609"}, {"source": "screwdriver", "target": "val_00004966"}, {"source": "screwdriver", "target": "val_00011209"}, {"source": "screwdriver", "target": "val_00033137"}, {"source": "screwdriver", "target": "val_00037346"}, {"source": "screwdriver", "target": "val_00041327"}, {"source": "val_00004966", "target": "nail"}, {"source": "val_00014344", "target": "nail"}, {"source": "val_00014344", "target": "screw"}, {"source": "val_00014344", "target": "screwdriver"}, {"source": "val_00014812", "target": "screw"}, {"source": "val_00014812", "target": "screwdriver"}, {"source": "val_00014997", "target": "nail"}, {"source": "val_00014997", "target": "screw"}, {"source": "val_00014997", "target": "screwdriver"}, {"source": "val_00015214", "target": "screw"}, {"source": "val_00015214", "target": "screwdriver"}, {"source": "val_00015880", "target": "nail"}, {"source": "val_00015880", "target": "screwdriver"}, {"source": "val_00029403", "target": "nail"}, {"source": "val_00029403", "target": "screw"}, {"source": "val_00029403", "target": "screwdriver"}, {"source": "val_00029920", "target": "nail"}, {"source": "val_00029920", "target": "screw"}, {"source": "val_00029920", "target": "screwdriver"}, {"source": "val_00034946", "target": "nail"}, {"source": "val_00034946", "target": "screw"}, {"source": "val_00034946", "target": "screwdriver"}, {"source": "val_00043967", "target": "nail"}, {"source": "val_00043967", "target": "screwdriver"}, {"source": "val_00049423", "target": "screw"}, {"source": "val_00049423", "target": "screwdriver"}]}