{"val_00000099": "/img/ILSVRC2012_val_00000099.JPEG", "val_00021369": "/img/ILSVRC2012_val_00021369.JPEG", "Labrador_retriever": "/img/None", "val_00044639": "/img/ILSVRC2012_val_00044639.JPEG", "val_00036467": "/img/ILSVRC2012_val_00036467.JPEG", "val_00023943": "/img/ILSVRC2012_val_00023943.JPEG", "val_00017377": "/img/ILSVRC2012_val_00017377.JPEG", "val_00017470": "/img/ILSVRC2012_val_00017470.JPEG", "val_00031304": "/img/ILSVRC2012_val_00031304.JPEG", "val_00047671": "/img/ILSVRC2012_val_00047671.JPEG", "Chesapeake_Bay_retriever": "/img/None", "curly-coated_retriever": "/img/None", "val_00005699": "/img/ILSVRC2012_val_00005699.JPEG", "val_00030939": "/img/ILSVRC2012_val_00030939.JPEG", "val_00033072": "/img/ILSVRC2012_val_00033072.JPEG", "flat-coated_retriever": "/img/None", "val_00003898": "/img/ILSVRC2012_val_00003898.JPEG", "val_00005767": "/img/ILSVRC2012_val_00005767.JPEG"}