{"nodes": [{"id": "lion", "group": 4.0, "part": 0, "shape": "circle"}, {"id": "val_00047193", "group": 1.0, "part": 0, "shape": "circle"}, {"id": "val_00005410", "group": 1.0, "part": 0, "shape": "circle"}, {"id": "val_00011590", "group": 1.0, "part": 0, "shape": "circle"}, {"id": "val_00030575", "group": 1.0, "part": 0, "shape": "circle"}, {"id": "val_00026880", "group": 1.0, "part": 0, "shape": "circle"}], "links": [{"source": "lion", "target": "val_00005410"}, {"source": "lion", "target": "val_00011590"}, {"source": "lion", "target": "val_00026880"}, {"source": "lion", "target": "val_00030575"}, {"source": "lion", "target": "val_00047193"}]}