{"nodes": [{"id": "val_00010868", "group": 1.0, "part": 0, "shape": "circle"}, {"id": "cash_machine", "group": 4.0, "part": 0, "shape": "circle"}, {"id": "val_00020350", "group": 1.0, "part": 0, "shape": "circle"}, {"id": "cassette", "group": 4.0, "part": 0, "shape": "circle"}, {"id": "abaya", "group": 4.0, "part": 0, "shape": "circle"}, {"id": "lumbermill", "group": 4.0, "part": 1, "shape": "circle"}, {"id": "val_00001964", "group": 1.0, "part": 1, "shape": "circle"}, {"id": "val_00029000", "group": 1.0, "part": 1, "shape": "circle"}, {"id": "sunglass", "group": 4.0, "part": 1, "shape": "circle"}, {"id": "hatchet", "group": 4.0, "part": 1, "shape": "circle"}, {"id": "val_00022723", "group": 1.0, "part": 3, "shape": "circle"}, {"id": "bucket", "group": 4.0, "part": 3, "shape": "circle"}, {"id": "val_00047825", "group": 1.0, "part": 3, "shape": "circle"}, {"id": "barrow", "group": 4.0, "part": 3, "shape": "circle"}, {"id": "val_00027852", "group": 1.0, "part": 4, "shape": "circle"}, {"id": "rain_barrel", "group": 4.0, "part": 4, "shape": "circle"}, {"id": "tile_roof", "group": 4.0, "part": 4, "shape": "circle"}, {"id": "val_00048851", "group": 1.0, "part": 5, "shape": "circle"}, {"id": "common_iguana", "group": 4.0, "part": 5, "shape": "circle"}, {"id": "oboe", "group": 4.0, "part": 5, "shape": "circle"}, {"id": "zucchini", "group": 4.0, "part": 5, "shape": "circle"}, {"id": "shovel", "group": 4.0, "part": 5, "shape": "circle"}, {"id": "val_00011130", "group": 1.0, "part": 5, "shape": "circle"}, {"id": "val_00026900", "group": 1.0, "part": 2, "shape": "circle"}, {"id": "val_00034957", "group": 1.0, "part": 2, "shape": "circle"}, {"id": "chainlink_fence", "group": 4.0, "part": 2, "shape": "circle"}, {"id": "val_00040517", "group": 1.0, "part": 2, "shape": "circle"}, {"id": "ashcan", "group": 4.0, "part": 2, "shape": "circle"}], "links": [{"source": "bucket", "target": "val_00047825"}, {"source": "cash_machine", "target": "val_00020350"}, {"source": "cash_machine", "target": "val_00026900"}, {"source": "common_iguana", "target": "val_00011130"}, {"source": "lumbermill", "target": "val_00029000"}, {"source": "shovel", "target": "val_00011130"}, {"source": "shovel", "target": "val_00047825"}, {"source": "val_00001964", "target": "hatchet"}, {"source": "val_00010868", "target": "abaya"}, {"source": "val_00010868", "target": "cash_machine"}, {"source": "val_00020350", "target": "cassette"}, {"source": "val_00022723", "target": "barrow"}, {"source": "val_00022723", "target": "bucket"}, {"source": "val_00022723", "target": "shovel"}, {"source": "val_00026900", "target": "ashcan"}, {"source": "val_00026900", "target": "chainlink_fence"}, {"source": "val_00027852", "target": "barrow"}, {"source": "val_00027852", "target": "rain_barrel"}, {"source": "val_00027852", "target": "shovel"}, {"source": "val_00027852", "target": "tile_roof"}, {"source": "val_00029000", "target": "abaya"}, {"source": "val_00029000", "target": "hatchet"}, {"source": "val_00029000", "target": "sunglass"}, {"source": "val_00034957", "target": "barrow"}, {"source": "val_00034957", "target": "chainlink_fence"}, {"source": "val_00040517", "target": "ashcan"}, {"source": "val_00047825", "target": "ashcan"}, {"source": "val_00047825", "target": "barrow"}, {"source": "val_00048851", "target": "hatchet"}, {"source": "val_00048851", "target": "oboe"}, {"source": "val_00048851", "target": "shovel"}, {"source": "zucchini", "target": "val_00011130"}]}