{"nodes": [{"id": "timber_wolf", "group": 4.0, "part": 2, "shape": "circle"}, {"id": "val_00007646", "group": 1.0, "part": 2, "shape": "circle"}, {"id": "Eskimo_dog", "group": 4.0, "part": 2, "shape": "circle"}, {"id": "dingo", "group": 4.0, "part": 2, "shape": "circle"}, {"id": "beagle", "group": 4.0, "part": 1, "shape": "circle"}, {"id": "val_00044546", "group": 1.0, "part": 1, "shape": "circle"}, {"id": "golden_retriever", "group": 4.0, "part": 1, "shape": "circle"}, {"id": "Labrador_retriever", "group": 4.0, "part": 1, "shape": "circle"}, {"id": "tennis_ball", "group": 4.0, "part": 0, "shape": "circle"}, {"id": "val_00037703", "group": 1.0, "part": 0, "shape": "circle"}, {"id": "Ibizan_hound", "group": 4.0, "part": 0, "shape": "circle"}], "links": [{"source": "beagle", "target": "val_00044546"}, {"source": "tennis_ball", "target": "val_00037703"}, {"source": "timber_wolf", "target": "val_00007646"}, {"source": "val_00007646", "target": "Eskimo_dog"}, {"source": "val_00007646", "target": "Ibizan_hound"}, {"source": "val_00007646", "target": "dingo"}, {"source": "val_00037703", "target": "Ibizan_hound"}, {"source": "val_00037703", "target": "Labrador_retriever"}, {"source": "val_00044546", "target": "Labrador_retriever"}, {"source": "val_00044546", "target": "golden_retriever"}]}