{"nodes": [{"id": "corkscrew", "group": 4.0, "part": 1, "shape": "circle"}, {"id": "val_00015214", "group": 1.0, "part": 1, "shape": "circle"}, {"id": "val_00021865", "group": 1.0, "part": 1, "shape": "circle"}, {"id": "screw", "group": 4.0, "part": 1, "shape": "circle"}, {"id": "val_00000667", "group": 1.0, "part": 0, "shape": "circle"}, {"id": "val_00017584", "group": 1.0, "part": 0, "shape": "circle"}, {"id": "can_opener", "group": 4.0, "part": 0, "shape": "circle"}, {"id": "safety_pin", "group": 4.0, "part": 0, "shape": "circle"}, {"id": "hook", "group": 4.0, "part": 0, "shape": "circle"}], "links": [{"source": "can_opener", "target": "val_00015214"}, {"source": "can_opener", "target": "val_00021865"}, {"source": "corkscrew", "target": "val_00015214"}, {"source": "corkscrew", "target": "val_00021865"}, {"source": "val_00000667", "target": "can_opener"}, {"source": "val_00000667", "target": "hook"}, {"source": "val_00000667", "target": "safety_pin"}, {"source": "val_00000667", "target": "screw"}, {"source": "val_00015214", "target": "screw"}, {"source": "val_00017584", "target": "can_opener"}, {"source": "val_00017584", "target": "hook"}]}