{"nodes": [{"id": "val_00032262", "group": 1.0, "part": 0, "shape": "circle"}, {"id": "American_Staffordshire_terrier", "group": 4.0, "part": 0, "shape": "circle"}, {"id": "val_00038280", "group": 1.0, "part": 0, "shape": "circle"}, {"id": "val_00049901", "group": 1.0, "part": 0, "shape": "circle"}, {"id": "val_00026978", "group": 1.0, "part": 0, "shape": "circle"}, {"id": "val_00026058", "group": 1.0, "part": 0, "shape": "circle"}], "links": [{"source": "American_Staffordshire_terrier", "target": "val_00026058"}, {"source": "American_Staffordshire_terrier", "target": "val_00026978"}, {"source": "American_Staffordshire_terrier", "target": "val_00038280"}, {"source": "American_Staffordshire_terrier", "target": "val_00049901"}, {"source": "val_00032262", "target": "American_Staffordshire_terrier"}]}