{"sandbar": "/img/None", "val_00005236": "/img/ILSVRC2012_val_00005236.JPEG", "val_00010403": "/img/ILSVRC2012_val_00010403.JPEG", "val_00025746": "/img/ILSVRC2012_val_00025746.JPEG", "val_00006387": "/img/ILSVRC2012_val_00006387.JPEG", "val_00048033": "/img/ILSVRC2012_val_00048033.JPEG", "val_00040032": "/img/ILSVRC2012_val_00040032.JPEG", "seashore": "/img/None", "val_00025334": "/img/ILSVRC2012_val_00025334.JPEG", "val_00016928": "/img/ILSVRC2012_val_00016928.JPEG", "val_00015740": "/img/ILSVRC2012_val_00015740.JPEG", "val_00003866": "/img/ILSVRC2012_val_00003866.JPEG", "promontory": "/img/None"}