{"nodes": [{"id": "school_bus", "group": 4.0, "part": 0, "shape": "circle"}, {"id": "val_00031163", "group": 1.0, "part": 0, "shape": "circle"}, {"id": "val_00016837", "group": 1.0, "part": 0, "shape": "circle"}, {"id": "val_00017651", "group": 1.0, "part": 0, "shape": "circle"}, {"id": "val_00005140", "group": 1.0, "part": 0, "shape": "circle"}, {"id": "val_00013009", "group": 1.0, "part": 0, "shape": "circle"}], "links": [{"source": "school_bus", "target": "val_00005140"}, {"source": "school_bus", "target": "val_00013009"}, {"source": "school_bus", "target": "val_00016837"}, {"source": "school_bus", "target": "val_00017651"}, {"source": "school_bus", "target": "val_00031163"}]}