{"nodes": [{"id": "viaduct", "group": 4.0, "part": 0, "shape": "circle"}, {"id": "val_00040521", "group": 1.0, "part": 0, "shape": "circle"}, {"id": "val_00039577", "group": 1.0, "part": 0, "shape": "circle"}, {"id": "val_00009286", "group": 1.0, "part": 0, "shape": "circle"}, {"id": "val_00003103", "group": 1.0, "part": 0, "shape": "circle"}, {"id": "val_00002689", "group": 1.0, "part": 1, "shape": "circle"}, {"id": "steel_arch_bridge", "group": 4.0, "part": 1, "shape": "circle"}, {"id": "val_00041695", "group": 1.0, "part": 1, "shape": "circle"}, {"id": "val_00041160", "group": 1.0, "part": 1, "shape": "circle"}], "links": [{"source": "steel_arch_bridge", "target": "val_00003103"}, {"source": "steel_arch_bridge", "target": "val_00041160"}, {"source": "steel_arch_bridge", "target": "val_00041695"}, {"source": "val_00002689", "target": "steel_arch_bridge"}, {"source": "val_00009286", "target": "steel_arch_bridge"}, {"source": "val_00039577", "target": "steel_arch_bridge"}, {"source": "viaduct", "target": "val_00003103"}, {"source": "viaduct", "target": "val_00009286"}, {"source": "viaduct", "target": "val_00039577"}, {"source": "viaduct", "target": "val_00040521"}, {"source": "viaduct", "target": "val_00041160"}, {"source": "viaduct", "target": "val_00041695"}]}