{"nodes": [{"id": "val_00030994", "group": 1.0, "part": 0, "shape": "circle"}, {"id": "val_00016036", "group": 1.0, "part": 0, "shape": "circle"}, {"id": "val_00018531", "group": 1.0, "part": 0, "shape": "circle"}, {"id": "chain_mail", "group": 4.0, "part": 0, "shape": "circle"}, {"id": "val_00022809", "group": 1.0, "part": 0, "shape": "circle"}, {"id": "cuirass", "group": 4.0, "part": 1, "shape": "circle"}, {"id": "val_00033789", "group": 1.0, "part": 1, "shape": "circle"}, {"id": "val_00021827", "group": 1.0, "part": 1, "shape": "circle"}, {"id": "val_00039763", "group": 1.0, "part": 1, "shape": "circle"}, {"id": "val_00005956", "group": 1.0, "part": 1, "shape": "circle"}, {"id": "val_00027260", "group": 1.0, "part": 1, "shape": "circle"}], "links": [{"source": "chain_mail", "target": "val_00022809"}, {"source": "chain_mail", "target": "val_00027260"}, {"source": "cuirass", "target": "val_00005956"}, {"source": "cuirass", "target": "val_00016036"}, {"source": "cuirass", "target": "val_00018531"}, {"source": "cuirass", "target": "val_00021827"}, {"source": "cuirass", "target": "val_00022809"}, {"source": "cuirass", "target": "val_00027260"}, {"source": "cuirass", "target": "val_00033789"}, {"source": "cuirass", "target": "val_00039763"}, {"source": "val_00005956", "target": "chain_mail"}, {"source": "val_00016036", "target": "chain_mail"}, {"source": "val_00018531", "target": "chain_mail"}, {"source": "val_00021827", "target": "chain_mail"}, {"source": "val_00030994", "target": "chain_mail"}, {"source": "val_00030994", "target": "cuirass"}]}