{"nodes": [{"id": "val_00039615", "group": 1.0, "part": 0, "shape": "circle"}, {"id": "val_00001845", "group": 1.0, "part": 0, "shape": "circle"}, {"id": "val_00040599", "group": 1.0, "part": 0, "shape": "circle"}, {"id": "val_00040620", "group": 1.0, "part": 0, "shape": "circle"}, {"id": "vacuum", "group": 4.0, "part": 0, "shape": "circle"}], "links": [{"source": "val_00001845", "target": "vacuum"}, {"source": "val_00039615", "target": "vacuum"}, {"source": "val_00040599", "target": "vacuum"}, {"source": "val_00040620", "target": "vacuum"}]}