{"nodes": [{"id": "val_00041506", "group": 1.0, "part": 0, "shape": "circle"}, {"id": "val_00012894", "group": 1.0, "part": 0, "shape": "circle"}, {"id": "val_00045910", "group": 1.0, "part": 0, "shape": "circle"}, {"id": "long-horned_beetle", "group": 4.0, "part": 0, "shape": "circle"}, {"id": "val_00022273", "group": 1.0, "part": 0, "shape": "circle"}, {"id": "val_00030936", "group": 1.0, "part": 1, "shape": "circle"}, {"id": "tiger_beetle", "group": 4.0, "part": 1, "shape": "circle"}, {"id": "val_00017893", "group": 1.0, "part": 1, "shape": "circle"}, {"id": "val_00014408", "group": 1.0, "part": 1, "shape": "circle"}, {"id": "val_00002279", "group": 1.0, "part": 1, "shape": "circle"}], "links": [{"source": "long-horned_beetle", "target": "val_00022273"}, {"source": "tiger_beetle", "target": "val_00002279"}, {"source": "tiger_beetle", "target": "val_00012894"}, {"source": "tiger_beetle", "target": "val_00014408"}, {"source": "tiger_beetle", "target": "val_00017893"}, {"source": "tiger_beetle", "target": "val_00022273"}, {"source": "tiger_beetle", "target": "val_00045910"}, {"source": "val_00002279", "target": "long-horned_beetle"}, {"source": "val_00012894", "target": "long-horned_beetle"}, {"source": "val_00014408", "target": "long-horned_beetle"}, {"source": "val_00017893", "target": "long-horned_beetle"}, {"source": "val_00030936", "target": "long-horned_beetle"}, {"source": "val_00030936", "target": "tiger_beetle"}, {"source": "val_00041506", "target": "long-horned_beetle"}, {"source": "val_00041506", "target": "tiger_beetle"}, {"source": "val_00045910", "target": "long-horned_beetle"}]}