{"German_shepherd": "/img/None", "val_00012203": "/img/ILSVRC2012_val_00012203.JPEG", "val_00013763": "/img/ILSVRC2012_val_00013763.JPEG", "malinois": "/img/None", "val_00021704": "/img/ILSVRC2012_val_00021704.JPEG", "val_00013248": "/img/ILSVRC2012_val_00013248.JPEG", "val_00046530": "/img/ILSVRC2012_val_00046530.JPEG", "val_00036908": "/img/ILSVRC2012_val_00036908.JPEG", "val_00045943": "/img/ILSVRC2012_val_00045943.JPEG", "Great_Dane": "/img/None", "val_00030040": "/img/ILSVRC2012_val_00030040.JPEG", "val_00019267": "/img/ILSVRC2012_val_00019267.JPEG", "val_00038737": "/img/ILSVRC2012_val_00038737.JPEG", "val_00037703": "/img/ILSVRC2012_val_00037703.JPEG", "val_00049815": "/img/ILSVRC2012_val_00049815.JPEG", "kelpie": "/img/None", "val_00032826": "/img/ILSVRC2012_val_00032826.JPEG"}