{"nodes": [{"id": "val_00025301", "group": 1.0, "part": 0, "shape": "circle"}, {"id": "val_00034047", "group": 1.0, "part": 0, "shape": "circle"}, {"id": "val_00023525", "group": 1.0, "part": 0, "shape": "circle"}, {"id": "mitten", "group": 4.0, "part": 0, "shape": "circle"}, {"id": "val_00047302", "group": 1.0, "part": 0, "shape": "circle"}], "links": [{"source": "mitten", "target": "val_00047302"}, {"source": "val_00023525", "target": "mitten"}, {"source": "val_00025301", "target": "mitten"}, {"source": "val_00034047", "target": "mitten"}]}