{"val_00044662": "/img/ILSVRC2012_val_00044662.JPEG", "Appenzeller": "/img/None", "Greater_Swiss_Mountain_dog": "/img/None", "val_00033603": "/img/ILSVRC2012_val_00033603.JPEG", "EntleBucher": "/img/None", "val_00016125": "/img/ILSVRC2012_val_00016125.JPEG", "val_00029217": "/img/ILSVRC2012_val_00029217.JPEG", "val_00024509": "/img/ILSVRC2012_val_00024509.JPEG", "val_00004666": "/img/ILSVRC2012_val_00004666.JPEG", "val_00027751": "/img/ILSVRC2012_val_00027751.JPEG", "val_00003139": "/img/ILSVRC2012_val_00003139.JPEG", "val_00032659": "/img/ILSVRC2012_val_00032659.JPEG", "val_00012140": "/img/ILSVRC2012_val_00012140.JPEG", "val_00004818": "/img/ILSVRC2012_val_00004818.JPEG", "val_00006168": "/img/ILSVRC2012_val_00006168.JPEG", "val_00031461": "/img/ILSVRC2012_val_00031461.JPEG", "val_00019590": "/img/ILSVRC2012_val_00019590.JPEG", "val_00035628": "/img/ILSVRC2012_val_00035628.JPEG", "val_00022176": "/img/ILSVRC2012_val_00022176.JPEG", "val_00045305": "/img/ILSVRC2012_val_00045305.JPEG", "Bernese_mountain_dog": "/img/None", "val_00002492": "/img/ILSVRC2012_val_00002492.JPEG", "val_00025496": "/img/ILSVRC2012_val_00025496.JPEG", "val_00028759": "/img/ILSVRC2012_val_00028759.JPEG"}