{"nodes": [{"id": "val_00030606", "group": 1.0, "part": 0, "shape": "circle"}, {"id": "Staffordshire_bullterrier", "group": 4.0, "part": 0, "shape": "circle"}, {"id": "val_00032018", "group": 1.0, "part": 0, "shape": "circle"}, {"id": "val_00003522", "group": 1.0, "part": 0, "shape": "circle"}, {"id": "val_00009031", "group": 1.0, "part": 0, "shape": "circle"}, {"id": "val_00032262", "group": 1.0, "part": 1, "shape": "circle"}, {"id": "American_Staffordshire_terrier", "group": 4.0, "part": 1, "shape": "circle"}, {"id": "val_00038280", "group": 1.0, "part": 1, "shape": "circle"}, {"id": "val_00049901", "group": 1.0, "part": 1, "shape": "circle"}, {"id": "val_00026978", "group": 1.0, "part": 1, "shape": "circle"}, {"id": "val_00026058", "group": 1.0, "part": 1, "shape": "circle"}], "links": [{"source": "American_Staffordshire_terrier", "target": "val_00026058"}, {"source": "American_Staffordshire_terrier", "target": "val_00026978"}, {"source": "American_Staffordshire_terrier", "target": "val_00038280"}, {"source": "American_Staffordshire_terrier", "target": "val_00049901"}, {"source": "Staffordshire_bullterrier", "target": "val_00003522"}, {"source": "Staffordshire_bullterrier", "target": "val_00009031"}, {"source": "Staffordshire_bullterrier", "target": "val_00026058"}, {"source": "Staffordshire_bullterrier", "target": "val_00026978"}, {"source": "Staffordshire_bullterrier", "target": "val_00032018"}, {"source": "Staffordshire_bullterrier", "target": "val_00038280"}, {"source": "val_00003522", "target": "American_Staffordshire_terrier"}, {"source": "val_00030606", "target": "Staffordshire_bullterrier"}, {"source": "val_00032018", "target": "American_Staffordshire_terrier"}, {"source": "val_00032262", "target": "American_Staffordshire_terrier"}, {"source": "val_00032262", "target": "Staffordshire_bullterrier"}]}