{"nodes": [{"id": "val_00011087", "group": 1.0, "part": 0, "shape": "circle"}, {"id": "val_00023991", "group": 1.0, "part": 0, "shape": "circle"}, {"id": "Dungeness_crab", "group": 4.0, "part": 0, "shape": "circle"}, {"id": "val_00002190", "group": 1.0, "part": 0, "shape": "circle"}, {"id": "val_00009446", "group": 1.0, "part": 0, "shape": "circle"}, {"id": "val_00039138", "group": 1.0, "part": 0, "shape": "circle"}, {"id": "val_00003257", "group": 1.0, "part": 0, "shape": "circle"}, {"id": "king_crab", "group": 4.0, "part": 0, "shape": "circle"}, {"id": "val_00042159", "group": 1.0, "part": 0, "shape": "circle"}, {"id": "val_00015789", "group": 1.0, "part": 0, "shape": "circle"}, {"id": "val_00029833", "group": 1.0, "part": 1, "shape": "circle"}, {"id": "fiddler_crab", "group": 4.0, "part": 1, "shape": "circle"}, {"id": "val_00013377", "group": 1.0, "part": 1, "shape": "circle"}, {"id": "val_00028380", "group": 1.0, "part": 1, "shape": "circle"}, {"id": "val_00035169", "group": 1.0, "part": 1, "shape": "circle"}, {"id": "val_00001122", "group": 1.0, "part": 2, "shape": "circle"}, {"id": "val_00013999", "group": 1.0, "part": 2, "shape": "circle"}, {"id": "val_00029812", "group": 1.0, "part": 2, "shape": "circle"}, {"id": "val_00030396", "group": 1.0, "part": 2, "shape": "circle"}, {"id": "val_00023840", "group": 1.0, "part": 2, "shape": "circle"}, {"id": "rock_crab", "group": 4.0, "part": 2, "shape": "circle"}], "links": [{"source": "Dungeness_crab", "target": "val_00002190"}, {"source": "Dungeness_crab", "target": "val_00003257"}, {"source": "Dungeness_crab", "target": "val_00009446"}, {"source": "Dungeness_crab", "target": "val_00015789"}, {"source": "Dungeness_crab", "target": "val_00023840"}, {"source": "Dungeness_crab", "target": "val_00028380"}, {"source": "Dungeness_crab", "target": "val_00029812"}, {"source": "Dungeness_crab", "target": "val_00030396"}, {"source": "Dungeness_crab", "target": "val_00035169"}, {"source": "Dungeness_crab", "target": "val_00042159"}, {"source": "fiddler_crab", "target": "val_00001122"}, {"source": "fiddler_crab", "target": "val_00002190"}, {"source": "fiddler_crab", "target": "val_00003257"}, {"source": "fiddler_crab", "target": "val_00013377"}, {"source": "fiddler_crab", "target": "val_00013999"}, {"source": "fiddler_crab", "target": "val_00015789"}, {"source": "fiddler_crab", "target": "val_00023991"}, {"source": "fiddler_crab", "target": "val_00028380"}, {"source": "fiddler_crab", "target": "val_00030396"}, {"source": "fiddler_crab", "target": "val_00035169"}, {"source": "king_crab", "target": "val_00015789"}, {"source": "king_crab", "target": "val_00042159"}, {"source": "rock_crab", "target": "val_00015789"}, {"source": "rock_crab", "target": "val_00035169"}, {"source": "val_00001122", "target": "rock_crab"}, {"source": "val_00002190", "target": "king_crab"}, {"source": "val_00002190", "target": "rock_crab"}, {"source": "val_00003257", "target": "king_crab"}, {"source": "val_00003257", "target": "rock_crab"}, {"source": "val_00009446", "target": "king_crab"}, {"source": "val_00009446", "target": "rock_crab"}, {"source": "val_00011087", "target": "Dungeness_crab"}, {"source": "val_00011087", "target": "fiddler_crab"}, {"source": "val_00011087", "target": "king_crab"}, {"source": "val_00011087", "target": "rock_crab"}, {"source": "val_00013377", "target": "Dungeness_crab"}, {"source": "val_00013377", "target": "king_crab"}, {"source": "val_00013377", "target": "rock_crab"}, {"source": "val_00013999", "target": "rock_crab"}, {"source": "val_00023840", "target": "king_crab"}, {"source": "val_00023840", "target": "rock_crab"}, {"source": "val_00023991", "target": "Dungeness_crab"}, {"source": "val_00023991", "target": "king_crab"}, {"source": "val_00023991", "target": "rock_crab"}, {"source": "val_00028380", "target": "king_crab"}, {"source": "val_00028380", "target": "rock_crab"}, {"source": "val_00029812", "target": "king_crab"}, {"source": "val_00029812", "target": "rock_crab"}, {"source": "val_00029833", "target": "Dungeness_crab"}, {"source": "val_00029833", "target": "fiddler_crab"}, {"source": "val_00029833", "target": "king_crab"}, {"source": "val_00029833", "target": "rock_crab"}, {"source": "val_00030396", "target": "king_crab"}, {"source": "val_00030396", "target": "rock_crab"}, {"source": "val_00035169", "target": "king_crab"}, {"source": "val_00039138", "target": "king_crab"}, {"source": "val_00039138", "target": "rock_crab"}]}