{"nodes": [{"id": "val_00006857", "group": 1.0, "part": 0, "shape": "circle"}, {"id": "val_00006336", "group": 1.0, "part": 0, "shape": "circle"}, {"id": "val_00022606", "group": 1.0, "part": 0, "shape": "circle"}, {"id": "val_00020367", "group": 1.0, "part": 0, "shape": "circle"}, {"id": "val_00028605", "group": 1.0, "part": 0, "shape": "circle"}, {"id": "val_00044546", "group": 1.0, "part": 0, "shape": "circle"}, {"id": "golden_retriever", "group": 4.0, "part": 0, "shape": "circle"}, {"id": "val_00034584", "group": 1.0, "part": 0, "shape": "circle"}], "links": [{"source": "golden_retriever", "target": "val_00034584"}, {"source": "val_00006336", "target": "golden_retriever"}, {"source": "val_00006857", "target": "golden_retriever"}, {"source": "val_00020367", "target": "golden_retriever"}, {"source": "val_00022606", "target": "golden_retriever"}, {"source": "val_00028605", "target": "golden_retriever"}, {"source": "val_00044546", "target": "golden_retriever"}]}