{"nodes": [{"id": "val_00003642", "group": 1.0, "part": 0, "shape": "circle"}, {"id": "manhole_cover", "group": 4.0, "part": 0, "shape": "circle"}, {"id": "val_00048545", "group": 1.0, "part": 0, "shape": "circle"}, {"id": "val_00030388", "group": 1.0, "part": 0, "shape": "circle"}, {"id": "val_00021533", "group": 1.0, "part": 0, "shape": "circle"}], "links": [{"source": "manhole_cover", "target": "val_00021533"}, {"source": "manhole_cover", "target": "val_00030388"}, {"source": "manhole_cover", "target": "val_00048545"}, {"source": "val_00003642", "target": "manhole_cover"}]}