{"sock": "/img/None", "val_00027618": "/img/ILSVRC2012_val_00027618.JPEG", "val_00030341": "/img/ILSVRC2012_val_00030341.JPEG", "val_00018124": "/img/ILSVRC2012_val_00018124.JPEG", "val_00002123": "/img/ILSVRC2012_val_00002123.JPEG", "val_00025301": "/img/ILSVRC2012_val_00025301.JPEG", "val_00034047": "/img/ILSVRC2012_val_00034047.JPEG", "val_00023525": "/img/ILSVRC2012_val_00023525.JPEG", "mitten": "/img/None", "val_00047302": "/img/ILSVRC2012_val_00047302.JPEG", "val_00016535": "/img/ILSVRC2012_val_00016535.JPEG", "wool": "/img/None", "val_00042060": "/img/ILSVRC2012_val_00042060.JPEG", "val_00023534": "/img/ILSVRC2012_val_00023534.JPEG", "val_00005449": "/img/ILSVRC2012_val_00005449.JPEG"}