{"nodes": [{"id": "digital_watch", "group": 4.0, "part": 0, "shape": "circle"}, {"id": "val_00041613", "group": 1.0, "part": 0, "shape": "circle"}, {"id": "val_00001205", "group": 1.0, "part": 0, "shape": "circle"}, {"id": "val_00042585", "group": 1.0, "part": 0, "shape": "circle"}, {"id": "val_00008751", "group": 1.0, "part": 0, "shape": "circle"}, {"id": "val_00011421", "group": 1.0, "part": 0, "shape": "circle"}, {"id": "val_00003455", "group": 1.0, "part": 1, "shape": "circle"}, {"id": "digital_clock", "group": 4.0, "part": 1, "shape": "circle"}, {"id": "val_00014666", "group": 1.0, "part": 1, "shape": "circle"}, {"id": "val_00011103", "group": 1.0, "part": 1, "shape": "circle"}, {"id": "val_00024672", "group": 1.0, "part": 1, "shape": "circle"}, {"id": "val_00036463", "group": 1.0, "part": 1, "shape": "circle"}, {"id": "val_00026380", "group": 1.0, "part": 1, "shape": "circle"}, {"id": "val_00034426", "group": 1.0, "part": 1, "shape": "circle"}, {"id": "val_00045934", "group": 1.0, "part": 1, "shape": "circle"}, {"id": "stopwatch", "group": 4.0, "part": 1, "shape": "circle"}, {"id": "val_00003643", "group": 1.0, "part": 1, "shape": "circle"}], "links": [{"source": "digital_clock", "target": "val_00001205"}, {"source": "digital_clock", "target": "val_00003643"}, {"source": "digital_clock", "target": "val_00008751"}, {"source": "digital_clock", "target": "val_00011103"}, {"source": "digital_clock", "target": "val_00011421"}, {"source": "digital_clock", "target": "val_00014666"}, {"source": "digital_clock", "target": "val_00024672"}, {"source": "digital_clock", "target": "val_00026380"}, {"source": "digital_clock", "target": "val_00034426"}, {"source": "digital_clock", "target": "val_00036463"}, {"source": "digital_clock", "target": "val_00042585"}, {"source": "digital_clock", "target": "val_00045934"}, {"source": "digital_watch", "target": "val_00001205"}, {"source": "digital_watch", "target": "val_00003455"}, {"source": "digital_watch", "target": "val_00003643"}, {"source": "digital_watch", "target": "val_00008751"}, {"source": "digital_watch", "target": "val_00011103"}, {"source": "digital_watch", "target": "val_00011421"}, {"source": "digital_watch", "target": "val_00014666"}, {"source": "digital_watch", "target": "val_00024672"}, {"source": "digital_watch", "target": "val_00026380"}, {"source": "digital_watch", "target": "val_00034426"}, {"source": "digital_watch", "target": "val_00041613"}, {"source": "digital_watch", "target": "val_00042585"}, {"source": "digital_watch", "target": "val_00045934"}, {"source": "stopwatch", "target": "val_00003643"}, {"source": "val_00001205", "target": "stopwatch"}, {"source": "val_00003455", "target": "digital_clock"}, {"source": "val_00003455", "target": "stopwatch"}, {"source": "val_00011103", "target": "stopwatch"}, {"source": "val_00011421", "target": "stopwatch"}, {"source": "val_00014666", "target": "stopwatch"}, {"source": "val_00024672", "target": "stopwatch"}, {"source": "val_00026380", "target": "stopwatch"}, {"source": "val_00034426", "target": "stopwatch"}, {"source": "val_00036463", "target": "stopwatch"}, {"source": "val_00041613", "target": "digital_clock"}, {"source": "val_00041613", "target": "stopwatch"}, {"source": "val_00045934", "target": "stopwatch"}]}