{"nodes": [{"id": "val_00034957", "group": 1.0, "part": 0, "shape": "circle"}, {"id": "val_00018757", "group": 1.0, "part": 0, "shape": "circle"}, {"id": "val_00003568", "group": 1.0, "part": 0, "shape": "circle"}, {"id": "val_00003604", "group": 1.0, "part": 0, "shape": "circle"}, {"id": "val_00038059", "group": 1.0, "part": 0, "shape": "circle"}, {"id": "val_00014751", "group": 1.0, "part": 0, "shape": "circle"}, {"id": "snail", "group": 4.0, "part": 0, "shape": "circle"}, {"id": "conch", "group": 4.0, "part": 0, "shape": "circle"}, {"id": "val_00031321", "group": 1.0, "part": 1, "shape": "circle"}, {"id": "val_00012672", "group": 1.0, "part": 1, "shape": "circle"}, {"id": "val_00039775", "group": 1.0, "part": 1, "shape": "circle"}, {"id": "hermit_crab", "group": 4.0, "part": 1, "shape": "circle"}, {"id": "val_00037632", "group": 1.0, "part": 1, "shape": "circle"}], "links": [{"source": "hermit_crab", "target": "val_00037632"}, {"source": "val_00003568", "target": "conch"}, {"source": "val_00003568", "target": "hermit_crab"}, {"source": "val_00003568", "target": "snail"}, {"source": "val_00003604", "target": "conch"}, {"source": "val_00003604", "target": "snail"}, {"source": "val_00012672", "target": "conch"}, {"source": "val_00012672", "target": "hermit_crab"}, {"source": "val_00012672", "target": "snail"}, {"source": "val_00014751", "target": "conch"}, {"source": "val_00014751", "target": "hermit_crab"}, {"source": "val_00014751", "target": "snail"}, {"source": "val_00018757", "target": "conch"}, {"source": "val_00018757", "target": "snail"}, {"source": "val_00031321", "target": "conch"}, {"source": "val_00031321", "target": "hermit_crab"}, {"source": "val_00031321", "target": "snail"}, {"source": "val_00034957", "target": "conch"}, {"source": "val_00034957", "target": "snail"}, {"source": "val_00037632", "target": "conch"}, {"source": "val_00037632", "target": "snail"}, {"source": "val_00038059", "target": "conch"}, {"source": "val_00038059", "target": "snail"}, {"source": "val_00039775", "target": "conch"}, {"source": "val_00039775", "target": "hermit_crab"}, {"source": "val_00039775", "target": "snail"}]}