{"nodes": [{"id": "val_00040739", "group": 1.0, "part": 0, "shape": "circle"}, {"id": "val_00003965", "group": 1.0, "part": 0, "shape": "circle"}, {"id": "val_00020066", "group": 1.0, "part": 0, "shape": "circle"}, {"id": "val_00034905", "group": 1.0, "part": 0, "shape": "circle"}, {"id": "bookshop", "group": 4.0, "part": 0, "shape": "circle"}, {"id": "val_00018698", "group": 1.0, "part": 1, "shape": "circle"}, {"id": "library", "group": 4.0, "part": 1, "shape": "circle"}, {"id": "val_00000715", "group": 1.0, "part": 1, "shape": "circle"}, {"id": "val_00049749", "group": 1.0, "part": 1, "shape": "circle"}, {"id": "val_00045462", "group": 1.0, "part": 1, "shape": "circle"}], "links": [{"source": "library", "target": "val_00000715"}, {"source": "library", "target": "val_00020066"}, {"source": "library", "target": "val_00034905"}, {"source": "library", "target": "val_00045462"}, {"source": "library", "target": "val_00049749"}, {"source": "val_00000715", "target": "bookshop"}, {"source": "val_00003965", "target": "bookshop"}, {"source": "val_00018698", "target": "bookshop"}, {"source": "val_00018698", "target": "library"}, {"source": "val_00020066", "target": "bookshop"}, {"source": "val_00034905", "target": "bookshop"}, {"source": "val_00040739", "target": "bookshop"}, {"source": "val_00049749", "target": "bookshop"}]}