{"nodes": [{"id": "val_00041309", "group": 1.0, "part": 0, "shape": "circle"}, {"id": "wolf_spider", "group": 4.0, "part": 0, "shape": "circle"}, {"id": "val_00017272", "group": 1.0, "part": 0, "shape": "circle"}, {"id": "val_00026030", "group": 1.0, "part": 0, "shape": "circle"}, {"id": "val_00041311", "group": 1.0, "part": 0, "shape": "circle"}], "links": [{"source": "val_00041309", "target": "wolf_spider"}, {"source": "wolf_spider", "target": "val_00017272"}, {"source": "wolf_spider", "target": "val_00026030"}, {"source": "wolf_spider", "target": "val_00041311"}]}