{"cucumber": "/img/None", "val_00022634": "/img/ILSVRC2012_val_00022634.JPEG", "val_00003681": "/img/ILSVRC2012_val_00003681.JPEG", "val_00005981": "/img/ILSVRC2012_val_00005981.JPEG", "zucchini": "/img/None", "val_00033681": "/img/ILSVRC2012_val_00033681.JPEG", "val_00018817": "/img/ILSVRC2012_val_00018817.JPEG", "val_00025236": "/img/ILSVRC2012_val_00025236.JPEG", "val_00005593": "/img/ILSVRC2012_val_00005593.JPEG", "bell_pepper": "/img/None", "val_00000423": "/img/ILSVRC2012_val_00000423.JPEG", "val_00033436": "/img/ILSVRC2012_val_00033436.JPEG", "val_00019317": "/img/ILSVRC2012_val_00019317.JPEG", "val_00023223": "/img/ILSVRC2012_val_00023223.JPEG"}