{"nodes": [{"id": "val_00027221", "group": 1.0, "part": 0, "shape": "circle"}, {"id": "val_00037041", "group": 1.0, "part": 0, "shape": "circle"}, {"id": "val_00038462", "group": 1.0, "part": 0, "shape": "circle"}, {"id": "val_00048936", "group": 1.0, "part": 0, "shape": "circle"}, {"id": "val_00028807", "group": 1.0, "part": 0, "shape": "circle"}, {"id": "val_00003374", "group": 1.0, "part": 0, "shape": "circle"}, {"id": "breakwater", "group": 4.0, "part": 0, "shape": "circle"}, {"id": "val_00037550", "group": 1.0, "part": 0, "shape": "circle"}, {"id": "val_00027581", "group": 1.0, "part": 0, "shape": "circle"}, {"id": "lakeside", "group": 4.0, "part": 0, "shape": "circle"}, {"id": "val_00041179", "group": 1.0, "part": 0, "shape": "circle"}, {"id": "val_00025334", "group": 1.0, "part": 1, "shape": "circle"}, {"id": "val_00025746", "group": 1.0, "part": 1, "shape": "circle"}, {"id": "val_00015740", "group": 1.0, "part": 1, "shape": "circle"}, {"id": "seashore", "group": 4.0, "part": 1, "shape": "circle"}, {"id": "val_00003866", "group": 1.0, "part": 1, "shape": "circle"}, {"id": "promontory", "group": 4.0, "part": 1, "shape": "circle"}, {"id": "val_00048033", "group": 1.0, "part": 1, "shape": "circle"}, {"id": "val_00016928", "group": 1.0, "part": 1, "shape": "circle"}, {"id": "sandbar", "group": 4.0, "part": 1, "shape": "circle"}, {"id": "val_00005236", "group": 1.0, "part": 1, "shape": "circle"}, {"id": "val_00010403", "group": 1.0, "part": 1, "shape": "circle"}, {"id": "val_00006387", "group": 1.0, "part": 1, "shape": "circle"}, {"id": "val_00040032", "group": 1.0, "part": 1, "shape": "circle"}], "links": [{"source": "breakwater", "target": "val_00006387"}, {"source": "breakwater", "target": "val_00016928"}, {"source": "breakwater", "target": "val_00027581"}, {"source": "breakwater", "target": "val_00041179"}, {"source": "breakwater", "target": "val_00048033"}, {"source": "lakeside", "target": "val_00041179"}, {"source": "promontory", "target": "val_00003374"}, {"source": "promontory", "target": "val_00006387"}, {"source": "promontory", "target": "val_00010403"}, {"source": "promontory", "target": "val_00016928"}, {"source": "promontory", "target": "val_00041179"}, {"source": "promontory", "target": "val_00048033"}, {"source": "sandbar", "target": "val_00005236"}, {"source": "sandbar", "target": "val_00006387"}, {"source": "sandbar", "target": "val_00010403"}, {"source": "sandbar", "target": "val_00040032"}, {"source": "seashore", "target": "val_00003374"}, {"source": "seashore", "target": "val_00003866"}, {"source": "seashore", "target": "val_00005236"}, {"source": "seashore", "target": "val_00006387"}, {"source": "seashore", "target": "val_00010403"}, {"source": "seashore", "target": "val_00016928"}, {"source": "seashore", "target": "val_00027581"}, {"source": "seashore", "target": "val_00028807"}, {"source": "seashore", "target": "val_00037550"}, {"source": "seashore", "target": "val_00040032"}, {"source": "seashore", "target": "val_00048033"}, {"source": "val_00003374", "target": "breakwater"}, {"source": "val_00003374", "target": "lakeside"}, {"source": "val_00003866", "target": "promontory"}, {"source": "val_00003866", "target": "sandbar"}, {"source": "val_00010403", "target": "lakeside"}, {"source": "val_00015740", "target": "promontory"}, {"source": "val_00015740", "target": "sandbar"}, {"source": "val_00015740", "target": "seashore"}, {"source": "val_00016928", "target": "lakeside"}, {"source": "val_00025334", "target": "breakwater"}, {"source": "val_00025334", "target": "promontory"}, {"source": "val_00025334", "target": "seashore"}, {"source": "val_00025746", "target": "lakeside"}, {"source": "val_00025746", "target": "promontory"}, {"source": "val_00025746", "target": "sandbar"}, {"source": "val_00025746", "target": "seashore"}, {"source": "val_00027221", "target": "breakwater"}, {"source": "val_00027221", "target": "seashore"}, {"source": "val_00027581", "target": "lakeside"}, {"source": "val_00028807", "target": "breakwater"}, {"source": "val_00028807", "target": "lakeside"}, {"source": "val_00028807", "target": "promontory"}, {"source": "val_00028807", "target": "sandbar"}, {"source": "val_00037041", "target": "breakwater"}, {"source": "val_00037041", "target": "lakeside"}, {"source": "val_00037041", "target": "seashore"}, {"source": "val_00037550", "target": "lakeside"}, {"source": "val_00038462", "target": "lakeside"}, {"source": "val_00038462", "target": "promontory"}, {"source": "val_00048033", "target": "sandbar"}, {"source": "val_00048936", "target": "breakwater"}, {"source": "val_00048936", "target": "promontory"}]}