{"mortar": "/img/None", "val_00045163": "/img/ILSVRC2012_val_00045163.JPEG", "val_00031707": "/img/ILSVRC2012_val_00031707.JPEG", "val_00016894": "/img/ILSVRC2012_val_00016894.JPEG", "val_00034371": "/img/ILSVRC2012_val_00034371.JPEG", "val_00018756": "/img/ILSVRC2012_val_00018756.JPEG", "val_00036357": "/img/ILSVRC2012_val_00036357.JPEG", "val_00020752": "/img/ILSVRC2012_val_00020752.JPEG", "val_00005116": "/img/ILSVRC2012_val_00005116.JPEG", "val_00000596": "/img/ILSVRC2012_val_00000596.JPEG", "val_00046125": "/img/ILSVRC2012_val_00046125.JPEG", "val_00007311": "/img/ILSVRC2012_val_00007311.JPEG", "val_00002120": "/img/ILSVRC2012_val_00002120.JPEG", "projectile": "/img/None", "val_00049575": "/img/ILSVRC2012_val_00049575.JPEG", "cannon": "/img/None", "missile": "/img/None", "val_00049718": "/img/ILSVRC2012_val_00049718.JPEG", "val_00041790": "/img/ILSVRC2012_val_00041790.JPEG", "val_00014723": "/img/ILSVRC2012_val_00014723.JPEG", "half_track": "/img/None", "val_00034135": "/img/ILSVRC2012_val_00034135.JPEG", "amphibian": "/img/None", "val_00014597": "/img/ILSVRC2012_val_00014597.JPEG", "val_00049628": "/img/ILSVRC2012_val_00049628.JPEG", "val_00049454": "/img/ILSVRC2012_val_00049454.JPEG", "tank": "/img/None", "val_00049378": "/img/ILSVRC2012_val_00049378.JPEG", "val_00015399": "/img/ILSVRC2012_val_00015399.JPEG", "val_00039906": "/img/ILSVRC2012_val_00039906.JPEG", "val_00005458": "/img/ILSVRC2012_val_00005458.JPEG", "val_00020471": "/img/ILSVRC2012_val_00020471.JPEG", "val_00010475": "/img/ILSVRC2012_val_00010475.JPEG", "val_00020759": "/img/ILSVRC2012_val_00020759.JPEG", "val_00047829": "/img/ILSVRC2012_val_00047829.JPEG", "warplane": "/img/None", "val_00001952": "/img/ILSVRC2012_val_00001952.JPEG", "airliner": "/img/None", "val_00037204": "/img/ILSVRC2012_val_00037204.JPEG", "val_00002304": "/img/ILSVRC2012_val_00002304.JPEG", "val_00031478": "/img/ILSVRC2012_val_00031478.JPEG", "wing": "/img/None", "val_00033161": "/img/ILSVRC2012_val_00033161.JPEG", "val_00007397": "/img/ILSVRC2012_val_00007397.JPEG", "val_00023781": "/img/ILSVRC2012_val_00023781.JPEG", "val_00040547": "/img/ILSVRC2012_val_00040547.JPEG", "val_00012873": "/img/ILSVRC2012_val_00012873.JPEG", "val_00011306": "/img/ILSVRC2012_val_00011306.JPEG", "val_00033013": "/img/ILSVRC2012_val_00033013.JPEG", "space_shuttle": "/img/None", "val_00031109": "/img/ILSVRC2012_val_00031109.JPEG", "val_00002534": "/img/ILSVRC2012_val_00002534.JPEG", "val_00004998": "/img/ILSVRC2012_val_00004998.JPEG", "val_00031365": "/img/ILSVRC2012_val_00031365.JPEG", "val_00010103": "/img/ILSVRC2012_val_00010103.JPEG", "val_00001583": "/img/ILSVRC2012_val_00001583.JPEG", "val_00020293": "/img/ILSVRC2012_val_00020293.JPEG", "val_00011995": "/img/ILSVRC2012_val_00011995.JPEG", "val_00031383": "/img/ILSVRC2012_val_00031383.JPEG", "aircraft_carrier": "/img/None", "submarine": "/img/None"}