{"nodes": [{"id": "bow_tie", "group": 4.0, "part": 0, "shape": "circle"}, {"id": "val_00049264", "group": 1.0, "part": 0, "shape": "circle"}, {"id": "val_00025365", "group": 1.0, "part": 0, "shape": "circle"}, {"id": "val_00003045", "group": 1.0, "part": 0, "shape": "circle"}, {"id": "val_00037646", "group": 1.0, "part": 0, "shape": "circle"}], "links": [{"source": "bow_tie", "target": "val_00003045"}, {"source": "bow_tie", "target": "val_00025365"}, {"source": "bow_tie", "target": "val_00037646"}, {"source": "bow_tie", "target": "val_00049264"}]}