{"val_00032776": "/img/ILSVRC2012_val_00032776.JPEG", "val_00032731": "/img/ILSVRC2012_val_00032731.JPEG", "val_00003230": "/img/ILSVRC2012_val_00003230.JPEG", "val_00000094": "/img/ILSVRC2012_val_00000094.JPEG", "schooner": "/img/None", "val_00011098": "/img/ILSVRC2012_val_00011098.JPEG", "val_00020544": "/img/ILSVRC2012_val_00020544.JPEG", "val_00036604": "/img/ILSVRC2012_val_00036604.JPEG", "val_00022353": "/img/ILSVRC2012_val_00022353.JPEG", "val_00003815": "/img/ILSVRC2012_val_00003815.JPEG", "pirate": "/img/None"}