{"nodes": [{"id": "val_00044021", "group": 1.0, "part": 0, "shape": "circle"}, {"id": "red_fox", "group": 4.0, "part": 0, "shape": "circle"}, {"id": "Arctic_fox", "group": 4.0, "part": 0, "shape": "circle"}, {"id": "grey_fox", "group": 4.0, "part": 0, "shape": "circle"}, {"id": "polecat", "group": 4.0, "part": 2, "shape": "circle"}, {"id": "Sussex_spaniel", "group": 4.0, "part": 2, "shape": "circle"}, {"id": "val_00027563", "group": 1.0, "part": 2, "shape": "circle"}, {"id": "brown_bear", "group": 4.0, "part": 1, "shape": "circle"}, {"id": "val_00024653", "group": 1.0, "part": 1, "shape": "circle"}, {"id": "otter", "group": 4.0, "part": 1, "shape": "circle"}], "links": [{"source": "Sussex_spaniel", "target": "val_00027563"}, {"source": "brown_bear", "target": "val_00024653"}, {"source": "brown_bear", "target": "val_00027563"}, {"source": "polecat", "target": "val_00027563"}, {"source": "val_00024653", "target": "otter"}, {"source": "val_00044021", "target": "Arctic_fox"}, {"source": "val_00044021", "target": "grey_fox"}, {"source": "val_00044021", "target": "polecat"}, {"source": "val_00044021", "target": "red_fox"}]}