{"nodes": [{"id": "sandal", "group": 4.0, "part": 0, "shape": "circle"}, {"id": "val_00009402", "group": 1.0, "part": 0, "shape": "circle"}, {"id": "val_00027943", "group": 1.0, "part": 0, "shape": "circle"}, {"id": "val_00010598", "group": 1.0, "part": 0, "shape": "circle"}, {"id": "val_00015569", "group": 1.0, "part": 0, "shape": "circle"}], "links": [{"source": "sandal", "target": "val_00009402"}, {"source": "sandal", "target": "val_00010598"}, {"source": "sandal", "target": "val_00015569"}, {"source": "sandal", "target": "val_00027943"}]}