{"val_00018499": "/img/ILSVRC2012_val_00018499.JPEG", "val_00038108": "/img/ILSVRC2012_val_00038108.JPEG", "val_00042498": "/img/ILSVRC2012_val_00042498.JPEG", "dishwasher": "/img/None", "washer": "/img/None", "val_00005374": "/img/ILSVRC2012_val_00005374.JPEG", "val_00023591": "/img/ILSVRC2012_val_00023591.JPEG", "val_00009655": "/img/ILSVRC2012_val_00009655.JPEG", "refrigerator": "/img/None", "val_00027235": "/img/ILSVRC2012_val_00027235.JPEG", "val_00014602": "/img/ILSVRC2012_val_00014602.JPEG", "val_00022991": "/img/ILSVRC2012_val_00022991.JPEG", "val_00031894": "/img/ILSVRC2012_val_00031894.JPEG"}