{"nodes": [{"id": "theater_curtain", "group": 4.0, "part": 1, "shape": "circle"}, {"id": "window_shade", "group": 4.0, "part": 1, "shape": "circle"}, {"id": "val_00018399", "group": 1.0, "part": 1, "shape": "circle"}, {"id": "val_00038593", "group": 1.0, "part": 1, "shape": "circle"}, {"id": "val_00030436", "group": 1.0, "part": 1, "shape": "circle"}, {"id": "val_00014507", "group": 1.0, "part": 1, "shape": "circle"}, {"id": "val_00026264", "group": 1.0, "part": 1, "shape": "circle"}, {"id": "val_00021503", "group": 1.0, "part": 1, "shape": "circle"}, {"id": "shower_curtain", "group": 4.0, "part": 1, "shape": "circle"}, {"id": "val_00024116", "group": 1.0, "part": 1, "shape": "circle"}, {"id": "val_00022471", "group": 1.0, "part": 2, "shape": "circle"}, {"id": "shoji", "group": 4.0, "part": 2, "shape": "circle"}, {"id": "val_00019549", "group": 1.0, "part": 2, "shape": "circle"}, {"id": "val_00000988", "group": 1.0, "part": 2, "shape": "circle"}, {"id": "val_00044368", "group": 1.0, "part": 2, "shape": "circle"}, {"id": "val_00032011", "group": 1.0, "part": 2, "shape": "circle"}, {"id": "val_00049289", "group": 1.0, "part": 2, "shape": "circle"}, {"id": "val_00011378", "group": 1.0, "part": 2, "shape": "circle"}, {"id": "val_00045960", "group": 1.0, "part": 2, "shape": "circle"}, {"id": "val_00037124", "group": 1.0, "part": 2, "shape": "circle"}, {"id": "window_screen", "group": 4.0, "part": 2, "shape": "circle"}, {"id": "patio", "group": 4.0, "part": 0, "shape": "circle"}, {"id": "val_00027039", "group": 1.0, "part": 0, "shape": "circle"}, {"id": "val_00038109", "group": 1.0, "part": 0, "shape": "circle"}, {"id": "val_00045636", "group": 1.0, "part": 0, "shape": "circle"}, {"id": "val_00026414", "group": 1.0, "part": 0, "shape": "circle"}, {"id": "val_00040429", "group": 1.0, "part": 3, "shape": "circle"}, {"id": "val_00005093", "group": 1.0, "part": 3, "shape": "circle"}, {"id": "val_00026449", "group": 1.0, "part": 3, "shape": "circle"}, {"id": "val_00004848", "group": 1.0, "part": 3, "shape": "circle"}, {"id": "val_00014772", "group": 1.0, "part": 3, "shape": "circle"}, {"id": "umbrella", "group": 4.0, "part": 3, "shape": "circle"}, {"id": "val_00034114", "group": 1.0, "part": 3, "shape": "circle"}, {"id": "val_00040204", "group": 1.0, "part": 3, "shape": "circle"}, {"id": "val_00040480", "group": 1.0, "part": 3, "shape": "circle"}, {"id": "kimono", "group": 4.0, "part": 3, "shape": "circle"}], "links": [{"source": "kimono", "target": "val_00037124"}, {"source": "patio", "target": "val_00026414"}, {"source": "patio", "target": "val_00027039"}, {"source": "patio", "target": "val_00038109"}, {"source": "patio", "target": "val_00045636"}, {"source": "shoji", "target": "val_00000988"}, {"source": "shoji", "target": "val_00004848"}, {"source": "shoji", "target": "val_00005093"}, {"source": "shoji", "target": "val_00011378"}, {"source": "shoji", "target": "val_00019549"}, {"source": "shoji", "target": "val_00034114"}, {"source": "shoji", "target": "val_00037124"}, {"source": "shoji", "target": "val_00038109"}, {"source": "shoji", "target": "val_00038593"}, {"source": "shoji", "target": "val_00044368"}, {"source": "shoji", "target": "val_00045636"}, {"source": "shoji", "target": "val_00045960"}, {"source": "shoji", "target": "val_00049289"}, {"source": "shower_curtain", "target": "val_00024116"}, {"source": "theater_curtain", "target": "val_00021503"}, {"source": "theater_curtain", "target": "val_00024116"}, {"source": "theater_curtain", "target": "val_00026264"}, {"source": "theater_curtain", "target": "val_00038593"}, {"source": "umbrella", "target": "val_00034114"}, {"source": "umbrella", "target": "val_00040204"}, {"source": "val_00000988", "target": "window_screen"}, {"source": "val_00004848", "target": "kimono"}, {"source": "val_00004848", "target": "umbrella"}, {"source": "val_00005093", "target": "kimono"}, {"source": "val_00005093", "target": "umbrella"}, {"source": "val_00011378", "target": "window_screen"}, {"source": "val_00014507", "target": "shower_curtain"}, {"source": "val_00014772", "target": "umbrella"}, {"source": "val_00018399", "target": "shower_curtain"}, {"source": "val_00018399", "target": "window_screen"}, {"source": "val_00019549", "target": "window_screen"}, {"source": "val_00022471", "target": "shoji"}, {"source": "val_00022471", "target": "window_screen"}, {"source": "val_00026264", "target": "shower_curtain"}, {"source": "val_00026449", "target": "umbrella"}, {"source": "val_00027039", "target": "window_screen"}, {"source": "val_00030436", "target": "shower_curtain"}, {"source": "val_00030436", "target": "window_screen"}, {"source": "val_00032011", "target": "window_screen"}, {"source": "val_00034114", "target": "kimono"}, {"source": "val_00037124", "target": "window_screen"}, {"source": "val_00038109", "target": "kimono"}, {"source": "val_00038109", "target": "window_screen"}, {"source": "val_00038593", "target": "shower_curtain"}, {"source": "val_00040204", "target": "kimono"}, {"source": "val_00040429", "target": "kimono"}, {"source": "val_00040480", "target": "kimono"}, {"source": "val_00044368", "target": "window_screen"}, {"source": "val_00045636", "target": "kimono"}, {"source": "val_00045960", "target": "window_screen"}, {"source": "val_00049289", "target": "kimono"}, {"source": "val_00049289", "target": "window_screen"}, {"source": "window_shade", "target": "val_00011378"}, {"source": "window_shade", "target": "val_00018399"}, {"source": "window_shade", "target": "val_00021503"}, {"source": "window_shade", "target": "val_00022471"}, {"source": "window_shade", "target": "val_00024116"}, {"source": "window_shade", "target": "val_00026264"}, {"source": "window_shade", "target": "val_00026414"}, {"source": "window_shade", "target": "val_00027039"}, {"source": "window_shade", "target": "val_00030436"}, {"source": "window_shade", "target": "val_00032011"}, {"source": "window_shade", "target": "val_00038593"}, {"source": "window_shade", "target": "val_00045960"}, {"source": "window_shade", "target": "val_00049289"}]}