{"nodes": [{"id": "val_00023585", "group": 1.0, "part": 0, "shape": "circle"}, {"id": "hoopskirt", "group": 4.0, "part": 0, "shape": "circle"}, {"id": "val_00023350", "group": 1.0, "part": 0, "shape": "circle"}, {"id": "val_00040686", "group": 1.0, "part": 0, "shape": "circle"}, {"id": "val_00014561", "group": 1.0, "part": 0, "shape": "circle"}, {"id": "val_00042152", "group": 1.0, "part": 1, "shape": "circle"}, {"id": "val_00030501", "group": 1.0, "part": 1, "shape": "circle"}, {"id": "overskirt", "group": 4.0, "part": 1, "shape": "circle"}, {"id": "val_00015156", "group": 1.0, "part": 1, "shape": "circle"}, {"id": "val_00006776", "group": 1.0, "part": 1, "shape": "circle"}], "links": [{"source": "hoopskirt", "target": "val_00006776"}, {"source": "hoopskirt", "target": "val_00014561"}, {"source": "hoopskirt", "target": "val_00015156"}, {"source": "hoopskirt", "target": "val_00023350"}, {"source": "hoopskirt", "target": "val_00030501"}, {"source": "hoopskirt", "target": "val_00040686"}, {"source": "overskirt", "target": "val_00006776"}, {"source": "overskirt", "target": "val_00014561"}, {"source": "overskirt", "target": "val_00015156"}, {"source": "overskirt", "target": "val_00040686"}, {"source": "val_00023350", "target": "overskirt"}, {"source": "val_00023585", "target": "hoopskirt"}, {"source": "val_00023585", "target": "overskirt"}, {"source": "val_00030501", "target": "overskirt"}, {"source": "val_00042152", "target": "hoopskirt"}, {"source": "val_00042152", "target": "overskirt"}]}