{"nodes": [{"id": "val_00015631", "group": 1.0, "part": 0, "shape": "circle"}, {"id": "stingray", "group": 4.0, "part": 0, "shape": "circle"}, {"id": "val_00037260", "group": 1.0, "part": 0, "shape": "circle"}, {"id": "val_00000063", "group": 1.0, "part": 0, "shape": "circle"}, {"id": "val_00036118", "group": 1.0, "part": 0, "shape": "circle"}, {"id": "val_00034178", "group": 1.0, "part": 0, "shape": "circle"}, {"id": "val_00013655", "group": 1.0, "part": 0, "shape": "circle"}, {"id": "electric_ray", "group": 4.0, "part": 0, "shape": "circle"}, {"id": "val_00032394", "group": 1.0, "part": 0, "shape": "circle"}, {"id": "val_00017196", "group": 1.0, "part": 0, "shape": "circle"}, {"id": "val_00007569", "group": 1.0, "part": 0, "shape": "circle"}, {"id": "val_00000312", "group": 1.0, "part": 1, "shape": "circle"}, {"id": "val_00014467", "group": 1.0, "part": 1, "shape": "circle"}, {"id": "val_00030127", "group": 1.0, "part": 1, "shape": "circle"}, {"id": "great_white_shark", "group": 4.0, "part": 1, "shape": "circle"}, {"id": "val_00007875", "group": 1.0, "part": 1, "shape": "circle"}, {"id": "hammerhead", "group": 4.0, "part": 1, "shape": "circle"}, {"id": "tiger_shark", "group": 4.0, "part": 1, "shape": "circle"}, {"id": "val_00026001", "group": 1.0, "part": 1, "shape": "circle"}, {"id": "val_00039588", "group": 1.0, "part": 1, "shape": "circle"}, {"id": "val_00016259", "group": 1.0, "part": 1, "shape": "circle"}, {"id": "val_00027160", "group": 1.0, "part": 1, "shape": "circle"}, {"id": "val_00019409", "group": 1.0, "part": 1, "shape": "circle"}, {"id": "val_00039445", "group": 1.0, "part": 1, "shape": "circle"}, {"id": "val_00042324", "group": 1.0, "part": 1, "shape": "circle"}, {"id": "val_00027514", "group": 1.0, "part": 1, "shape": "circle"}, {"id": "val_00043097", "group": 1.0, "part": 2, "shape": "circle"}, {"id": "val_00007800", "group": 1.0, "part": 2, "shape": "circle"}, {"id": "hippopotamus", "group": 4.0, "part": 2, "shape": "circle"}, {"id": "val_00000072", "group": 1.0, "part": 2, "shape": "circle"}, {"id": "dugong", "group": 4.0, "part": 2, "shape": "circle"}, {"id": "val_00001544", "group": 1.0, "part": 2, "shape": "circle"}, {"id": "val_00039158", "group": 1.0, "part": 2, "shape": "circle"}], "links": [{"source": "dugong", "target": "val_00001544"}, {"source": "dugong", "target": "val_00039158"}, {"source": "electric_ray", "target": "val_00007569"}, {"source": "electric_ray", "target": "val_00017196"}, {"source": "electric_ray", "target": "val_00027514"}, {"source": "electric_ray", "target": "val_00032394"}, {"source": "electric_ray", "target": "val_00039158"}, {"source": "great_white_shark", "target": "val_00007875"}, {"source": "great_white_shark", "target": "val_00016259"}, {"source": "great_white_shark", "target": "val_00019409"}, {"source": "great_white_shark", "target": "val_00026001"}, {"source": "great_white_shark", "target": "val_00027160"}, {"source": "great_white_shark", "target": "val_00027514"}, {"source": "great_white_shark", "target": "val_00039445"}, {"source": "great_white_shark", "target": "val_00039588"}, {"source": "great_white_shark", "target": "val_00042324"}, {"source": "hammerhead", "target": "val_00001544"}, {"source": "hammerhead", "target": "val_00016259"}, {"source": "hammerhead", "target": "val_00019409"}, {"source": "hammerhead", "target": "val_00026001"}, {"source": "hammerhead", "target": "val_00027160"}, {"source": "hammerhead", "target": "val_00032394"}, {"source": "hammerhead", "target": "val_00034178"}, {"source": "hammerhead", "target": "val_00039588"}, {"source": "hammerhead", "target": "val_00042324"}, {"source": "hippopotamus", "target": "val_00000072"}, {"source": "hippopotamus", "target": "val_00001544"}, {"source": "hippopotamus", "target": "val_00039158"}, {"source": "stingray", "target": "val_00000063"}, {"source": "stingray", "target": "val_00001544"}, {"source": "stingray", "target": "val_00007569"}, {"source": "stingray", "target": "val_00013655"}, {"source": "stingray", "target": "val_00017196"}, {"source": "stingray", "target": "val_00032394"}, {"source": "stingray", "target": "val_00034178"}, {"source": "stingray", "target": "val_00036118"}, {"source": "stingray", "target": "val_00037260"}, {"source": "tiger_shark", "target": "val_00000063"}, {"source": "tiger_shark", "target": "val_00000072"}, {"source": "tiger_shark", "target": "val_00016259"}, {"source": "tiger_shark", "target": "val_00017196"}, {"source": "tiger_shark", "target": "val_00019409"}, {"source": "tiger_shark", "target": "val_00026001"}, {"source": "tiger_shark", "target": "val_00027160"}, {"source": "tiger_shark", "target": "val_00027514"}, {"source": "tiger_shark", "target": "val_00034178"}, {"source": "tiger_shark", "target": "val_00039445"}, {"source": "tiger_shark", "target": "val_00039588"}, {"source": "val_00000063", "target": "electric_ray"}, {"source": "val_00000072", "target": "dugong"}, {"source": "val_00000072", "target": "electric_ray"}, {"source": "val_00000312", "target": "great_white_shark"}, {"source": "val_00000312", "target": "tiger_shark"}, {"source": "val_00007800", "target": "dugong"}, {"source": "val_00007800", "target": "hippopotamus"}, {"source": "val_00007875", "target": "hammerhead"}, {"source": "val_00007875", "target": "tiger_shark"}, {"source": "val_00013655", "target": "electric_ray"}, {"source": "val_00014467", "target": "electric_ray"}, {"source": "val_00014467", "target": "great_white_shark"}, {"source": "val_00014467", "target": "hammerhead"}, {"source": "val_00014467", "target": "tiger_shark"}, {"source": "val_00015631", "target": "electric_ray"}, {"source": "val_00015631", "target": "great_white_shark"}, {"source": "val_00015631", "target": "hammerhead"}, {"source": "val_00015631", "target": "stingray"}, {"source": "val_00015631", "target": "tiger_shark"}, {"source": "val_00019409", "target": "electric_ray"}, {"source": "val_00026001", "target": "electric_ray"}, {"source": "val_00027160", "target": "electric_ray"}, {"source": "val_00030127", "target": "electric_ray"}, {"source": "val_00030127", "target": "great_white_shark"}, {"source": "val_00030127", "target": "hammerhead"}, {"source": "val_00030127", "target": "tiger_shark"}, {"source": "val_00034178", "target": "electric_ray"}, {"source": "val_00036118", "target": "electric_ray"}, {"source": "val_00037260", "target": "electric_ray"}, {"source": "val_00043097", "target": "dugong"}, {"source": "val_00043097", "target": "hippopotamus"}]}