{"nodes": [{"id": "val_00041637", "group": 1.0, "part": 0, "shape": "circle"}, {"id": "val_00047466", "group": 1.0, "part": 0, "shape": "circle"}, {"id": "val_00036399", "group": 1.0, "part": 0, "shape": "circle"}, {"id": "swing", "group": 4.0, "part": 0, "shape": "circle"}, {"id": "val_00037022", "group": 1.0, "part": 0, "shape": "circle"}, {"id": "val_00003195", "group": 1.0, "part": 0, "shape": "circle"}, {"id": "balance_beam", "group": 4.0, "part": 1, "shape": "circle"}, {"id": "val_00019839", "group": 1.0, "part": 1, "shape": "circle"}, {"id": "val_00037415", "group": 1.0, "part": 1, "shape": "circle"}, {"id": "val_00025020", "group": 1.0, "part": 1, "shape": "circle"}, {"id": "horizontal_bar", "group": 4.0, "part": 1, "shape": "circle"}, {"id": "val_00031809", "group": 1.0, "part": 1, "shape": "circle"}, {"id": "val_00032435", "group": 1.0, "part": 1, "shape": "circle"}, {"id": "val_00037689", "group": 1.0, "part": 1, "shape": "circle"}, {"id": "val_00024084", "group": 1.0, "part": 1, "shape": "circle"}, {"id": "val_00004312", "group": 1.0, "part": 1, "shape": "circle"}, {"id": "val_00049222", "group": 1.0, "part": 1, "shape": "circle"}, {"id": "val_00030267", "group": 1.0, "part": 1, "shape": "circle"}, {"id": "val_00012614", "group": 1.0, "part": 1, "shape": "circle"}, {"id": "val_00041331", "group": 1.0, "part": 1, "shape": "circle"}, {"id": "val_00013329", "group": 1.0, "part": 1, "shape": "circle"}, {"id": "parallel_bars", "group": 4.0, "part": 1, "shape": "circle"}], "links": [{"source": "balance_beam", "target": "val_00003195"}, {"source": "balance_beam", "target": "val_00004312"}, {"source": "balance_beam", "target": "val_00013329"}, {"source": "balance_beam", "target": "val_00019839"}, {"source": "balance_beam", "target": "val_00024084"}, {"source": "balance_beam", "target": "val_00025020"}, {"source": "balance_beam", "target": "val_00030267"}, {"source": "balance_beam", "target": "val_00031809"}, {"source": "balance_beam", "target": "val_00032435"}, {"source": "balance_beam", "target": "val_00036399"}, {"source": "balance_beam", "target": "val_00037689"}, {"source": "balance_beam", "target": "val_00041331"}, {"source": "balance_beam", "target": "val_00049222"}, {"source": "horizontal_bar", "target": "val_00003195"}, {"source": "horizontal_bar", "target": "val_00004312"}, {"source": "horizontal_bar", "target": "val_00012614"}, {"source": "horizontal_bar", "target": "val_00013329"}, {"source": "horizontal_bar", "target": "val_00024084"}, {"source": "horizontal_bar", "target": "val_00030267"}, {"source": "horizontal_bar", "target": "val_00031809"}, {"source": "horizontal_bar", "target": "val_00032435"}, {"source": "horizontal_bar", "target": "val_00036399"}, {"source": "horizontal_bar", "target": "val_00037022"}, {"source": "horizontal_bar", "target": "val_00037689"}, {"source": "horizontal_bar", "target": "val_00041331"}, {"source": "horizontal_bar", "target": "val_00049222"}, {"source": "swing", "target": "val_00003195"}, {"source": "swing", "target": "val_00037022"}, {"source": "val_00003195", "target": "parallel_bars"}, {"source": "val_00004312", "target": "parallel_bars"}, {"source": "val_00012614", "target": "parallel_bars"}, {"source": "val_00013329", "target": "parallel_bars"}, {"source": "val_00019839", "target": "horizontal_bar"}, {"source": "val_00019839", "target": "parallel_bars"}, {"source": "val_00024084", "target": "parallel_bars"}, {"source": "val_00025020", "target": "horizontal_bar"}, {"source": "val_00025020", "target": "parallel_bars"}, {"source": "val_00030267", "target": "parallel_bars"}, {"source": "val_00031809", "target": "parallel_bars"}, {"source": "val_00032435", "target": "parallel_bars"}, {"source": "val_00036399", "target": "parallel_bars"}, {"source": "val_00036399", "target": "swing"}, {"source": "val_00037022", "target": "parallel_bars"}, {"source": "val_00037415", "target": "horizontal_bar"}, {"source": "val_00037415", "target": "parallel_bars"}, {"source": "val_00037689", "target": "parallel_bars"}, {"source": "val_00041331", "target": "parallel_bars"}, {"source": "val_00041637", "target": "horizontal_bar"}, {"source": "val_00041637", "target": "swing"}, {"source": "val_00047466", "target": "horizontal_bar"}, {"source": "val_00047466", "target": "parallel_bars"}, {"source": "val_00047466", "target": "swing"}, {"source": "val_00049222", "target": "parallel_bars"}]}