{"nodes": [{"id": "val_00012505", "group": 1.0, "part": 1, "shape": "circle"}, {"id": "val_00046790", "group": 1.0, "part": 1, "shape": "circle"}, {"id": "val_00004389", "group": 1.0, "part": 1, "shape": "circle"}, {"id": "passenger_car", "group": 4.0, "part": 1, "shape": "circle"}, {"id": "sliding_door", "group": 4.0, "part": 0, "shape": "circle"}, {"id": "val_00003917", "group": 1.0, "part": 0, "shape": "circle"}, {"id": "val_00023938", "group": 1.0, "part": 0, "shape": "circle"}, {"id": "val_00020919", "group": 1.0, "part": 0, "shape": "circle"}], "links": [{"source": "passenger_car", "target": "val_00020919"}, {"source": "sliding_door", "target": "val_00003917"}, {"source": "sliding_door", "target": "val_00004389"}, {"source": "sliding_door", "target": "val_00020919"}, {"source": "sliding_door", "target": "val_00023938"}, {"source": "val_00003917", "target": "passenger_car"}, {"source": "val_00004389", "target": "passenger_car"}, {"source": "val_00012505", "target": "passenger_car"}, {"source": "val_00012505", "target": "sliding_door"}, {"source": "val_00046790", "target": "passenger_car"}, {"source": "val_00046790", "target": "sliding_door"}]}