{"unicycle": "/img/None", "mountain_bike": "/img/None", "val_00018015": "/img/ILSVRC2012_val_00018015.JPEG", "racket": "/img/None", "val_00000232": "/img/ILSVRC2012_val_00000232.JPEG", "snowmobile": "/img/None", "bobsled": "/img/None", "motor_scooter": "/img/None", "abaya": "/img/None", "moped": "/img/None", "tricycle": "/img/None", "parking_meter": "/img/None", "bicycle-built-for-two": "/img/None", "val_00000717": "/img/ILSVRC2012_val_00000717.JPEG", "val_00046605": "/img/ILSVRC2012_val_00046605.JPEG", "jinrikisha": "/img/None", "val_00006644": "/img/ILSVRC2012_val_00006644.JPEG", "crash_helmet": "/img/None", "val_00029110": "/img/ILSVRC2012_val_00029110.JPEG", "ibex": "/img/None"}