{"nodes": [{"id": "home_theater", "group": 4.0, "part": 0, "shape": "circle"}, {"id": "val_00012376", "group": 1.0, "part": 0, "shape": "circle"}, {"id": "val_00047803", "group": 1.0, "part": 0, "shape": "circle"}, {"id": "television", "group": 4.0, "part": 0, "shape": "circle"}, {"id": "monitor", "group": 4.0, "part": 0, "shape": "circle"}, {"id": "hoopskirt", "group": 4.0, "part": 0, "shape": "circle"}, {"id": "screen", "group": 4.0, "part": 0, "shape": "circle"}, {"id": "val_00028157", "group": 1.0, "part": 0, "shape": "circle"}, {"id": "val_00042152", "group": 1.0, "part": 0, "shape": "circle"}, {"id": "entertainment_center", "group": 4.0, "part": 0, "shape": "circle"}, {"id": "val_00024869", "group": 1.0, "part": 0, "shape": "circle"}, {"id": "val_00034501", "group": 1.0, "part": 0, "shape": "circle"}, {"id": "overskirt", "group": 4.0, "part": 0, "shape": "circle"}, {"id": "val_00047569", "group": 1.0, "part": 1, "shape": "circle"}, {"id": "val_00037760", "group": 1.0, "part": 1, "shape": "circle"}, {"id": "val_00016800", "group": 1.0, "part": 1, "shape": "circle"}, {"id": "val_00000660", "group": 1.0, "part": 1, "shape": "circle"}, {"id": "val_00006324", "group": 1.0, "part": 1, "shape": "circle"}, {"id": "notebook", "group": 4.0, "part": 1, "shape": "circle"}, {"id": "val_00008286", "group": 1.0, "part": 1, "shape": "circle"}, {"id": "web_site", "group": 4.0, "part": 1, "shape": "circle"}, {"id": "val_00045627", "group": 1.0, "part": 1, "shape": "circle"}, {"id": "mouse", "group": 4.0, "part": 1, "shape": "circle"}, {"id": "val_00010778", "group": 1.0, "part": 1, "shape": "circle"}, {"id": "desktop_computer", "group": 4.0, "part": 1, "shape": "circle"}, {"id": "desk", "group": 4.0, "part": 1, "shape": "circle"}, {"id": "val_00016129", "group": 1.0, "part": 1, "shape": "circle"}, {"id": "val_00011928", "group": 1.0, "part": 1, "shape": "circle"}, {"id": "val_00030962", "group": 1.0, "part": 2, "shape": "circle"}, {"id": "printer", "group": 4.0, "part": 2, "shape": "circle"}, {"id": "val_00002175", "group": 1.0, "part": 2, "shape": "circle"}, {"id": "val_00014821", "group": 1.0, "part": 2, "shape": "circle"}, {"id": "space_heater", "group": 4.0, "part": 2, "shape": "circle"}, {"id": "val_00043547", "group": 1.0, "part": 3, "shape": "circle"}, {"id": "mousetrap", "group": 4.0, "part": 3, "shape": "circle"}, {"id": "val_00041349", "group": 1.0, "part": 3, "shape": "circle"}, {"id": "val_00035446", "group": 1.0, "part": 3, "shape": "circle"}, {"id": "abacus", "group": 4.0, "part": 3, "shape": "circle"}, {"id": "computer_keyboard", "group": 4.0, "part": 3, "shape": "circle"}, {"id": "val_00031574", "group": 1.0, "part": 3, "shape": "circle"}, {"id": "val_00023822", "group": 1.0, "part": 3, "shape": "circle"}, {"id": "val_00040929", "group": 1.0, "part": 3, "shape": "circle"}, {"id": "val_00032388", "group": 1.0, "part": 3, "shape": "circle"}, {"id": "val_00000803", "group": 1.0, "part": 3, "shape": "circle"}, {"id": "modem", "group": 4.0, "part": 3, "shape": "circle"}, {"id": "typewriter_keyboard", "group": 4.0, "part": 3, "shape": "circle"}, {"id": "laptop", "group": 4.0, "part": 3, "shape": "circle"}, {"id": "dial_telephone", "group": 4.0, "part": 3, "shape": "circle"}, {"id": "val_00017688", "group": 1.0, "part": 3, "shape": "circle"}, {"id": "joystick", "group": 4.0, "part": 3, "shape": "circle"}, {"id": "val_00015472", "group": 1.0, "part": 3, "shape": "circle"}, {"id": "val_00019032", "group": 1.0, "part": 3, "shape": "circle"}, {"id": "hand-held_computer", "group": 4.0, "part": 3, "shape": "circle"}, {"id": "space_bar", "group": 4.0, "part": 3, "shape": "circle"}], "links": [{"source": "abacus", "target": "val_00023822"}, {"source": "computer_keyboard", "target": "val_00000803"}, {"source": "computer_keyboard", "target": "val_00002175"}, {"source": "computer_keyboard", "target": "val_00010778"}, {"source": "computer_keyboard", "target": "val_00011928"}, {"source": "computer_keyboard", "target": "val_00014821"}, {"source": "computer_keyboard", "target": "val_00015472"}, {"source": "computer_keyboard", "target": "val_00016129"}, {"source": "computer_keyboard", "target": "val_00017688"}, {"source": "computer_keyboard", "target": "val_00019032"}, {"source": "computer_keyboard", "target": "val_00023822"}, {"source": "computer_keyboard", "target": "val_00024869"}, {"source": "computer_keyboard", "target": "val_00031574"}, {"source": "computer_keyboard", "target": "val_00032388"}, {"source": "computer_keyboard", "target": "val_00040929"}, {"source": "desk", "target": "val_00011928"}, {"source": "desk", "target": "val_00014821"}, {"source": "desk", "target": "val_00015472"}, {"source": "desk", "target": "val_00016129"}, {"source": "desktop_computer", "target": "val_00011928"}, {"source": "desktop_computer", "target": "val_00014821"}, {"source": "desktop_computer", "target": "val_00015472"}, {"source": "desktop_computer", "target": "val_00016129"}, {"source": "desktop_computer", "target": "val_00017688"}, {"source": "desktop_computer", "target": "val_00019032"}, {"source": "home_theater", "target": "val_00012376"}, {"source": "home_theater", "target": "val_00028157"}, {"source": "home_theater", "target": "val_00034501"}, {"source": "home_theater", "target": "val_00042152"}, {"source": "home_theater", "target": "val_00047803"}, {"source": "hoopskirt", "target": "val_00042152"}, {"source": "joystick", "target": "val_00015472"}, {"source": "joystick", "target": "val_00019032"}, {"source": "laptop", "target": "val_00011928"}, {"source": "laptop", "target": "val_00017688"}, {"source": "laptop", "target": "val_00019032"}, {"source": "modem", "target": "val_00015472"}, {"source": "modem", "target": "val_00017688"}, {"source": "modem", "target": "val_00019032"}, {"source": "monitor", "target": "val_00002175"}, {"source": "monitor", "target": "val_00006324"}, {"source": "monitor", "target": "val_00008286"}, {"source": "monitor", "target": "val_00010778"}, {"source": "monitor", "target": "val_00011928"}, {"source": "monitor", "target": "val_00014821"}, {"source": "monitor", "target": "val_00015472"}, {"source": "monitor", "target": "val_00016129"}, {"source": "monitor", "target": "val_00016800"}, {"source": "monitor", "target": "val_00024869"}, {"source": "monitor", "target": "val_00028157"}, {"source": "monitor", "target": "val_00032388"}, {"source": "monitor", "target": "val_00034501"}, {"source": "monitor", "target": "val_00042152"}, {"source": "monitor", "target": "val_00045627"}, {"source": "mouse", "target": "val_00000803"}, {"source": "mouse", "target": "val_00002175"}, {"source": "mouse", "target": "val_00010778"}, {"source": "mouse", "target": "val_00011928"}, {"source": "mouse", "target": "val_00014821"}, {"source": "mouse", "target": "val_00015472"}, {"source": "mouse", "target": "val_00016129"}, {"source": "mouse", "target": "val_00019032"}, {"source": "mousetrap", "target": "val_00040929"}, {"source": "notebook", "target": "val_00000803"}, {"source": "notebook", "target": "val_00008286"}, {"source": "notebook", "target": "val_00010778"}, {"source": "notebook", "target": "val_00011928"}, {"source": "notebook", "target": "val_00016129"}, {"source": "notebook", "target": "val_00017688"}, {"source": "notebook", "target": "val_00019032"}, {"source": "notebook", "target": "val_00024869"}, {"source": "notebook", "target": "val_00031574"}, {"source": "notebook", "target": "val_00032388"}, {"source": "notebook", "target": "val_00034501"}, {"source": "notebook", "target": "val_00035446"}, {"source": "notebook", "target": "val_00040929"}, {"source": "notebook", "target": "val_00045627"}, {"source": "printer", "target": "val_00002175"}, {"source": "printer", "target": "val_00011928"}, {"source": "printer", "target": "val_00014821"}, {"source": "printer", "target": "val_00015472"}, {"source": "printer", "target": "val_00016129"}, {"source": "printer", "target": "val_00023822"}, {"source": "printer", "target": "val_00035446"}, {"source": "printer", "target": "val_00041349"}, {"source": "screen", "target": "val_00002175"}, {"source": "screen", "target": "val_00006324"}, {"source": "screen", "target": "val_00008286"}, {"source": "screen", "target": "val_00010778"}, {"source": "screen", "target": "val_00011928"}, {"source": "screen", "target": "val_00014821"}, {"source": "screen", "target": "val_00015472"}, {"source": "screen", "target": "val_00016129"}, {"source": "screen", "target": "val_00017688"}, {"source": "screen", "target": "val_00024869"}, {"source": "screen", "target": "val_00028157"}, {"source": "screen", "target": "val_00031574"}, {"source": "screen", "target": "val_00032388"}, {"source": "screen", "target": "val_00034501"}, {"source": "screen", "target": "val_00042152"}, {"source": "screen", "target": "val_00045627"}, {"source": "television", "target": "val_00008286"}, {"source": "television", "target": "val_00024869"}, {"source": "television", "target": "val_00034501"}, {"source": "television", "target": "val_00042152"}, {"source": "typewriter_keyboard", "target": "val_00019032"}, {"source": "val_00000660", "target": "computer_keyboard"}, {"source": "val_00000660", "target": "desk"}, {"source": "val_00000660", "target": "desktop_computer"}, {"source": "val_00000660", "target": "joystick"}, {"source": "val_00000660", "target": "laptop"}, {"source": "val_00000660", "target": "mouse"}, {"source": "val_00000660", "target": "notebook"}, {"source": "val_00000803", "target": "joystick"}, {"source": "val_00000803", "target": "laptop"}, {"source": "val_00000803", "target": "modem"}, {"source": "val_00000803", "target": "space_bar"}, {"source": "val_00000803", "target": "typewriter_keyboard"}, {"source": "val_00002175", "target": "desk"}, {"source": "val_00002175", "target": "desktop_computer"}, {"source": "val_00002175", "target": "space_heater"}, {"source": "val_00006324", "target": "computer_keyboard"}, {"source": "val_00006324", "target": "desk"}, {"source": "val_00006324", "target": "desktop_computer"}, {"source": "val_00006324", "target": "joystick"}, {"source": "val_00006324", "target": "mouse"}, {"source": "val_00006324", "target": "notebook"}, {"source": "val_00006324", "target": "web_site"}, {"source": "val_00008286", "target": "computer_keyboard"}, {"source": "val_00008286", "target": "desk"}, {"source": "val_00008286", "target": "desktop_computer"}, {"source": "val_00008286", "target": "mouse"}, {"source": "val_00010778", "target": "desk"}, {"source": "val_00010778", "target": "desktop_computer"}, {"source": "val_00010778", "target": "laptop"}, {"source": "val_00012376", "target": "entertainment_center"}, {"source": "val_00012376", "target": "monitor"}, {"source": "val_00012376", "target": "screen"}, {"source": "val_00012376", "target": "television"}, {"source": "val_00015472", "target": "space_bar"}, {"source": "val_00016800", "target": "computer_keyboard"}, {"source": "val_00016800", "target": "desk"}, {"source": "val_00016800", "target": "desktop_computer"}, {"source": "val_00016800", "target": "mouse"}, {"source": "val_00016800", "target": "notebook"}, {"source": "val_00016800", "target": "printer"}, {"source": "val_00016800", "target": "screen"}, {"source": "val_00017688", "target": "hand-held_computer"}, {"source": "val_00017688", "target": "space_bar"}, {"source": "val_00019032", "target": "space_bar"}, {"source": "val_00023822", "target": "dial_telephone"}, {"source": "val_00023822", "target": "laptop"}, {"source": "val_00023822", "target": "space_bar"}, {"source": "val_00023822", "target": "typewriter_keyboard"}, {"source": "val_00024869", "target": "desk"}, {"source": "val_00024869", "target": "desktop_computer"}, {"source": "val_00024869", "target": "hand-held_computer"}, {"source": "val_00024869", "target": "laptop"}, {"source": "val_00024869", "target": "modem"}, {"source": "val_00028157", "target": "computer_keyboard"}, {"source": "val_00028157", "target": "desk"}, {"source": "val_00028157", "target": "desktop_computer"}, {"source": "val_00028157", "target": "entertainment_center"}, {"source": "val_00028157", "target": "mouse"}, {"source": "val_00030962", "target": "printer"}, {"source": "val_00030962", "target": "space_heater"}, {"source": "val_00031574", "target": "desktop_computer"}, {"source": "val_00031574", "target": "hand-held_computer"}, {"source": "val_00031574", "target": "laptop"}, {"source": "val_00031574", "target": "modem"}, {"source": "val_00031574", "target": "mouse"}, {"source": "val_00031574", "target": "space_bar"}, {"source": "val_00031574", "target": "typewriter_keyboard"}, {"source": "val_00032388", "target": "desktop_computer"}, {"source": "val_00032388", "target": "hand-held_computer"}, {"source": "val_00032388", "target": "laptop"}, {"source": "val_00032388", "target": "modem"}, {"source": "val_00032388", "target": "space_bar"}, {"source": "val_00034501", "target": "desktop_computer"}, {"source": "val_00035446", "target": "computer_keyboard"}, {"source": "val_00035446", "target": "desktop_computer"}, {"source": "val_00035446", "target": "hand-held_computer"}, {"source": "val_00035446", "target": "joystick"}, {"source": "val_00035446", "target": "laptop"}, {"source": "val_00035446", "target": "mouse"}, {"source": "val_00035446", "target": "space_bar"}, {"source": "val_00035446", "target": "typewriter_keyboard"}, {"source": "val_00037760", "target": "desktop_computer"}, {"source": "val_00037760", "target": "laptop"}, {"source": "val_00037760", "target": "monitor"}, {"source": "val_00037760", "target": "mouse"}, {"source": "val_00037760", "target": "notebook"}, {"source": "val_00037760", "target": "web_site"}, {"source": "val_00040929", "target": "joystick"}, {"source": "val_00040929", "target": "laptop"}, {"source": "val_00040929", "target": "modem"}, {"source": "val_00040929", "target": "mouse"}, {"source": "val_00040929", "target": "space_bar"}, {"source": "val_00040929", "target": "typewriter_keyboard"}, {"source": "val_00041349", "target": "computer_keyboard"}, {"source": "val_00041349", "target": "laptop"}, {"source": "val_00041349", "target": "mouse"}, {"source": "val_00041349", "target": "notebook"}, {"source": "val_00041349", "target": "space_bar"}, {"source": "val_00042152", "target": "entertainment_center"}, {"source": "val_00042152", "target": "overskirt"}, {"source": "val_00043547", "target": "abacus"}, {"source": "val_00043547", "target": "computer_keyboard"}, {"source": "val_00043547", "target": "dial_telephone"}, {"source": "val_00043547", "target": "printer"}, {"source": "val_00043547", "target": "space_bar"}, {"source": "val_00043547", "target": "typewriter_keyboard"}, {"source": "val_00045627", "target": "desk"}, {"source": "val_00045627", "target": "desktop_computer"}, {"source": "val_00045627", "target": "laptop"}, {"source": "val_00045627", "target": "mouse"}, {"source": "val_00047569", "target": "hand-held_computer"}, {"source": "val_00047569", "target": "modem"}, {"source": "val_00047569", "target": "mouse"}, {"source": "val_00047569", "target": "web_site"}, {"source": "val_00047803", "target": "desk"}, {"source": "val_00047803", "target": "desktop_computer"}, {"source": "val_00047803", "target": "entertainment_center"}, {"source": "val_00047803", "target": "modem"}, {"source": "val_00047803", "target": "monitor"}, {"source": "val_00047803", "target": "printer"}, {"source": "val_00047803", "target": "screen"}, {"source": "web_site", "target": "val_00010778"}, {"source": "web_site", "target": "val_00045627"}]}