{"nodes": [{"id": "American_alligator", "group": 4.0, "part": 0, "shape": "circle"}, {"id": "African_crocodile", "group": 4.0, "part": 0, "shape": "circle"}, {"id": "Komodo_dragon", "group": 4.0, "part": 0, "shape": "circle"}, {"id": "gar", "group": 4.0, "part": 0, "shape": "circle"}, {"id": "bustard", "group": 4.0, "part": 0, "shape": "circle"}, {"id": "val_00029415", "group": 1.0, "part": 0, "shape": "circle"}], "links": [{"source": "African_crocodile", "target": "val_00029415"}, {"source": "American_alligator", "target": "val_00029415"}, {"source": "Komodo_dragon", "target": "val_00029415"}, {"source": "bustard", "target": "val_00029415"}, {"source": "gar", "target": "val_00029415"}]}