{"nodes": [{"id": "meerkat", "group": 4.0, "part": 0, "shape": "circle"}, {"id": "val_00021645", "group": 1.0, "part": 0, "shape": "circle"}, {"id": "val_00008051", "group": 1.0, "part": 0, "shape": "circle"}, {"id": "mongoose", "group": 4.0, "part": 0, "shape": "circle"}, {"id": "Madagascar_cat", "group": 4.0, "part": 0, "shape": "circle"}, {"id": "val_00027435", "group": 1.0, "part": 1, "shape": "circle"}, {"id": "weasel", "group": 4.0, "part": 1, "shape": "circle"}, {"id": "acorn", "group": 4.0, "part": 1, "shape": "circle"}], "links": [{"source": "meerkat", "target": "val_00008051"}, {"source": "val_00008051", "target": "Madagascar_cat"}, {"source": "val_00008051", "target": "mongoose"}, {"source": "val_00008051", "target": "weasel"}, {"source": "val_00021645", "target": "Madagascar_cat"}, {"source": "val_00021645", "target": "mongoose"}, {"source": "val_00027435", "target": "acorn"}, {"source": "val_00027435", "target": "mongoose"}, {"source": "val_00027435", "target": "weasel"}]}