{"nodes": [{"id": "val_00020350", "group": 1.0, "part": 0, "shape": "circle"}, {"id": "street_sign", "group": 4.0, "part": 0, "shape": "circle"}, {"id": "cinema", "group": 4.0, "part": 0, "shape": "circle"}, {"id": "val_00001518", "group": 1.0, "part": 0, "shape": "circle"}, {"id": "barbershop", "group": 4.0, "part": 1, "shape": "circle"}, {"id": "val_00044898", "group": 1.0, "part": 1, "shape": "circle"}], "links": [{"source": "barbershop", "target": "val_00001518"}, {"source": "barbershop", "target": "val_00044898"}, {"source": "cinema", "target": "val_00001518"}, {"source": "cinema", "target": "val_00044898"}, {"source": "street_sign", "target": "val_00001518"}, {"source": "val_00020350", "target": "barbershop"}, {"source": "val_00020350", "target": "cinema"}, {"source": "val_00020350", "target": "street_sign"}]}