{"nodes": [{"id": "electric_fan", "group": 4.0, "part": 0, "shape": "circle"}, {"id": "ashcan", "group": 4.0, "part": 0, "shape": "circle"}, {"id": "val_00049892", "group": 1.0, "part": 0, "shape": "circle"}, {"id": "val_00031883", "group": 1.0, "part": 0, "shape": "circle"}, {"id": "water_tower", "group": 4.0, "part": 0, "shape": "circle"}, {"id": "disk_brake", "group": 4.0, "part": 0, "shape": "circle"}, {"id": "oil_filter", "group": 4.0, "part": 0, "shape": "circle"}, {"id": "diaper", "group": 4.0, "part": 1, "shape": "circle"}, {"id": "puck", "group": 4.0, "part": 1, "shape": "circle"}, {"id": "running_shoe", "group": 4.0, "part": 1, "shape": "circle"}, {"id": "val_00029142", "group": 1.0, "part": 1, "shape": "circle"}, {"id": "val_00041177", "group": 1.0, "part": 2, "shape": "circle"}, {"id": "chime", "group": 4.0, "part": 2, "shape": "circle"}, {"id": "marimba", "group": 4.0, "part": 2, "shape": "circle"}, {"id": "steel_drum", "group": 4.0, "part": 2, "shape": "circle"}, {"id": "fire_screen", "group": 4.0, "part": 3, "shape": "circle"}, {"id": "barrel", "group": 4.0, "part": 3, "shape": "circle"}, {"id": "val_00024238", "group": 1.0, "part": 3, "shape": "circle"}], "links": [{"source": "ashcan", "target": "val_00031883"}, {"source": "ashcan", "target": "val_00049892"}, {"source": "barrel", "target": "val_00024238"}, {"source": "barrel", "target": "val_00031883"}, {"source": "diaper", "target": "val_00029142"}, {"source": "electric_fan", "target": "val_00049892"}, {"source": "fire_screen", "target": "val_00024238"}, {"source": "fire_screen", "target": "val_00049892"}, {"source": "puck", "target": "val_00024238"}, {"source": "puck", "target": "val_00029142"}, {"source": "running_shoe", "target": "val_00029142"}, {"source": "steel_drum", "target": "val_00024238"}, {"source": "val_00031883", "target": "oil_filter"}, {"source": "val_00031883", "target": "steel_drum"}, {"source": "val_00031883", "target": "water_tower"}, {"source": "val_00041177", "target": "chime"}, {"source": "val_00041177", "target": "marimba"}, {"source": "val_00041177", "target": "steel_drum"}, {"source": "val_00049892", "target": "disk_brake"}, {"source": "val_00049892", "target": "oil_filter"}]}