{"nodes": [{"id": "val_00037648", "group": 1.0, "part": 0, "shape": "circle"}, {"id": "kuvasz", "group": 4.0, "part": 0, "shape": "circle"}, {"id": "Samoyed", "group": 4.0, "part": 0, "shape": "circle"}, {"id": "Border_collie", "group": 4.0, "part": 1, "shape": "circle"}, {"id": "Saint_Bernard", "group": 4.0, "part": 1, "shape": "circle"}, {"id": "val_00035628", "group": 1.0, "part": 1, "shape": "circle"}, {"id": "val_00022990", "group": 1.0, "part": 1, "shape": "circle"}, {"id": "val_00045477", "group": 1.0, "part": 2, "shape": "circle"}, {"id": "Old_English_sheepdog", "group": 4.0, "part": 2, "shape": "circle"}], "links": [{"source": "Border_collie", "target": "val_00022990"}, {"source": "Border_collie", "target": "val_00035628"}, {"source": "Border_collie", "target": "val_00045477"}, {"source": "Saint_Bernard", "target": "val_00022990"}, {"source": "Saint_Bernard", "target": "val_00035628"}, {"source": "Saint_Bernard", "target": "val_00045477"}, {"source": "kuvasz", "target": "val_00035628"}, {"source": "val_00037648", "target": "Border_collie"}, {"source": "val_00037648", "target": "Old_English_sheepdog"}, {"source": "val_00037648", "target": "Saint_Bernard"}, {"source": "val_00037648", "target": "Samoyed"}, {"source": "val_00037648", "target": "kuvasz"}, {"source": "val_00045477", "target": "Old_English_sheepdog"}]}