{"nodes": [{"id": "val_00016078", "group": 1.0, "part": 1, "shape": "circle"}, {"id": "val_00034946", "group": 1.0, "part": 1, "shape": "circle"}, {"id": "corkscrew", "group": 4.0, "part": 1, "shape": "circle"}, {"id": "nail", "group": 4.0, "part": 1, "shape": "circle"}, {"id": "val_00048616", "group": 1.0, "part": 0, "shape": "circle"}, {"id": "screw", "group": 4.0, "part": 0, "shape": "circle"}, {"id": "hook", "group": 4.0, "part": 0, "shape": "circle"}], "links": [{"source": "val_00016078", "target": "corkscrew"}, {"source": "val_00016078", "target": "hook"}, {"source": "val_00016078", "target": "nail"}, {"source": "val_00016078", "target": "screw"}, {"source": "val_00034946", "target": "corkscrew"}, {"source": "val_00034946", "target": "nail"}, {"source": "val_00034946", "target": "screw"}, {"source": "val_00048616", "target": "hook"}, {"source": "val_00048616", "target": "nail"}, {"source": "val_00048616", "target": "screw"}]}