{"nodes": [{"id": "hammerhead", "group": 4.0, "part": 0, "shape": "circle"}, {"id": "tiger_shark", "group": 4.0, "part": 0, "shape": "circle"}, {"id": "scuba_diver", "group": 4.0, "part": 0, "shape": "circle"}, {"id": "dugong", "group": 4.0, "part": 0, "shape": "circle"}, {"id": "val_00042324", "group": 1.0, "part": 0, "shape": "circle"}], "links": [{"source": "dugong", "target": "val_00042324"}, {"source": "hammerhead", "target": "val_00042324"}, {"source": "scuba_diver", "target": "val_00042324"}, {"source": "tiger_shark", "target": "val_00042324"}]}