{"nodes": [{"id": "toilet_seat", "group": 4.0, "part": 0, "shape": "circle"}, {"id": "hand_blower", "group": 4.0, "part": 0, "shape": "circle"}, {"id": "val_00019217", "group": 1.0, "part": 0, "shape": "circle"}, {"id": "tub", "group": 4.0, "part": 0, "shape": "circle"}, {"id": "val_00023370", "group": 1.0, "part": 0, "shape": "circle"}], "links": [{"source": "hand_blower", "target": "val_00019217"}, {"source": "hand_blower", "target": "val_00023370"}, {"source": "toilet_seat", "target": "val_00019217"}, {"source": "toilet_seat", "target": "val_00023370"}, {"source": "tub", "target": "val_00023370"}, {"source": "val_00019217", "target": "tub"}]}