{"nodes": [{"id": "val_00005005", "group": 1.0, "part": 2, "shape": "circle"}, {"id": "umbrella", "group": 4.0, "part": 2, "shape": "circle"}, {"id": "val_00026657", "group": 1.0, "part": 2, "shape": "circle"}, {"id": "swimming_trunks", "group": 4.0, "part": 2, "shape": "circle"}, {"id": "val_00015740", "group": 1.0, "part": 2, "shape": "circle"}, {"id": "val_00015053", "group": 1.0, "part": 2, "shape": "circle"}, {"id": "brassiere", "group": 4.0, "part": 2, "shape": "circle"}, {"id": "sarong", "group": 4.0, "part": 2, "shape": "circle"}, {"id": "val_00003067", "group": 1.0, "part": 1, "shape": "circle"}, {"id": "val_00035282", "group": 1.0, "part": 1, "shape": "circle"}, {"id": "maillot", "group": 4.0, "part": 1, "shape": "circle"}, {"id": "gown", "group": 4.0, "part": 1, "shape": "circle"}, {"id": "val_00031620", "group": 1.0, "part": 3, "shape": "circle"}, {"id": "sandbar", "group": 4.0, "part": 3, "shape": "circle"}, {"id": "snorkel", "group": 4.0, "part": 3, "shape": "circle"}, {"id": "val_00009816", "group": 1.0, "part": 3, "shape": "circle"}, {"id": "val_00010549", "group": 1.0, "part": 3, "shape": "circle"}, {"id": "bathing_cap", "group": 4.0, "part": 4, "shape": "circle"}, {"id": "val_00028561", "group": 1.0, "part": 4, "shape": "circle"}, {"id": "val_00023079", "group": 1.0, "part": 4, "shape": "circle"}, {"id": "val_00006538", "group": 1.0, "part": 4, "shape": "circle"}, {"id": "Mexican_hairless", "group": 4.0, "part": 4, "shape": "circle"}, {"id": "bikini", "group": 4.0, "part": 4, "shape": "circle"}, {"id": "val_00026276", "group": 1.0, "part": 4, "shape": "circle"}, {"id": "rugby_ball", "group": 4.0, "part": 0, "shape": "circle"}, {"id": "val_00009595", "group": 1.0, "part": 0, "shape": "circle"}], "links": [{"source": "bathing_cap", "target": "val_00006538"}, {"source": "bathing_cap", "target": "val_00009816"}, {"source": "bathing_cap", "target": "val_00015053"}, {"source": "bathing_cap", "target": "val_00023079"}, {"source": "bathing_cap", "target": "val_00026276"}, {"source": "bathing_cap", "target": "val_00028561"}, {"source": "bathing_cap", "target": "val_00035282"}, {"source": "bikini", "target": "val_00009595"}, {"source": "bikini", "target": "val_00026276"}, {"source": "brassiere", "target": "val_00009816"}, {"source": "maillot", "target": "val_00006538"}, {"source": "maillot", "target": "val_00009595"}, {"source": "maillot", "target": "val_00009816"}, {"source": "maillot", "target": "val_00010549"}, {"source": "maillot", "target": "val_00015053"}, {"source": "maillot", "target": "val_00026276"}, {"source": "rugby_ball", "target": "val_00009595"}, {"source": "sandbar", "target": "val_00009595"}, {"source": "sandbar", "target": "val_00009816"}, {"source": "sandbar", "target": "val_00010549"}, {"source": "snorkel", "target": "val_00009816"}, {"source": "snorkel", "target": "val_00010549"}, {"source": "snorkel", "target": "val_00026276"}, {"source": "swimming_trunks", "target": "val_00009595"}, {"source": "swimming_trunks", "target": "val_00009816"}, {"source": "swimming_trunks", "target": "val_00015053"}, {"source": "swimming_trunks", "target": "val_00015740"}, {"source": "swimming_trunks", "target": "val_00026276"}, {"source": "umbrella", "target": "val_00015740"}, {"source": "val_00003067", "target": "bikini"}, {"source": "val_00003067", "target": "brassiere"}, {"source": "val_00003067", "target": "gown"}, {"source": "val_00003067", "target": "maillot"}, {"source": "val_00005005", "target": "bathing_cap"}, {"source": "val_00005005", "target": "bikini"}, {"source": "val_00005005", "target": "maillot"}, {"source": "val_00005005", "target": "sarong"}, {"source": "val_00005005", "target": "swimming_trunks"}, {"source": "val_00005005", "target": "umbrella"}, {"source": "val_00006538", "target": "Mexican_hairless"}, {"source": "val_00006538", "target": "bikini"}, {"source": "val_00006538", "target": "snorkel"}, {"source": "val_00009816", "target": "bikini"}, {"source": "val_00010549", "target": "bikini"}, {"source": "val_00010549", "target": "sarong"}, {"source": "val_00015053", "target": "bikini"}, {"source": "val_00015053", "target": "brassiere"}, {"source": "val_00015053", "target": "sarong"}, {"source": "val_00015740", "target": "bikini"}, {"source": "val_00015740", "target": "sandbar"}, {"source": "val_00023079", "target": "bikini"}, {"source": "val_00023079", "target": "maillot"}, {"source": "val_00026657", "target": "bikini"}, {"source": "val_00026657", "target": "brassiere"}, {"source": "val_00026657", "target": "maillot"}, {"source": "val_00026657", "target": "sarong"}, {"source": "val_00026657", "target": "swimming_trunks"}, {"source": "val_00028561", "target": "bikini"}, {"source": "val_00028561", "target": "maillot"}, {"source": "val_00028561", "target": "snorkel"}, {"source": "val_00031620", "target": "bathing_cap"}, {"source": "val_00031620", "target": "maillot"}, {"source": "val_00031620", "target": "snorkel"}, {"source": "val_00031620", "target": "swimming_trunks"}, {"source": "val_00035282", "target": "gown"}, {"source": "val_00035282", "target": "maillot"}, {"source": "val_00035282", "target": "sarong"}]}