{"nodes": [{"id": "val_00039821", "group": 1.0, "part": 0, "shape": "circle"}, {"id": "val_00020400", "group": 1.0, "part": 0, "shape": "circle"}, {"id": "val_00010126", "group": 1.0, "part": 0, "shape": "circle"}, {"id": "val_00042982", "group": 1.0, "part": 0, "shape": "circle"}, {"id": "tape_player", "group": 4.0, "part": 0, "shape": "circle"}, {"id": "iPod", "group": 4.0, "part": 0, "shape": "circle"}, {"id": "loudspeaker", "group": 4.0, "part": 0, "shape": "circle"}], "links": [{"source": "val_00010126", "target": "iPod"}, {"source": "val_00010126", "target": "loudspeaker"}, {"source": "val_00010126", "target": "tape_player"}, {"source": "val_00020400", "target": "iPod"}, {"source": "val_00020400", "target": "loudspeaker"}, {"source": "val_00020400", "target": "tape_player"}, {"source": "val_00039821", "target": "iPod"}, {"source": "val_00039821", "target": "loudspeaker"}, {"source": "val_00039821", "target": "tape_player"}, {"source": "val_00042982", "target": "iPod"}, {"source": "val_00042982", "target": "loudspeaker"}, {"source": "val_00042982", "target": "tape_player"}]}