{"nodes": [{"id": "assault_rifle", "group": 4.0, "part": 0, "shape": "circle"}, {"id": "val_00036488", "group": 1.0, "part": 0, "shape": "circle"}, {"id": "holster", "group": 4.0, "part": 0, "shape": "circle"}, {"id": "rifle", "group": 4.0, "part": 1, "shape": "circle"}, {"id": "gasmask", "group": 4.0, "part": 1, "shape": "circle"}, {"id": "val_00041685", "group": 1.0, "part": 1, "shape": "circle"}, {"id": "val_00026746", "group": 1.0, "part": 1, "shape": "circle"}, {"id": "bulletproof_vest", "group": 4.0, "part": 1, "shape": "circle"}], "links": [{"source": "assault_rifle", "target": "val_00026746"}, {"source": "assault_rifle", "target": "val_00036488"}, {"source": "assault_rifle", "target": "val_00041685"}, {"source": "gasmask", "target": "val_00026746"}, {"source": "gasmask", "target": "val_00041685"}, {"source": "rifle", "target": "val_00026746"}, {"source": "rifle", "target": "val_00036488"}, {"source": "rifle", "target": "val_00041685"}, {"source": "val_00026746", "target": "bulletproof_vest"}, {"source": "val_00026746", "target": "holster"}, {"source": "val_00036488", "target": "holster"}, {"source": "val_00041685", "target": "bulletproof_vest"}, {"source": "val_00041685", "target": "holster"}]}