{"val_00020049": "/img/ILSVRC2012_val_00020049.JPEG", "miniature_pinscher": "/img/None", "val_00032746": "/img/ILSVRC2012_val_00032746.JPEG", "Staffordshire_bullterrier": "/img/None", "val_00022240": "/img/ILSVRC2012_val_00022240.JPEG", "Doberman": "/img/None", "val_00045109": "/img/ILSVRC2012_val_00045109.JPEG", "val_00011381": "/img/ILSVRC2012_val_00011381.JPEG", "val_00007915": "/img/ILSVRC2012_val_00007915.JPEG", "American_Staffordshire_terrier": "/img/None", "Rhodesian_ridgeback": "/img/None", "bull_mastiff": "/img/None"}