{"nodes": [{"id": "water_jug", "group": 4.0, "part": 0, "shape": "circle"}, {"id": "val_00022580", "group": 1.0, "part": 0, "shape": "circle"}, {"id": "strainer", "group": 4.0, "part": 0, "shape": "circle"}, {"id": "val_00040142", "group": 1.0, "part": 0, "shape": "circle"}, {"id": "val_00030880", "group": 1.0, "part": 0, "shape": "circle"}, {"id": "val_00044030", "group": 1.0, "part": 1, "shape": "circle"}, {"id": "val_00028753", "group": 1.0, "part": 1, "shape": "circle"}, {"id": "toaster", "group": 4.0, "part": 1, "shape": "circle"}, {"id": "espresso_maker", "group": 4.0, "part": 1, "shape": "circle"}, {"id": "coffeepot", "group": 4.0, "part": 2, "shape": "circle"}, {"id": "val_00041481", "group": 1.0, "part": 2, "shape": "circle"}], "links": [{"source": "coffeepot", "target": "val_00028753"}, {"source": "coffeepot", "target": "val_00030880"}, {"source": "coffeepot", "target": "val_00041481"}, {"source": "espresso_maker", "target": "val_00030880"}, {"source": "strainer", "target": "val_00030880"}, {"source": "strainer", "target": "val_00040142"}, {"source": "toaster", "target": "val_00030880"}, {"source": "val_00022580", "target": "coffeepot"}, {"source": "val_00022580", "target": "espresso_maker"}, {"source": "val_00022580", "target": "strainer"}, {"source": "val_00028753", "target": "espresso_maker"}, {"source": "val_00028753", "target": "toaster"}, {"source": "val_00040142", "target": "coffeepot"}, {"source": "val_00040142", "target": "toaster"}, {"source": "val_00041481", "target": "espresso_maker"}, {"source": "val_00044030", "target": "coffeepot"}, {"source": "val_00044030", "target": "espresso_maker"}, {"source": "val_00044030", "target": "toaster"}, {"source": "water_jug", "target": "val_00022580"}, {"source": "water_jug", "target": "val_00028753"}, {"source": "water_jug", "target": "val_00030880"}, {"source": "water_jug", "target": "val_00040142"}, {"source": "water_jug", "target": "val_00041481"}]}