{"nodes": [{"id": "val_00019842", "group": 1.0, "part": 0, "shape": "circle"}, {"id": "nematode", "group": 4.0, "part": 0, "shape": "circle"}, {"id": "centipede", "group": 4.0, "part": 0, "shape": "circle"}, {"id": "Petri_dish", "group": 4.0, "part": 0, "shape": "circle"}, {"id": "flatworm", "group": 4.0, "part": 0, "shape": "circle"}, {"id": "val_00041213", "group": 1.0, "part": 0, "shape": "circle"}, {"id": "ant", "group": 4.0, "part": 0, "shape": "circle"}, {"id": "val_00000418", "group": 1.0, "part": 2, "shape": "circle"}, {"id": "stinkhorn", "group": 4.0, "part": 2, "shape": "circle"}, {"id": "damselfly", "group": 4.0, "part": 2, "shape": "circle"}, {"id": "lacewing", "group": 4.0, "part": 2, "shape": "circle"}, {"id": "val_00038818", "group": 1.0, "part": 2, "shape": "circle"}, {"id": "fly", "group": 4.0, "part": 2, "shape": "circle"}, {"id": "dragonfly", "group": 4.0, "part": 2, "shape": "circle"}, {"id": "bee", "group": 4.0, "part": 1, "shape": "circle"}, {"id": "cockroach", "group": 4.0, "part": 1, "shape": "circle"}, {"id": "val_00011867", "group": 1.0, "part": 1, "shape": "circle"}], "links": [{"source": "Petri_dish", "target": "val_00041213"}, {"source": "ant", "target": "val_00011867"}, {"source": "bee", "target": "val_00011867"}, {"source": "bee", "target": "val_00038818"}, {"source": "centipede", "target": "val_00041213"}, {"source": "cockroach", "target": "val_00011867"}, {"source": "cockroach", "target": "val_00038818"}, {"source": "cockroach", "target": "val_00041213"}, {"source": "lacewing", "target": "val_00038818"}, {"source": "stinkhorn", "target": "val_00038818"}, {"source": "val_00000418", "target": "damselfly"}, {"source": "val_00000418", "target": "dragonfly"}, {"source": "val_00000418", "target": "fly"}, {"source": "val_00000418", "target": "lacewing"}, {"source": "val_00019842", "target": "Petri_dish"}, {"source": "val_00019842", "target": "ant"}, {"source": "val_00019842", "target": "bee"}, {"source": "val_00019842", "target": "centipede"}, {"source": "val_00019842", "target": "dragonfly"}, {"source": "val_00019842", "target": "flatworm"}, {"source": "val_00019842", "target": "fly"}, {"source": "val_00019842", "target": "lacewing"}, {"source": "val_00019842", "target": "nematode"}, {"source": "val_00038818", "target": "ant"}, {"source": "val_00038818", "target": "dragonfly"}, {"source": "val_00038818", "target": "fly"}, {"source": "val_00041213", "target": "ant"}]}