{"nodes": [{"id": "val_00029488", "group": 1.0, "part": 0, "shape": "circle"}, {"id": "screwdriver", "group": 4.0, "part": 0, "shape": "circle"}, {"id": "val_00046400", "group": 1.0, "part": 0, "shape": "circle"}, {"id": "hammer", "group": 4.0, "part": 0, "shape": "circle"}, {"id": "hatchet", "group": 4.0, "part": 0, "shape": "circle"}], "links": [{"source": "screwdriver", "target": "val_00046400"}, {"source": "val_00029488", "target": "hammer"}, {"source": "val_00029488", "target": "hatchet"}, {"source": "val_00029488", "target": "screwdriver"}, {"source": "val_00046400", "target": "hammer"}, {"source": "val_00046400", "target": "hatchet"}]}