{"nodes": [{"id": "ladybug", "group": 4.0, "part": 0, "shape": "circle"}, {"id": "buckeye", "group": 4.0, "part": 0, "shape": "circle"}, {"id": "park_bench", "group": 4.0, "part": 0, "shape": "circle"}, {"id": "val_00000192", "group": 1.0, "part": 0, "shape": "circle"}, {"id": "leaf_beetle", "group": 4.0, "part": 0, "shape": "circle"}], "links": [{"source": "buckeye", "target": "val_00000192"}, {"source": "ladybug", "target": "val_00000192"}, {"source": "park_bench", "target": "val_00000192"}, {"source": "val_00000192", "target": "leaf_beetle"}]}