{"acoustic_guitar": "/img/None", "stage": "/img/None", "electric_guitar": "/img/None", "val_00015866": "/img/ILSVRC2012_val_00015866.JPEG", "val_00013005": "/img/ILSVRC2012_val_00013005.JPEG", "cello": "/img/None", "val_00013495": "/img/ILSVRC2012_val_00013495.JPEG", "violin": "/img/None", "banjo": "/img/None", "val_00029858": "/img/ILSVRC2012_val_00029858.JPEG", "maraca": "/img/None", "drumstick": "/img/None", "feather_boa": "/img/None", "val_00028510": "/img/ILSVRC2012_val_00028510.JPEG", "val_00021856": "/img/ILSVRC2012_val_00021856.JPEG", "microphone": "/img/None", "accordion": "/img/None", "val_00009475": "/img/ILSVRC2012_val_00009475.JPEG", "upright": "/img/None", "pick": "/img/None", "harmonica": "/img/None", "val_00035064": "/img/ILSVRC2012_val_00035064.JPEG", "stethoscope": "/img/None"}