{"nodes": [{"id": "val_00005247", "group": 1.0, "part": 0, "shape": "circle"}, {"id": "val_00023639", "group": 1.0, "part": 0, "shape": "circle"}, {"id": "half_track", "group": 4.0, "part": 0, "shape": "circle"}, {"id": "mortar", "group": 4.0, "part": 0, "shape": "circle"}, {"id": "revolver", "group": 4.0, "part": 0, "shape": "circle"}], "links": [{"source": "val_00005247", "target": "half_track"}, {"source": "val_00005247", "target": "mortar"}, {"source": "val_00005247", "target": "revolver"}, {"source": "val_00023639", "target": "half_track"}, {"source": "val_00023639", "target": "mortar"}, {"source": "val_00023639", "target": "revolver"}]}