{"nodes": [{"id": "val_00022583", "group": 1.0, "part": 0, "shape": "circle"}, {"id": "microwave", "group": 4.0, "part": 0, "shape": "circle"}, {"id": "waffle_iron", "group": 4.0, "part": 0, "shape": "circle"}, {"id": "val_00022454", "group": 1.0, "part": 0, "shape": "circle"}, {"id": "val_00025541", "group": 1.0, "part": 1, "shape": "circle"}, {"id": "val_00020891", "group": 1.0, "part": 1, "shape": "circle"}, {"id": "washer", "group": 4.0, "part": 1, "shape": "circle"}, {"id": "dishwasher", "group": 4.0, "part": 1, "shape": "circle"}, {"id": "val_00038108", "group": 1.0, "part": 2, "shape": "circle"}, {"id": "rotisserie", "group": 4.0, "part": 2, "shape": "circle"}, {"id": "stove", "group": 4.0, "part": 2, "shape": "circle"}], "links": [{"source": "dishwasher", "target": "val_00022454"}, {"source": "microwave", "target": "val_00022454"}, {"source": "rotisserie", "target": "val_00022454"}, {"source": "val_00020891", "target": "dishwasher"}, {"source": "val_00020891", "target": "washer"}, {"source": "val_00022454", "target": "stove"}, {"source": "val_00022583", "target": "microwave"}, {"source": "val_00022583", "target": "waffle_iron"}, {"source": "val_00025541", "target": "dishwasher"}, {"source": "val_00025541", "target": "microwave"}, {"source": "val_00025541", "target": "stove"}, {"source": "val_00025541", "target": "washer"}, {"source": "val_00038108", "target": "dishwasher"}, {"source": "val_00038108", "target": "microwave"}, {"source": "val_00038108", "target": "rotisserie"}, {"source": "val_00038108", "target": "stove"}, {"source": "waffle_iron", "target": "val_00022454"}]}