{"nodes": [{"id": "val_00028488", "group": 1.0, "part": 0, "shape": "circle"}, {"id": "house_finch", "group": 4.0, "part": 0, "shape": "circle"}, {"id": "minibus", "group": 4.0, "part": 0, "shape": "circle"}, {"id": "junco", "group": 4.0, "part": 0, "shape": "circle"}, {"id": "robin", "group": 4.0, "part": 0, "shape": "circle"}, {"id": "limousine", "group": 4.0, "part": 1, "shape": "circle"}, {"id": "val_00025204", "group": 1.0, "part": 1, "shape": "circle"}, {"id": "car_mirror", "group": 4.0, "part": 1, "shape": "circle"}, {"id": "bullet_train", "group": 4.0, "part": 1, "shape": "circle"}], "links": [{"source": "limousine", "target": "val_00025204"}, {"source": "minibus", "target": "val_00025204"}, {"source": "val_00025204", "target": "bullet_train"}, {"source": "val_00025204", "target": "car_mirror"}, {"source": "val_00028488", "target": "car_mirror"}, {"source": "val_00028488", "target": "house_finch"}, {"source": "val_00028488", "target": "junco"}, {"source": "val_00028488", "target": "minibus"}, {"source": "val_00028488", "target": "robin"}]}