{"nodes": [{"id": "earthstar", "group": 4.0, "part": 0, "shape": "circle"}, {"id": "sloth_bear", "group": 4.0, "part": 0, "shape": "circle"}, {"id": "val_00027563", "group": 1.0, "part": 0, "shape": "circle"}, {"id": "king_penguin", "group": 4.0, "part": 0, "shape": "circle"}, {"id": "bison", "group": 4.0, "part": 0, "shape": "circle"}], "links": [{"source": "earthstar", "target": "val_00027563"}, {"source": "sloth_bear", "target": "val_00027563"}, {"source": "val_00027563", "target": "bison"}, {"source": "val_00027563", "target": "king_penguin"}]}