{"nodes": [{"id": "val_00015335", "group": 1.0, "part": 0, "shape": "circle"}, {"id": "cocktail_shaker", "group": 4.0, "part": 0, "shape": "circle"}, {"id": "val_00034375", "group": 1.0, "part": 1, "shape": "circle"}, {"id": "goblet", "group": 4.0, "part": 1, "shape": "circle"}], "links": [{"source": "val_00015335", "target": "cocktail_shaker"}, {"source": "val_00015335", "target": "goblet"}, {"source": "val_00034375", "target": "cocktail_shaker"}, {"source": "val_00034375", "target": "goblet"}]}