{"nodes": [{"id": "val_00024102", "group": 1.0, "part": 0, "shape": "circle"}, {"id": "axolotl", "group": 4.0, "part": 0, "shape": "circle"}, {"id": "alligator_lizard", "group": 4.0, "part": 0, "shape": "circle"}, {"id": "eft", "group": 4.0, "part": 0, "shape": "circle"}, {"id": "val_00030918", "group": 1.0, "part": 0, "shape": "circle"}], "links": [{"source": "alligator_lizard", "target": "val_00030918"}, {"source": "axolotl", "target": "val_00030918"}, {"source": "eft", "target": "val_00030918"}, {"source": "val_00024102", "target": "alligator_lizard"}, {"source": "val_00024102", "target": "axolotl"}, {"source": "val_00024102", "target": "eft"}]}