{"nodes": [{"id": "porcupine", "group": 4.0, "part": 0, "shape": "circle"}, {"id": "Gila_monster", "group": 4.0, "part": 0, "shape": "circle"}, {"id": "platypus", "group": 4.0, "part": 0, "shape": "circle"}, {"id": "val_00012165", "group": 1.0, "part": 0, "shape": "circle"}, {"id": "sea_urchin", "group": 4.0, "part": 0, "shape": "circle"}, {"id": "echidna", "group": 4.0, "part": 0, "shape": "circle"}], "links": [{"source": "Gila_monster", "target": "val_00012165"}, {"source": "platypus", "target": "val_00012165"}, {"source": "porcupine", "target": "val_00012165"}, {"source": "val_00012165", "target": "echidna"}, {"source": "val_00012165", "target": "sea_urchin"}]}