{"nodes": [{"id": "African_hunting_dog", "group": 4.0, "part": 0, "shape": "circle"}, {"id": "hog", "group": 4.0, "part": 0, "shape": "circle"}, {"id": "val_00041495", "group": 1.0, "part": 0, "shape": "circle"}, {"id": "gorilla", "group": 4.0, "part": 0, "shape": "circle"}, {"id": "boathouse", "group": 4.0, "part": 1, "shape": "circle"}, {"id": "val_00001280", "group": 1.0, "part": 1, "shape": "circle"}, {"id": "val_00044500", "group": 1.0, "part": 1, "shape": "circle"}, {"id": "water_buffalo", "group": 4.0, "part": 1, "shape": "circle"}, {"id": "ox", "group": 4.0, "part": 1, "shape": "circle"}], "links": [{"source": "African_hunting_dog", "target": "val_00041495"}, {"source": "boathouse", "target": "val_00044500"}, {"source": "hog", "target": "val_00041495"}, {"source": "val_00001280", "target": "ox"}, {"source": "val_00001280", "target": "water_buffalo"}, {"source": "val_00041495", "target": "gorilla"}, {"source": "val_00041495", "target": "ox"}, {"source": "val_00041495", "target": "water_buffalo"}, {"source": "val_00044500", "target": "ox"}, {"source": "val_00044500", "target": "water_buffalo"}]}