{"nodes": [{"id": "val_00004000", "group": 1.0, "part": 0, "shape": "circle"}, {"id": "soup_bowl", "group": 4.0, "part": 0, "shape": "circle"}, {"id": "val_00004837", "group": 1.0, "part": 0, "shape": "circle"}, {"id": "Dutch_oven", "group": 4.0, "part": 0, "shape": "circle"}, {"id": "val_00004525", "group": 1.0, "part": 0, "shape": "circle"}, {"id": "Crock_Pot", "group": 4.0, "part": 0, "shape": "circle"}, {"id": "hot_pot", "group": 4.0, "part": 0, "shape": "circle"}, {"id": "val_00017886", "group": 1.0, "part": 0, "shape": "circle"}, {"id": "caldron", "group": 4.0, "part": 0, "shape": "circle"}, {"id": "consomme", "group": 4.0, "part": 0, "shape": "circle"}, {"id": "val_00047825", "group": 1.0, "part": 0, "shape": "circle"}, {"id": "carbonara", "group": 4.0, "part": 0, "shape": "circle"}, {"id": "val_00018486", "group": 1.0, "part": 0, "shape": "circle"}, {"id": "val_00026342", "group": 1.0, "part": 0, "shape": "circle"}, {"id": "wok", "group": 4.0, "part": 0, "shape": "circle"}, {"id": "val_00009880", "group": 1.0, "part": 1, "shape": "circle"}, {"id": "ladle", "group": 4.0, "part": 1, "shape": "circle"}, {"id": "val_00002947", "group": 1.0, "part": 1, "shape": "circle"}, {"id": "val_00031469", "group": 1.0, "part": 1, "shape": "circle"}, {"id": "val_00033430", "group": 1.0, "part": 1, "shape": "circle"}, {"id": "val_00005374", "group": 1.0, "part": 1, "shape": "circle"}, {"id": "val_00040118", "group": 1.0, "part": 1, "shape": "circle"}, {"id": "mixing_bowl", "group": 4.0, "part": 1, "shape": "circle"}, {"id": "spatula", "group": 4.0, "part": 1, "shape": "circle"}, {"id": "wooden_spoon", "group": 4.0, "part": 1, "shape": "circle"}, {"id": "frying_pan", "group": 4.0, "part": 1, "shape": "circle"}, {"id": "val_00008845", "group": 1.0, "part": 1, "shape": "circle"}, {"id": "rotisserie", "group": 4.0, "part": 3, "shape": "circle"}, {"id": "val_00020891", "group": 1.0, "part": 3, "shape": "circle"}, {"id": "val_00038108", "group": 1.0, "part": 3, "shape": "circle"}, {"id": "dishwasher", "group": 4.0, "part": 3, "shape": "circle"}, {"id": "val_00022454", "group": 1.0, "part": 3, "shape": "circle"}, {"id": "stove", "group": 4.0, "part": 3, "shape": "circle"}, {"id": "val_00022583", "group": 1.0, "part": 3, "shape": "circle"}, {"id": "waffle_iron", "group": 4.0, "part": 3, "shape": "circle"}, {"id": "microwave", "group": 4.0, "part": 3, "shape": "circle"}, {"id": "washer", "group": 4.0, "part": 3, "shape": "circle"}, {"id": "val_00025541", "group": 1.0, "part": 3, "shape": "circle"}, {"id": "iron", "group": 4.0, "part": 2, "shape": "circle"}, {"id": "val_00010868", "group": 1.0, "part": 2, "shape": "circle"}], "links": [{"source": "Crock_Pot", "target": "val_00017886"}, {"source": "Crock_Pot", "target": "val_00018486"}, {"source": "Crock_Pot", "target": "val_00025541"}, {"source": "Crock_Pot", "target": "val_00026342"}, {"source": "Dutch_oven", "target": "val_00004525"}, {"source": "Dutch_oven", "target": "val_00017886"}, {"source": "Dutch_oven", "target": "val_00018486"}, {"source": "Dutch_oven", "target": "val_00026342"}, {"source": "Dutch_oven", "target": "val_00031469"}, {"source": "Dutch_oven", "target": "val_00033430"}, {"source": "Dutch_oven", "target": "val_00047825"}, {"source": "caldron", "target": "val_00018486"}, {"source": "caldron", "target": "val_00026342"}, {"source": "caldron", "target": "val_00047825"}, {"source": "consomme", "target": "val_00018486"}, {"source": "consomme", "target": "val_00026342"}, {"source": "dishwasher", "target": "val_00022454"}, {"source": "dishwasher", "target": "val_00025541"}, {"source": "frying_pan", "target": "val_00008845"}, {"source": "frying_pan", "target": "val_00018486"}, {"source": "hot_pot", "target": "val_00017886"}, {"source": "hot_pot", "target": "val_00018486"}, {"source": "hot_pot", "target": "val_00026342"}, {"source": "iron", "target": "val_00010868"}, {"source": "iron", "target": "val_00040118"}, {"source": "ladle", "target": "val_00002947"}, {"source": "ladle", "target": "val_00004525"}, {"source": "ladle", "target": "val_00005374"}, {"source": "ladle", "target": "val_00008845"}, {"source": "ladle", "target": "val_00018486"}, {"source": "ladle", "target": "val_00025541"}, {"source": "ladle", "target": "val_00031469"}, {"source": "ladle", "target": "val_00033430"}, {"source": "ladle", "target": "val_00038108"}, {"source": "ladle", "target": "val_00040118"}, {"source": "microwave", "target": "val_00025541"}, {"source": "mixing_bowl", "target": "val_00008845"}, {"source": "rotisserie", "target": "val_00022454"}, {"source": "rotisserie", "target": "val_00038108"}, {"source": "soup_bowl", "target": "val_00002947"}, {"source": "soup_bowl", "target": "val_00004525"}, {"source": "soup_bowl", "target": "val_00004837"}, {"source": "soup_bowl", "target": "val_00008845"}, {"source": "soup_bowl", "target": "val_00017886"}, {"source": "soup_bowl", "target": "val_00018486"}, {"source": "soup_bowl", "target": "val_00022583"}, {"source": "soup_bowl", "target": "val_00026342"}, {"source": "soup_bowl", "target": "val_00031469"}, {"source": "spatula", "target": "val_00008845"}, {"source": "spatula", "target": "val_00025541"}, {"source": "stove", "target": "val_00010868"}, {"source": "stove", "target": "val_00025541"}, {"source": "stove", "target": "val_00047825"}, {"source": "val_00002947", "target": "caldron"}, {"source": "val_00002947", "target": "frying_pan"}, {"source": "val_00002947", "target": "hot_pot"}, {"source": "val_00002947", "target": "mixing_bowl"}, {"source": "val_00002947", "target": "spatula"}, {"source": "val_00002947", "target": "wok"}, {"source": "val_00002947", "target": "wooden_spoon"}, {"source": "val_00004000", "target": "Crock_Pot"}, {"source": "val_00004000", "target": "Dutch_oven"}, {"source": "val_00004000", "target": "caldron"}, {"source": "val_00004000", "target": "consomme"}, {"source": "val_00004000", "target": "frying_pan"}, {"source": "val_00004000", "target": "hot_pot"}, {"source": "val_00004000", "target": "ladle"}, {"source": "val_00004000", "target": "stove"}, {"source": "val_00004000", "target": "waffle_iron"}, {"source": "val_00004000", "target": "wok"}, {"source": "val_00004525", "target": "caldron"}, {"source": "val_00004525", "target": "frying_pan"}, {"source": "val_00004525", "target": "hot_pot"}, {"source": "val_00004525", "target": "wok"}, {"source": "val_00004837", "target": "Crock_Pot"}, {"source": "val_00004837", "target": "Dutch_oven"}, {"source": "val_00004837", "target": "caldron"}, {"source": "val_00004837", "target": "carbonara"}, {"source": "val_00004837", "target": "frying_pan"}, {"source": "val_00004837", "target": "wok"}, {"source": "val_00005374", "target": "dishwasher"}, {"source": "val_00005374", "target": "frying_pan"}, {"source": "val_00005374", "target": "microwave"}, {"source": "val_00005374", "target": "mixing_bowl"}, {"source": "val_00005374", "target": "spatula"}, {"source": "val_00005374", "target": "washer"}, {"source": "val_00005374", "target": "wooden_spoon"}, {"source": "val_00009880", "target": "ladle"}, {"source": "val_00009880", "target": "spatula"}, {"source": "val_00009880", "target": "wooden_spoon"}, {"source": "val_00010868", "target": "wok"}, {"source": "val_00017886", "target": "caldron"}, {"source": "val_00017886", "target": "consomme"}, {"source": "val_00017886", "target": "frying_pan"}, {"source": "val_00017886", "target": "wok"}, {"source": "val_00018486", "target": "wok"}, {"source": "val_00020891", "target": "Crock_Pot"}, {"source": "val_00020891", "target": "caldron"}, {"source": "val_00020891", "target": "dishwasher"}, {"source": "val_00020891", "target": "mixing_bowl"}, {"source": "val_00020891", "target": "washer"}, {"source": "val_00022454", "target": "microwave"}, {"source": "val_00022454", "target": "stove"}, {"source": "val_00022454", "target": "waffle_iron"}, {"source": "val_00022454", "target": "wok"}, {"source": "val_00022583", "target": "microwave"}, {"source": "val_00022583", "target": "mixing_bowl"}, {"source": "val_00022583", "target": "waffle_iron"}, {"source": "val_00026342", "target": "wok"}, {"source": "val_00031469", "target": "caldron"}, {"source": "val_00031469", "target": "consomme"}, {"source": "val_00031469", "target": "mixing_bowl"}, {"source": "val_00031469", "target": "spatula"}, {"source": "val_00031469", "target": "wooden_spoon"}, {"source": "val_00033430", "target": "frying_pan"}, {"source": "val_00033430", "target": "spatula"}, {"source": "val_00033430", "target": "wok"}, {"source": "val_00033430", "target": "wooden_spoon"}, {"source": "val_00038108", "target": "dishwasher"}, {"source": "val_00038108", "target": "microwave"}, {"source": "val_00038108", "target": "spatula"}, {"source": "val_00038108", "target": "stove"}, {"source": "val_00038108", "target": "wok"}, {"source": "val_00040118", "target": "spatula"}, {"source": "val_00040118", "target": "wooden_spoon"}, {"source": "waffle_iron", "target": "val_00008845"}, {"source": "washer", "target": "val_00025541"}, {"source": "wooden_spoon", "target": "val_00008845"}, {"source": "wooden_spoon", "target": "val_00026342"}]}