{"nodes": [{"id": "val_00011586", "group": 1.0, "part": 0, "shape": "circle"}, {"id": "English_foxhound", "group": 4.0, "part": 0, "shape": "circle"}, {"id": "Brittany_spaniel", "group": 4.0, "part": 0, "shape": "circle"}, {"id": "vizsla", "group": 4.0, "part": 0, "shape": "circle"}, {"id": "val_00006505", "group": 1.0, "part": 0, "shape": "circle"}], "links": [{"source": "Brittany_spaniel", "target": "val_00006505"}, {"source": "English_foxhound", "target": "val_00006505"}, {"source": "val_00011586", "target": "Brittany_spaniel"}, {"source": "val_00011586", "target": "English_foxhound"}, {"source": "val_00011586", "target": "vizsla"}, {"source": "vizsla", "target": "val_00006505"}]}