{"nodes": [{"id": "Maltese_dog", "group": 4.0, "part": 0, "shape": "circle"}, {"id": "val_00002683", "group": 1.0, "part": 0, "shape": "circle"}, {"id": "Shih-Tzu", "group": 4.0, "part": 0, "shape": "circle"}, {"id": "soft-coated_wheaten_terrier", "group": 4.0, "part": 0, "shape": "circle"}, {"id": "val_00021058", "group": 1.0, "part": 0, "shape": "circle"}, {"id": "West_Highland_white_terrier", "group": 4.0, "part": 0, "shape": "circle"}, {"id": "briard", "group": 4.0, "part": 0, "shape": "circle"}, {"id": "cairn", "group": 4.0, "part": 0, "shape": "circle"}, {"id": "val_00049190", "group": 1.0, "part": 0, "shape": "circle"}, {"id": "Lhasa", "group": 4.0, "part": 0, "shape": "circle"}, {"id": "Norfolk_terrier", "group": 4.0, "part": 2, "shape": "circle"}, {"id": "val_00006698", "group": 1.0, "part": 2, "shape": "circle"}, {"id": "val_00009250", "group": 1.0, "part": 2, "shape": "circle"}, {"id": "Tibetan_terrier", "group": 4.0, "part": 2, "shape": "circle"}, {"id": "Australian_terrier", "group": 4.0, "part": 2, "shape": "circle"}, {"id": "val_00001997", "group": 1.0, "part": 2, "shape": "circle"}, {"id": "Yorkshire_terrier", "group": 4.0, "part": 2, "shape": "circle"}, {"id": "toy_poodle", "group": 4.0, "part": 3, "shape": "circle"}, {"id": "curly-coated_retriever", "group": 4.0, "part": 3, "shape": "circle"}, {"id": "Irish_water_spaniel", "group": 4.0, "part": 3, "shape": "circle"}, {"id": "Dandie_Dinmont", "group": 4.0, "part": 3, "shape": "circle"}, {"id": "val_00037250", "group": 1.0, "part": 3, "shape": "circle"}, {"id": "miniature_poodle", "group": 4.0, "part": 3, "shape": "circle"}, {"id": "val_00048075", "group": 1.0, "part": 3, "shape": "circle"}, {"id": "val_00008558", "group": 1.0, "part": 3, "shape": "circle"}, {"id": "val_00025353", "group": 1.0, "part": 3, "shape": "circle"}, {"id": "standard_poodle", "group": 4.0, "part": 3, "shape": "circle"}, {"id": "Afghan_hound", "group": 4.0, "part": 3, "shape": "circle"}, {"id": "Sussex_spaniel", "group": 4.0, "part": 3, "shape": "circle"}, {"id": "val_00030920", "group": 1.0, "part": 3, "shape": "circle"}, {"id": "komondor", "group": 4.0, "part": 3, "shape": "circle"}, {"id": "Bedlington_terrier", "group": 4.0, "part": 3, "shape": "circle"}, {"id": "val_00029435", "group": 1.0, "part": 4, "shape": "circle"}, {"id": "standard_schnauzer", "group": 4.0, "part": 4, "shape": "circle"}, {"id": "Kerry_blue_terrier", "group": 4.0, "part": 4, "shape": "circle"}, {"id": "affenpinscher", "group": 4.0, "part": 4, "shape": "circle"}, {"id": "val_00026283", "group": 1.0, "part": 4, "shape": "circle"}, {"id": "miniature_schnauzer", "group": 4.0, "part": 4, "shape": "circle"}, {"id": "giant_schnauzer", "group": 4.0, "part": 4, "shape": "circle"}, {"id": "val_00028518", "group": 1.0, "part": 4, "shape": "circle"}, {"id": "Irish_terrier", "group": 4.0, "part": 4, "shape": "circle"}, {"id": "val_00032381", "group": 1.0, "part": 4, "shape": "circle"}, {"id": "Bouvier_des_Flandres", "group": 4.0, "part": 4, "shape": "circle"}, {"id": "Blenheim_spaniel", "group": 4.0, "part": 1, "shape": "circle"}, {"id": "keeshond", "group": 4.0, "part": 1, "shape": "circle"}, {"id": "val_00012888", "group": 1.0, "part": 1, "shape": "circle"}, {"id": "Japanese_spaniel", "group": 4.0, "part": 1, "shape": "circle"}, {"id": "Pekinese", "group": 4.0, "part": 1, "shape": "circle"}, {"id": "val_00036267", "group": 1.0, "part": 1, "shape": "circle"}, {"id": "Pomeranian", "group": 4.0, "part": 1, "shape": "circle"}, {"id": "val_00043776", "group": 1.0, "part": 1, "shape": "circle"}, {"id": "val_00007111", "group": 1.0, "part": 1, "shape": "circle"}, {"id": "Chihuahua", "group": 4.0, "part": 1, "shape": "circle"}, {"id": "papillon", "group": 4.0, "part": 1, "shape": "circle"}, {"id": "Sealyham_terrier", "group": 4.0, "part": 5, "shape": "circle"}, {"id": "Airedale", "group": 4.0, "part": 5, "shape": "circle"}, {"id": "Norwich_terrier", "group": 4.0, "part": 5, "shape": "circle"}, {"id": "val_00043476", "group": 1.0, "part": 5, "shape": "circle"}, {"id": "silky_terrier", "group": 4.0, "part": 5, "shape": "circle"}, {"id": "Border_terrier", "group": 4.0, "part": 5, "shape": "circle"}, {"id": "wire-haired_fox_terrier", "group": 4.0, "part": 5, "shape": "circle"}, {"id": "val_00039927", "group": 1.0, "part": 5, "shape": "circle"}, {"id": "val_00037891", "group": 1.0, "part": 5, "shape": "circle"}, {"id": "Lakeland_terrier", "group": 4.0, "part": 5, "shape": "circle"}], "links": [{"source": "Airedale", "target": "val_00039927"}, {"source": "Airedale", "target": "val_00043476"}, {"source": "Australian_terrier", "target": "val_00001997"}, {"source": "Australian_terrier", "target": "val_00012888"}, {"source": "Australian_terrier", "target": "val_00037891"}, {"source": "Blenheim_spaniel", "target": "val_00008558"}, {"source": "Blenheim_spaniel", "target": "val_00036267"}, {"source": "Border_terrier", "target": "val_00037891"}, {"source": "Border_terrier", "target": "val_00039927"}, {"source": "Bouvier_des_Flandres", "target": "val_00030920"}, {"source": "Dandie_Dinmont", "target": "val_00008558"}, {"source": "Irish_terrier", "target": "val_00032381"}, {"source": "Irish_terrier", "target": "val_00037891"}, {"source": "Irish_terrier", "target": "val_00039927"}, {"source": "Irish_terrier", "target": "val_00049190"}, {"source": "Irish_water_spaniel", "target": "val_00008558"}, {"source": "Irish_water_spaniel", "target": "val_00025353"}, {"source": "Irish_water_spaniel", "target": "val_00030920"}, {"source": "Irish_water_spaniel", "target": "val_00037250"}, {"source": "Japanese_spaniel", "target": "val_00007111"}, {"source": "Japanese_spaniel", "target": "val_00036267"}, {"source": "Japanese_spaniel", "target": "val_00043776"}, {"source": "Kerry_blue_terrier", "target": "val_00025353"}, {"source": "Kerry_blue_terrier", "target": "val_00026283"}, {"source": "Kerry_blue_terrier", "target": "val_00028518"}, {"source": "Kerry_blue_terrier", "target": "val_00039927"}, {"source": "Maltese_dog", "target": "val_00002683"}, {"source": "Maltese_dog", "target": "val_00049190"}, {"source": "Norfolk_terrier", "target": "val_00001997"}, {"source": "Norfolk_terrier", "target": "val_00006698"}, {"source": "Norfolk_terrier", "target": "val_00009250"}, {"source": "Norfolk_terrier", "target": "val_00021058"}, {"source": "Norfolk_terrier", "target": "val_00037891"}, {"source": "Norwich_terrier", "target": "val_00001997"}, {"source": "Norwich_terrier", "target": "val_00021058"}, {"source": "Norwich_terrier", "target": "val_00037891"}, {"source": "Norwich_terrier", "target": "val_00039927"}, {"source": "Pekinese", "target": "val_00007111"}, {"source": "Pekinese", "target": "val_00043776"}, {"source": "Pomeranian", "target": "val_00007111"}, {"source": "Pomeranian", "target": "val_00043776"}, {"source": "Sealyham_terrier", "target": "val_00043476"}, {"source": "Shih-Tzu", "target": "val_00007111"}, {"source": "Shih-Tzu", "target": "val_00009250"}, {"source": "Shih-Tzu", "target": "val_00021058"}, {"source": "Shih-Tzu", "target": "val_00036267"}, {"source": "Shih-Tzu", "target": "val_00049190"}, {"source": "Sussex_spaniel", "target": "val_00030920"}, {"source": "Tibetan_terrier", "target": "val_00021058"}, {"source": "Tibetan_terrier", "target": "val_00036267"}, {"source": "Tibetan_terrier", "target": "val_00037250"}, {"source": "Tibetan_terrier", "target": "val_00043776"}, {"source": "Tibetan_terrier", "target": "val_00049190"}, {"source": "affenpinscher", "target": "val_00001997"}, {"source": "affenpinscher", "target": "val_00025353"}, {"source": "affenpinscher", "target": "val_00026283"}, {"source": "affenpinscher", "target": "val_00049190"}, {"source": "briard", "target": "val_00028518"}, {"source": "briard", "target": "val_00030920"}, {"source": "briard", "target": "val_00049190"}, {"source": "cairn", "target": "val_00037891"}, {"source": "cairn", "target": "val_00049190"}, {"source": "curly-coated_retriever", "target": "val_00025353"}, {"source": "curly-coated_retriever", "target": "val_00030920"}, {"source": "giant_schnauzer", "target": "val_00028518"}, {"source": "giant_schnauzer", "target": "val_00030920"}, {"source": "giant_schnauzer", "target": "val_00032381"}, {"source": "keeshond", "target": "val_00043776"}, {"source": "miniature_poodle", "target": "val_00008558"}, {"source": "miniature_poodle", "target": "val_00025353"}, {"source": "miniature_schnauzer", "target": "val_00028518"}, {"source": "miniature_schnauzer", "target": "val_00032381"}, {"source": "miniature_schnauzer", "target": "val_00039927"}, {"source": "silky_terrier", "target": "val_00039927"}, {"source": "soft-coated_wheaten_terrier", "target": "val_00021058"}, {"source": "soft-coated_wheaten_terrier", "target": "val_00028518"}, {"source": "soft-coated_wheaten_terrier", "target": "val_00039927"}, {"source": "soft-coated_wheaten_terrier", "target": "val_00048075"}, {"source": "soft-coated_wheaten_terrier", "target": "val_00049190"}, {"source": "standard_schnauzer", "target": "val_00028518"}, {"source": "standard_schnauzer", "target": "val_00032381"}, {"source": "toy_poodle", "target": "val_00001997"}, {"source": "toy_poodle", "target": "val_00002683"}, {"source": "toy_poodle", "target": "val_00008558"}, {"source": "toy_poodle", "target": "val_00025353"}, {"source": "toy_poodle", "target": "val_00037250"}, {"source": "val_00001997", "target": "Chihuahua"}, {"source": "val_00001997", "target": "Yorkshire_terrier"}, {"source": "val_00002683", "target": "Lhasa"}, {"source": "val_00002683", "target": "Pomeranian"}, {"source": "val_00002683", "target": "Shih-Tzu"}, {"source": "val_00002683", "target": "West_Highland_white_terrier"}, {"source": "val_00002683", "target": "papillon"}, {"source": "val_00006698", "target": "Afghan_hound"}, {"source": "val_00006698", "target": "Australian_terrier"}, {"source": "val_00006698", "target": "Tibetan_terrier"}, {"source": "val_00006698", "target": "Yorkshire_terrier"}, {"source": "val_00006698", "target": "briard"}, {"source": "val_00006698", "target": "cairn"}, {"source": "val_00006698", "target": "silky_terrier"}, {"source": "val_00007111", "target": "Chihuahua"}, {"source": "val_00007111", "target": "papillon"}, {"source": "val_00008558", "target": "Sussex_spaniel"}, {"source": "val_00008558", "target": "standard_poodle"}, {"source": "val_00009250", "target": "Australian_terrier"}, {"source": "val_00009250", "target": "Lhasa"}, {"source": "val_00009250", "target": "Pekinese"}, {"source": "val_00009250", "target": "Tibetan_terrier"}, {"source": "val_00009250", "target": "Yorkshire_terrier"}, {"source": "val_00009250", "target": "silky_terrier"}, {"source": "val_00012888", "target": "Chihuahua"}, {"source": "val_00012888", "target": "Irish_terrier"}, {"source": "val_00012888", "target": "miniature_poodle"}, {"source": "val_00012888", "target": "papillon"}, {"source": "val_00021058", "target": "Irish_terrier"}, {"source": "val_00021058", "target": "Lhasa"}, {"source": "val_00021058", "target": "briard"}, {"source": "val_00021058", "target": "cairn"}, {"source": "val_00021058", "target": "miniature_poodle"}, {"source": "val_00025353", "target": "Afghan_hound"}, {"source": "val_00025353", "target": "Sussex_spaniel"}, {"source": "val_00025353", "target": "standard_poodle"}, {"source": "val_00026283", "target": "Bouvier_des_Flandres"}, {"source": "val_00026283", "target": "Lakeland_terrier"}, {"source": "val_00026283", "target": "Norwich_terrier"}, {"source": "val_00026283", "target": "briard"}, {"source": "val_00026283", "target": "giant_schnauzer"}, {"source": "val_00028518", "target": "Bouvier_des_Flandres"}, {"source": "val_00028518", "target": "Irish_terrier"}, {"source": "val_00029435", "target": "Airedale"}, {"source": "val_00029435", "target": "Bouvier_des_Flandres"}, {"source": "val_00029435", "target": "Irish_terrier"}, {"source": "val_00029435", "target": "Kerry_blue_terrier"}, {"source": "val_00029435", "target": "Lakeland_terrier"}, {"source": "val_00029435", "target": "affenpinscher"}, {"source": "val_00029435", "target": "giant_schnauzer"}, {"source": "val_00029435", "target": "miniature_schnauzer"}, {"source": "val_00029435", "target": "standard_schnauzer"}, {"source": "val_00029435", "target": "wire-haired_fox_terrier"}, {"source": "val_00036267", "target": "Chihuahua"}, {"source": "val_00036267", "target": "Pomeranian"}, {"source": "val_00036267", "target": "Sussex_spaniel"}, {"source": "val_00036267", "target": "papillon"}, {"source": "val_00037250", "target": "Bedlington_terrier"}, {"source": "val_00037250", "target": "Sussex_spaniel"}, {"source": "val_00037250", "target": "miniature_poodle"}, {"source": "val_00037250", "target": "standard_poodle"}, {"source": "val_00037891", "target": "Lakeland_terrier"}, {"source": "val_00039927", "target": "Lakeland_terrier"}, {"source": "val_00043476", "target": "Australian_terrier"}, {"source": "val_00043476", "target": "Dandie_Dinmont"}, {"source": "val_00043476", "target": "Lakeland_terrier"}, {"source": "val_00043476", "target": "Sussex_spaniel"}, {"source": "val_00043476", "target": "Yorkshire_terrier"}, {"source": "val_00043476", "target": "silky_terrier"}, {"source": "val_00043476", "target": "wire-haired_fox_terrier"}, {"source": "val_00043776", "target": "Chihuahua"}, {"source": "val_00043776", "target": "Sussex_spaniel"}, {"source": "val_00043776", "target": "papillon"}, {"source": "val_00048075", "target": "Irish_terrier"}, {"source": "val_00048075", "target": "Lakeland_terrier"}, {"source": "val_00048075", "target": "komondor"}, {"source": "val_00048075", "target": "standard_poodle"}, {"source": "val_00049190", "target": "Lhasa"}, {"source": "wire-haired_fox_terrier", "target": "val_00012888"}, {"source": "wire-haired_fox_terrier", "target": "val_00032381"}, {"source": "wire-haired_fox_terrier", "target": "val_00037891"}, {"source": "wire-haired_fox_terrier", "target": "val_00039927"}, {"source": "wire-haired_fox_terrier", "target": "val_00048075"}]}