{"bannister": "/img/None", "turnstile": "/img/None", "balance_beam": "/img/None", "val_00022562": "/img/ILSVRC2012_val_00022562.JPEG", "val_00019839": "/img/ILSVRC2012_val_00019839.JPEG", "val_00005337": "/img/ILSVRC2012_val_00005337.JPEG", "parallel_bars": "/img/None", "barbell": "/img/None", "val_00004312": "/img/ILSVRC2012_val_00004312.JPEG", "val_00046478": "/img/ILSVRC2012_val_00046478.JPEG", "horizontal_bar": "/img/None", "pole": "/img/None", "swing": "/img/None", "lumbermill": "/img/None", "val_00049222": "/img/ILSVRC2012_val_00049222.JPEG"}