{"nodes": [{"id": "castle", "group": 4.0, "part": 2, "shape": "circle"}, {"id": "cliff_dwelling", "group": 4.0, "part": 2, "shape": "circle"}, {"id": "val_00039019", "group": 1.0, "part": 2, "shape": "circle"}, {"id": "volcano", "group": 4.0, "part": 2, "shape": "circle"}, {"id": "val_00008911", "group": 1.0, "part": 2, "shape": "circle"}, {"id": "megalith", "group": 4.0, "part": 2, "shape": "circle"}, {"id": "lakeside", "group": 4.0, "part": 1, "shape": "circle"}, {"id": "val_00014932", "group": 1.0, "part": 1, "shape": "circle"}, {"id": "promontory", "group": 4.0, "part": 1, "shape": "circle"}, {"id": "val_00003866", "group": 1.0, "part": 1, "shape": "circle"}, {"id": "cliff", "group": 4.0, "part": 1, "shape": "circle"}, {"id": "val_00024070", "group": 1.0, "part": 3, "shape": "circle"}, {"id": "alp", "group": 4.0, "part": 3, "shape": "circle"}, {"id": "mountain_tent", "group": 4.0, "part": 3, "shape": "circle"}, {"id": "reel", "group": 4.0, "part": 0, "shape": "circle"}, {"id": "val_00025826", "group": 1.0, "part": 0, "shape": "circle"}, {"id": "valley", "group": 4.0, "part": 0, "shape": "circle"}, {"id": "barracouta", "group": 4.0, "part": 0, "shape": "circle"}], "links": [{"source": "castle", "target": "val_00008911"}, {"source": "cliff_dwelling", "target": "val_00008911"}, {"source": "cliff_dwelling", "target": "val_00014932"}, {"source": "cliff_dwelling", "target": "val_00039019"}, {"source": "lakeside", "target": "val_00003866"}, {"source": "lakeside", "target": "val_00014932"}, {"source": "lakeside", "target": "val_00024070"}, {"source": "lakeside", "target": "val_00025826"}, {"source": "lakeside", "target": "val_00039019"}, {"source": "promontory", "target": "val_00003866"}, {"source": "promontory", "target": "val_00008911"}, {"source": "reel", "target": "val_00025826"}, {"source": "val_00003866", "target": "cliff"}, {"source": "val_00008911", "target": "megalith"}, {"source": "val_00014932", "target": "alp"}, {"source": "val_00014932", "target": "cliff"}, {"source": "val_00014932", "target": "promontory"}, {"source": "val_00014932", "target": "valley"}, {"source": "val_00024070", "target": "alp"}, {"source": "val_00024070", "target": "cliff"}, {"source": "val_00024070", "target": "megalith"}, {"source": "val_00024070", "target": "mountain_tent"}, {"source": "val_00024070", "target": "valley"}, {"source": "val_00024070", "target": "volcano"}, {"source": "val_00025826", "target": "barracouta"}, {"source": "val_00025826", "target": "valley"}, {"source": "val_00039019", "target": "alp"}, {"source": "val_00039019", "target": "cliff"}, {"source": "val_00039019", "target": "megalith"}, {"source": "val_00039019", "target": "promontory"}, {"source": "val_00039019", "target": "valley"}, {"source": "val_00039019", "target": "volcano"}]}