{"nodes": [{"id": "motor_scooter", "group": 4.0, "part": 0, "shape": "circle"}, {"id": "abaya", "group": 4.0, "part": 0, "shape": "circle"}, {"id": "val_00000232", "group": 1.0, "part": 0, "shape": "circle"}, {"id": "bobsled", "group": 4.0, "part": 0, "shape": "circle"}, {"id": "snowmobile", "group": 4.0, "part": 0, "shape": "circle"}], "links": [{"source": "abaya", "target": "val_00000232"}, {"source": "motor_scooter", "target": "val_00000232"}, {"source": "val_00000232", "target": "bobsled"}, {"source": "val_00000232", "target": "snowmobile"}]}