{"nodes": [{"id": "jackfruit", "group": 4.0, "part": 2, "shape": "circle"}, {"id": "val_00034209", "group": 1.0, "part": 2, "shape": "circle"}, {"id": "tennis_ball", "group": 4.0, "part": 2, "shape": "circle"}, {"id": "toy_terrier", "group": 4.0, "part": 1, "shape": "circle"}, {"id": "val_00019261", "group": 1.0, "part": 1, "shape": "circle"}, {"id": "val_00008194", "group": 1.0, "part": 1, "shape": "circle"}, {"id": "Boston_bull", "group": 4.0, "part": 1, "shape": "circle"}, {"id": "boxer", "group": 4.0, "part": 0, "shape": "circle"}, {"id": "val_00033726", "group": 1.0, "part": 0, "shape": "circle"}, {"id": "French_bulldog", "group": 4.0, "part": 0, "shape": "circle"}, {"id": "val_00032262", "group": 1.0, "part": 0, "shape": "circle"}], "links": [{"source": "French_bulldog", "target": "val_00008194"}, {"source": "French_bulldog", "target": "val_00032262"}, {"source": "French_bulldog", "target": "val_00034209"}, {"source": "boxer", "target": "val_00019261"}, {"source": "boxer", "target": "val_00032262"}, {"source": "boxer", "target": "val_00033726"}, {"source": "boxer", "target": "val_00034209"}, {"source": "jackfruit", "target": "val_00034209"}, {"source": "toy_terrier", "target": "val_00008194"}, {"source": "toy_terrier", "target": "val_00019261"}, {"source": "toy_terrier", "target": "val_00033726"}, {"source": "toy_terrier", "target": "val_00034209"}, {"source": "val_00008194", "target": "Boston_bull"}, {"source": "val_00008194", "target": "tennis_ball"}, {"source": "val_00019261", "target": "Boston_bull"}, {"source": "val_00019261", "target": "French_bulldog"}, {"source": "val_00032262", "target": "Boston_bull"}, {"source": "val_00033726", "target": "Boston_bull"}, {"source": "val_00033726", "target": "French_bulldog"}, {"source": "val_00034209", "target": "Boston_bull"}, {"source": "val_00034209", "target": "tennis_ball"}]}