{"nodes": [{"id": "little_blue_heron", "group": 4.0, "part": 0, "shape": "circle"}, {"id": "limpkin", "group": 4.0, "part": 0, "shape": "circle"}, {"id": "bald_eagle", "group": 4.0, "part": 0, "shape": "circle"}, {"id": "val_00036052", "group": 1.0, "part": 0, "shape": "circle"}, {"id": "American_egret", "group": 4.0, "part": 0, "shape": "circle"}], "links": [{"source": "bald_eagle", "target": "val_00036052"}, {"source": "limpkin", "target": "val_00036052"}, {"source": "little_blue_heron", "target": "val_00036052"}, {"source": "val_00036052", "target": "American_egret"}]}